0,3,0.768,-0,0.13,0.63,93.43,12.12,9.61,-0,0.01,-0,4.09,-1.22,0.31,-0.92,-0.21,0.17,0.96
0.0047,0,-0.06,0.05,0.09,0.99,200.4,-6.65,9.46,0,-0.01,0.01,4.09,2.29,1.53,0,0.11,0.16,0.99
0.0063,5,-0.914,-0.05,-0.14,-0.38,60.25,12.58,12.04,-0.01,0,0.01,4.09,0,-1.07,-0.46,-0.23,0.21,0.96
0.0851,1,-0.017,0.06,0.03,1,195.77,-7.16,3,0,-0.01,0.02,4.09,0.76,0.15,1.98,0.12,0.04,1.01
0.0871,4,0.898,-0.14,0.16,-0.39,325.46,10.05,-22.3,0,0,0.01,4.09,0.31,0,0.76,-0.17,-0.38,0.92
0.091,7,0.984,0.06,-0.07,0.15,31.25,-8.73,6.18,0,-0,-0,4.09,-0.46,1.22,1.98,0.15,0.11,0.98
0.0926,6,-0.994,-0.07,0.04,-0.07,22.18,-4.86,7.79,0.01,-0,0,4.09,-2.14,-0.46,2.59,0.09,0.14,0.99
0.0963,2,0.717,-0.05,0.17,-0.68,285.97,9.59,-17.79,0,-0,0,4.09,0.31,-1.37,1.68,-0.17,-0.3,0.94
0.0979,3,0.769,-0,0.13,0.63,93.27,12.14,9.52,0.01,0,-0,4.09,0,-0.92,0.31,-0.21,0.15,0.96
0.1021,0,-0.061,0.05,0.09,0.99,200.49,-6.49,9.62,0,0,0.01,4.09,0.76,0.46,0.92,0.11,0.17,0.99
0.1037,5,-0.914,-0.05,-0.14,-0.38,60.32,12.51,11.92,-0.01,-0,0.01,4.09,0.15,0,2.44,-0.22,0.21,0.96
0.1846,1,-0.019,0.06,0.03,1,196.01,-7.12,3.04,-0,-0.01,0.02,4.09,1.22,0.46,2.75,0.13,0.04,1.01
0.1867,4,0.898,-0.14,0.16,-0.39,325.59,9.97,-22.28,-0,0,0,4.09,0.31,0,0.46,-0.17,-0.38,0.91
0.1904,7,0.984,0.06,-0.07,0.15,31.5,-8.65,6.1,0,0,-0,4.09,-0.61,1.37,3.36,0.15,0.1,0.98
0.192,6,-0.994,-0.07,0.04,-0.07,22.28,-4.9,7.61,-0.01,-0.01,0.01,4.09,-2.29,3.36,0.31,0.07,0.15,0.99
0.1956,2,0.719,-0.05,0.17,-0.67,286.28,9.5,-17.72,0.02,0,0.01,4.09,0.15,-0.31,0.76,-0.17,-0.29,0.95
0.1972,3,0.768,-0,0.13,0.63,93.45,12.08,9.51,-0.01,-0.01,-0,4.09,-0.61,-1.22,0,-0.2,0.17,0.96
0.2015,0,-0.061,0.05,0.09,0.99,200.51,-6.44,9.61,0,0,0,4.09,-0.46,0.15,-0.15,0.11,0.17,0.98
0.2035,5,-0.913,-0.05,-0.14,-0.38,60.52,12.42,12.06,-0.01,-0.01,0,4.09,-0.31,-1.07,1.68,-0.21,0.21,0.96
0.2832,1,-0.02,0.06,0.03,1,196.21,-7.08,2.95,-0,0,0.02,4.09,0.31,1.37,2.9,0.13,0.06,1.01
0.2851,4,0.898,-0.14,0.16,-0.39,325.56,9.98,-22.28,0,0,-0,4.09,0.76,-1.53,-0.31,-0.17,-0.37,0.91
0.2892,7,0.983,0.06,-0.07,0.16,31.9,-8.64,5.98,-0.01,-0.01,-0.01,4.09,-1.07,0.31,2.75,0.15,0.11,0.98
0.291,6,-0.994,-0.07,0.03,-0.07,22.32,-4.24,7.41,-0,-0.01,0.02,4.09,-2.9,10.07,-3.97,0.07,0.15,1
0.2949,2,0.719,-0.05,0.16,-0.67,286.37,9.53,-17.63,0.01,0,0,4.09,-0.31,-0.15,0.31,-0.17,-0.29,0.94
0.2965,3,0.768,-0,0.13,0.63,93.41,11.85,9.45,-0,-0.01,0,4.09,-2.14,-2.29,-2.29,-0.19,0.17,0.97
0.301,0,-0.061,0.05,0.09,0.99,200.5,-6.39,9.53,-0,0,0,4.09,-0.31,0,0.46,0.11,0.16,0.99
0.3028,5,-0.912,-0.05,-0.14,-0.38,60.7,12.19,11.96,-0.01,-0.02,0.01,4.09,-1.22,-2.9,0.61,-0.2,0.23,0.97
0.4026,1,-0.022,0.06,0.03,1,196.44,-6.96,3.08,0,0,0.01,4.09,0,0.61,0,0.12,0.06,1.01
0.4043,4,0.899,-0.14,0.16,-0.39,325.65,9.84,-22.2,-0.02,-0.06,-0.01,4.09,-0.46,0.92,-5.95,-0.23,-0.34,0.91
0.408,7,0.983,0.06,-0.07,0.16,32.07,-8.62,5.82,-0.01,0,-0.01,4.09,-1.98,-0.15,0.31,0.14,0.1,0.98
0.4095,6,-0.995,-0.06,0.02,-0.07,21.98,-2.98,7,-0,0.02,0.02,4.09,-5.49,16.78,-2.29,0.06,0.11,1.02
0.4131,2,0.72,-0.05,0.16,-0.67,286.54,9.52,-17.6,0,-0,0,4.09,0.15,0.46,1.53,-0.17,-0.29,0.94
0.4147,3,0.77,-0,0.13,0.63,93.18,11.63,9.16,-0.01,-0.02,0.01,4.09,-5.34,-0.15,-5.34,-0.19,0.18,0.99
0.419,0,-0.061,0.05,0.09,0.99,200.58,-6.36,9.49,-0,-0.01,0.01,4.09,-0.61,1.68,-0.76,0.12,0.16,1
0.4206,5,-0.913,-0.05,-0.13,-0.38,60.65,11.76,11.95,0.01,-0.03,0.01,4.09,-0.61,-3.97,-2.9,-0.18,0.22,0.97
0.5007,1,-0.022,0.06,0.03,1,196.36,-6.75,3.06,0.01,0,0.02,4.09,-0.31,1.68,-2.14,0.11,0.05,1.01
0.5034,4,0.895,-0.14,0.16,-0.39,324.64,10.02,-22.52,-0.03,-0.06,0.01,4.09,-0.92,4.58,-9.16,-0.24,-0.36,0.92
0.5083,7,0.983,0.06,-0.07,0.16,32.07,-8.7,5.58,-0.01,-0.03,0.01,4.09,-4.27,-1.68,-6.56,0.14,0.12,0.98
0.5099,6,-0.996,-0.06,0.01,-0.07,21.73,-1.41,6.52,0.1,0.03,0,4.09,-7.17,9.77,-3.36,0.13,0.06,1
0.5139,2,0.721,-0.05,0.16,-0.67,286.65,9.67,-17.5,-0.02,-0.01,0.01,4.09,2.14,0,2.75,-0.19,-0.31,0.94
0.5154,3,0.776,-0.01,0.12,0.62,92.06,11.88,7.98,-0.05,-0.03,-0,4.09,-18.31,2.75,-21.36,-0.19,0.19,0.95
0.5235,0,-0.064,0.05,0.09,0.99,200.9,-6.02,9.44,0,-0.04,0.02,4.09,-0.76,5.04,0.61,0.1,0.13,1
0.5256,5,-0.915,-0.06,-0.13,-0.38,60.04,11.14,11.67,-0,0.02,0,4.09,-3.97,-8.39,-4.12,-0.21,0.18,0.96
0.5596,1,-0.021,0.06,0.03,1,196.24,-6.52,3.07,0.02,-0.01,0.01,4.09,0,3.66,-4.58,0.1,0.04,1.01
0.5612,4,0.892,-0.14,0.16,-0.4,323.83,10.21,-22.55,-0.02,-0.02,-0.04,4.09,4.73,-0.46,-7.63,-0.2,-0.37,0.85
0.5661,7,0.984,0.06,-0.07,0.15,31.41,-8.61,5.26,-0.02,-0.01,0.02,4.09,-3.66,4.27,-7.63,0.13,0.11,1
0.5704,6,-0.996,-0.05,0,-0.07,22.47,-0.77,5.62,0.08,-0.04,-0.01,4.09,-8.85,11.29,14.34,0.1,0.13,0.98
0.5947,2,0.724,-0.05,0.16,-0.67,287.21,9.85,-17.07,-0.01,-0.03,-0.02,4.09,2.75,-1.68,5.95,-0.2,-0.3,0.92
0.5965,5,-0.916,-0.06,-0.12,-0.38,60.03,10.76,11.48,-0.07,0.05,-0.07,4.09,4.58,1.22,14.19,-0.26,0.2,0.87
0.6738,0,-0.065,0.04,0.08,0.99,201.13,-5.15,9.33,-0.02,-0.04,0.05,4.09,0,13.73,-2.14,0.11,0.13,1.03
0.6755,4,0.885,-0.14,0.16,-0.41,321.94,9.6,-22.77,-0.06,0.02,-0.13,4.09,-1.22,1.07,-38.3,-0.16,-0.39,0.77
0.6806,1,-0.02,0.06,0.03,1,196.19,-6.5,3.1,0.03,-0.03,0.01,4.09,1.53,-3.51,-1.83,0.08,0.03,1.01
0.6821,6,-0.994,-0.04,-0.01,-0.1,25.2,0.69,4.63,-0,0.06,-0,4.09,-10.22,24.41,39.37,-0.04,0.02,1
0.709,7,0.986,0.05,-0.06,0.15,30.77,-7.45,5.17,-0.03,0,0.02,4.09,-1.37,20.14,-9.16,0.11,0.1,1.02
0.7106,5,-0.91,-0.06,-0.13,-0.39,61.52,10.94,12.81,-0.09,0.05,-0.09,4.09,10.22,3.66,12.82,-0.27,0.23,0.84
0.7781,2,0.735,-0.05,0.16,-0.66,289.04,10.34,-16.68,-0.09,-0.03,0.03,4.09,4.43,5.49,28.08,-0.22,-0.38,0.94
0.7799,4,0.87,-0.14,0.16,-0.45,317.88,8.54,-22.66,-0.07,0.12,-0.09,4.09,18.77,6.41,-28.99,-0.08,-0.47,0.79
0.7851,0,-0.066,0.02,0.08,0.99,201.43,-2.78,9.23,-0.08,-0.04,0.07,4.09,0,41.35,0.92,0.13,0.13,1.06
0.787,6,-0.992,-0.03,-0.04,-0.12,27.94,3.72,4.22,-0.18,-0.03,0.07,4.09,4.88,44.86,-9.92,-0.21,0.14,1.04
0.8134,1,-0.019,0.06,0.03,1,196.1,-6.51,3.06,0.12,-0.06,0.03,4.09,-1.37,3.05,-1.53,-0.01,0,1.04
0.8151,5,-0.909,-0.07,-0.13,-0.39,61.74,10.77,13.22,-0.13,0.06,-0.12,4.09,-6.26,-5.19,-14.19,-0.3,0.23,0.78
0.8849,7,0.989,0.05,-0.02,0.14,29.7,-3.44,5.59,-0.09,-0.01,0.06,4.09,11.29,56.92,-23.8,-0.03,0.13,1.06
0.8875,4,0.864,-0.12,0.15,-0.46,315.93,8.9,-20.93,-0.11,0.1,-0.21,4.09,15.41,6.41,2.9,-0.09,-0.42,0.7
0.8936,2,0.755,-0.03,0.17,-0.63,292.36,12.23,-15.21,-0.09,0.01,-0.05,4.09,21.67,8.85,42.88,-0.21,-0.32,0.85
0.8954,6,-0.991,-0.04,-0.08,-0.1,26.42,8.77,5.02,-0.17,0.04,0.06,4.09,20.29,68.66,-16.48,-0.35,0.13,1
0.8996,0,-0.072,-0.03,0.08,0.99,202.56,2.52,9,-0.08,0.05,-0.03,4.09,-1.07,80.41,0.92,0.03,0.19,0.96
0.9017,5,-0.915,-0.06,-0.13,-0.38,59.97,10.58,12.32,-0.11,0.06,-0.22,4.09,-8.24,-7.63,-19.07,-0.26,0.19,0.7
0.9918,1,-0.021,0.04,0.02,1,196.33,-4.87,2.36,0.12,-0.07,0.03,4.09,-12.51,27.62,0.76,-0.02,-0.02,1.04
0.9939,4,0.868,-0.11,0.16,-0.46,316.71,10.46,-20.17,-0.01,0.07,-0.21,4.09,-6.1,14.8,16.33,-0.09,-0.31,0.73
1.0014,7,0.99,0.06,0.06,0.12,27.66,5.57,7.23,-0.01,0.19,0.18,4.09,19.99,121.46,-21.82,-0.14,-0.03,1.18
1.0042,3,0.842,-0.15,0.02,0.52,76.1,10.79,-13.11,0.05,0.06,-0.32,4.09,-17.24,2.44,-46.69,-0.14,-0.23,0.63
1.0102,2,0.771,0,0.16,-0.62,295.32,14.11,-11.17,-0.05,0.1,-0.13,4.09,40.74,20.45,23.65,-0.13,-0.25,0.84
1.0123,6,-0.986,-0.05,-0.14,-0.07,22.95,15.68,7.31,-0.01,0.06,-0.07,4.09,42.72,59.81,-64.39,-0.29,-0.04,0.88
1.0253,0,-0.077,-0.1,0.07,0.99,203.87,11.2,9.17,-0.08,0.09,-0.06,4.09,-2.14,104.68,-4.73,-0.13,0.21,0.91
1.0271,5,-0.925,-0.06,-0.12,-0.36,57.28,10.69,11.21,-0.08,0.05,-0.3,4.09,-3.66,1.37,-22.89,-0.22,0.14,0.65
1.0726,1,-0.019,0.02,0.01,1,196.16,-2.59,1.5,-0.06,0.19,-0.01,4.09,-4.43,21.36,-1.83,0.07,0.21,1
1.0743,4,0.866,-0.11,0.18,-0.45,316.41,12.44,-21.09,0.02,0.07,-0.22,4.09,-6.87,19.53,-0.46,-0.1,-0.29,0.71
1.0778,7,0.98,0.06,0.15,0.12,28.75,16.25,8.95,0.28,0.03,-0.18,4.09,13.73,86.67,17.09,0.05,0.04,0.84
1.0794,6,-0.974,-0.08,-0.21,-0.03,19.45,23.94,10.66,-0.11,0.08,-0.07,4.09,50.96,83.31,-25.94,-0.49,0.08,0.8
1.1073,2,0.781,0.04,0.14,-0.61,297.48,16.13,-6.55,-0.07,0.11,-0.05,4.09,27.47,12.36,21.51,-0.17,-0.19,0.93
1.109,5,-0.93,-0.05,-0.13,-0.34,55.51,11.94,10.1,0.01,-0.02,-0.07,4.09,-16.02,17.09,-9.77,-0.17,0.17,0.9
1.1915,0,-0.082,-0.2,0.06,0.97,205.56,22.63,9.69,-0.07,0.1,-0.1,4.09,-1.68,105.44,-13.12,-0.26,0.24,0.79
1.1933,4,0.861,-0.1,0.19,-0.46,315.35,13.76,-21.3,-0.01,0.07,-0.09,4.09,5.65,7.93,5.19,-0.18,-0.37,0.81
1.197,1,-0.016,0,0.02,1,195.82,-0.3,2.37,-0.04,0.14,-0.03,4.09,11.6,35.25,-3.81,0.02,0.15,0.93
1.1987,6,-0.952,-0.11,-0.29,0.01,17.29,33.16,14.26,0.19,0.11,-0.01,4.09,33.57,90.18,-9.92,-0.37,0.12,0.89
1.2028,7,0.974,0.07,0.19,0.1,28.25,20.56,10.84,0.09,-0.18,-0.28,4.09,39.06,12.36,-41.2,-0.13,0.21,0.67
1.2052,3,0.873,-0.13,0.03,0.47,69.61,9.7,-11.58,-0.02,-0.04,0.04,4.09,23.5,-16.63,-15.72,-0.17,-0.17,0.99
1.2097,2,0.796,0.07,0.13,-0.59,300.78,16.75,-3.01,0.04,0.03,-0.22,4.09,16.02,5.8,43.18,-0.17,-0,0.76
1.2112,5,-0.928,-0.02,-0.14,-0.35,55.93,13.97,8.39,0.07,-0.07,0.02,4.09,-11.75,26.25,22.28,-0.15,0.16,1
1.2919,0,-0.067,-0.29,0.05,0.95,204.86,32.55,9.55,0.02,0.08,-0.25,4.09,6.1,88.35,-34.48,-0.41,0.17,0.62
1.2936,4,0.859,-0.1,0.2,-0.46,314.86,14.08,-21.37,0.04,0.04,0.15,4.09,0.46,-0.76,0,-0.22,-0.39,1.06
1.2974,1,-0.005,-0.03,0.02,1,194.69,3.15,1.92,-0,0.05,-0.26,4.09,-10.38,39.83,-23.35,-0.04,0.06,0.77
1.299,3,0.887,-0.11,0.03,0.45,66.82,8.52,-10.23,0.06,-0.07,0.03,4.09,15.72,2.14,-33.87,-0.05,-0.19,1.02
1.3032,7,0.973,0.09,0.2,0.08,25.77,21.8,12.61,0.01,0.36,-0.12,4.09,9,3.51,8.54,-0.39,-0.22,0.84
1.3055,6,-0.924,-0.13,-0.36,0.01,19.84,41.92,18.06,-0.07,-0.07,0.07,4.09,20.6,91.55,-5.19,-0.8,0.32,0.7
1.3101,2,0.81,0.08,0.13,-0.57,304.04,17.98,-1.33,0.07,0.08,-0.24,4.09,6.56,13.28,5.49,-0.15,0,0.76
1.3118,5,-0.921,-0.02,-0.16,-0.36,57.64,16.02,8.59,0.05,-0.02,0.17,4.09,4.12,28.99,-2.44,-0.26,0.12,1.14
1.3699,0,-0.046,-0.37,0.04,0.93,203.01,42.42,8.52,0.03,-0.06,-0.23,4.09,-7.48,96.59,-25.02,-0.55,0.01,0.53
1.3722,4,0.852,-0.1,0.2,-0.47,313.17,14.36,-22.31,0.03,-0.09,0.26,4.09,-15.56,12.21,-21.21,-0.38,-0.39,1.15
1.3767,1,0.003,-0.05,0.01,1,193.81,5.68,1.3,0.01,0.02,-0.29,4.09,-2.59,21.36,-3.36,-0.07,-0.01,0.67
1.3783,6,-0.893,-0.14,-0.43,0.02,21.84,50.28,21.23,-0.03,0.07,-0.11,4.09,16.17,65.92,10.83,-0.74,0.21,0.58
1.4059,7,0.967,0.09,0.22,0.08,26.84,24.75,12.91,-0.2,-0.04,0.1,4.09,1.83,67.75,-2.59,-0.55,0.22,0.76
1.4076,5,-0.91,-0.02,-0.18,-0.37,60.23,18.53,10.63,0.14,-0.06,0.18,4.09,14.8,17.55,11.29,-0.22,0.17,1.17
1.5212,2,0.816,0.09,0.13,-0.56,305.52,18.33,0.12,-0.07,0.03,-0.19,4.09,-2.75,-4.58,46.23,-0.26,-0.06,0.77
1.5231,4,0.833,-0.12,0.22,-0.49,309.39,14.44,-25.38,0.13,-0.04,0.31,4.09,-13.73,9.92,2.14,-0.31,-0.41,1.22
1.5274,0,-0.04,-0.44,0.02,0.9,202.41,52.19,6.66,-0,-0.09,-0.12,4.09,-16.33,89.26,-7.93,-0.69,-0.03,0.51
1.529,6,-0.864,-0.15,-0.48,0.01,27.4,56.38,27.27,0.08,-0.03,0.03,4.09,15.87,56.92,0.61,-0.82,0.29,0.57
1.5331,1,0.003,-0.05,0.01,1,193.73,6.05,1.37,0,0.04,-0.04,4.09,8.85,-15.56,-1.37,-0.1,0.04,0.98
1.5347,3,0.9,-0.09,0.02,0.42,64.07,6.25,-8.99,0.09,-0.03,0.26,4.09,6.26,-4.88,-11.9,-0.06,-0.25,1.23
1.5415,7,0.952,0.08,0.29,0.08,27.36,32.07,13.61,0.12,0.06,0,4.09,-8.54,73.85,-11.75,-0.51,0.14,0.9
1.5436,5,-0.901,-0.03,-0.2,-0.39,62.58,19.76,12.29,0.24,0.08,0.31,4.09,6.87,22.74,98.42,-0.32,0.21,1.3
1.5981,2,0.842,0.09,0.13,-0.52,311,17.6,0.79,0.02,-0.02,-0.12,4.09,-17.4,-12.21,55.08,-0.27,0.06,0.85
1.5997,4,0.817,-0.12,0.24,-0.51,306.15,16.15,-26.94,0.06,-0.06,0.38,4.09,-5.49,39.52,-48.68,-0.38,-0.51,1.18
1.6042,0,-0.041,-0.51,0.01,0.86,203.41,61.43,6.55,0.02,-0.12,0.02,4.09,-7.32,86.82,-0.15,-0.92,-0.04,0.51
1.6059,6,-0.835,-0.17,-0.52,0.01,34,61.39,34.74,0.08,0.06,0.04,4.09,11.44,44.86,3.66,-0.9,0.26,0.49
1.6105,1,0.004,-0.05,0.01,1,193.69,5.4,1.38,-0.01,-0.12,0.14,4.09,0,1.53,-5.49,-0.07,-0.08,1.02
1.612,3,0.899,-0.09,0.01,0.43,64.55,5.51,-9.12,0.06,0.06,0.34,4.09,-7.93,-3.05,36.01,-0.14,-0.29,1.3
1.6157,7,0.931,0.08,0.35,0.07,28.4,39.61,14.76,-0.03,-0.12,0,4.09,-1.22,78.89,-27.77,-0.63,0.31,0.71
1.6172,5,-0.882,-0.02,-0.23,-0.41,67.16,22.24,14.27,-0.05,0.01,0.35,4.09,7.32,23.96,-13.28,-0.61,0.29,1.14
1.6969,2,0.864,0.08,0.12,-0.48,315.76,16.41,1.14,0.05,0.01,0.16,4.09,-18.31,-16.63,43.18,-0.3,0.08,1.12
1.6985,4,0.792,-0.11,0.26,-0.54,301.03,17.06,-28.13,0.14,0.33,0.03,4.09,10.22,-4.27,-18.01,0.02,-0.49,0.96
1.7025,0,-0.034,-0.58,-0.01,0.81,202.3,71.3,4.72,0.05,-0,0.04,4.09,-7.02,68.97,-6.56,-1,-0,0.28
1.7045,6,-0.813,-0.17,-0.56,0.01,38.95,65,40.03,0.1,-0.01,0.07,4.09,0,24.41,-2.75,-0.93,0.33,0.43
1.7094,1,0.01,-0.04,0.01,1,193,4.87,1.47,-0.02,-0.09,-0.02,4.09,3.36,-13.43,-6.71,-0.07,-0.11,0.99
1.7111,3,0.888,-0.11,0.01,0.45,66.86,6.69,-10.58,0.04,-0.02,0.19,4.09,-14.34,20.75,11.29,-0.09,-0.24,1.13
1.7149,7,0.907,0.07,0.41,0.06,27.81,47.57,15.01,0.01,0.09,-0.02,4.09,4.27,81.48,-16.48,-0.75,0.09,0.65
1.7165,5,-0.888,-0.03,-0.24,-0.39,64.9,23.82,15.15,-0.09,-0.11,0.09,4.09,25.33,-2.75,-8.85,-0.41,0.38,0.93
1.7758,2,0.887,0.06,0.11,-0.44,320.8,14.26,0.25,0.15,-0.09,0.21,4.09,-23.96,-10.07,28.38,-0.28,0.18,1.2
1.7774,4,0.775,-0.13,0.25,-0.56,298.07,14.26,-29.95,0.06,-0.25,-0.04,4.09,-0.15,-29.91,-41.05,-0.5,-0.45,0.99
1.7809,0,-0.022,-0.63,-0.02,0.78,196.58,77.95,-0.96,0.03,-0.03,0.16,4.09,-0.31,37.69,-14.95,-1.15,-0.03,0.21
1.7824,6,-0.8,-0.17,-0.57,0.01,43.14,67.02,43.96,0.1,0.03,0.08,4.09,-7.93,13.28,-0.92,-0.97,0.29,0.41
1.7868,1,0.011,-0.04,0.01,1,192.87,4.14,0.84,0.03,-0.04,0.07,4.09,-2.29,-2.44,-2.29,-0.11,-0.02,1.07
1.7889,3,0.887,-0.12,0.03,0.45,66.5,8.75,-11.15,-0.07,-0.04,0.07,4.09,18.46,16.48,-20.9,-0.18,-0.19,1.05
1.8245,7,0.877,0.06,0.47,0.05,28.43,55.77,15.7,0.03,0.02,0.04,4.09,2.9,75.84,-34.64,-0.87,0.1,0.61
1.826,5,-0.867,-0.06,-0.24,-0.43,70.89,21.32,19.76,-0.11,-0.05,0.08,4.09,25.18,-15.72,124.97,-0.45,0.49,0.88
1.9055,2,0.888,0.05,0.11,-0.44,320.81,13.73,-1.03,-0.01,-0.01,0.33,4.09,-16.33,4.27,21.97,-0.33,-0.02,1.29
1.9071,4,0.768,-0.15,0.24,-0.57,297.41,10.79,-31.14,0.29,0.21,0.03,4.09,-27.16,-11.44,-35.1,0.08,-0.34,1.03
1.9114,0,-0.011,-0.65,-0.03,0.76,185.56,81.27,-11.79,0.01,-0.02,0.23,4.09,2.9,8.85,-15.56,-1.22,-0.07,0.17
1.9132,6,-0.796,-0.16,-0.58,0,44.28,68.45,43.45,0.03,-0.11,-0.04,4.09,-22.74,-6.41,1.22,-0.87,0.38,0.27
1.9173,1,0.015,-0.03,0,1,192.34,3.79,0.16,0.06,0.02,0.16,4.09,-4.27,-6.41,-5.04,-0.14,0.02,1.17
1.9191,3,0.893,-0.12,0.04,0.43,64.62,10.39,-10.39,0.04,-0.06,0.1,4.09,4.73,12.51,-20.9,-0.13,-0.19,1.07
1.9247,7,0.846,0.05,0.53,0.03,27.58,63.36,14.77,0.02,0.07,-0.06,4.09,-7.63,56.15,-10.83,-0.85,0.07,0.43
1.9266,5,-0.84,-0.09,-0.24,-0.48,77.26,18.81,23.4,0.04,0.08,0.05,4.09,1.83,7.48,33.11,-0.39,0.27,0.91
2.0039,2,0.894,0.04,0.11,-0.43,322.39,13.94,-1.5,0.15,-0.09,0.26,4.09,6.41,10.53,-39.83,-0.28,0.11,1.22
2.0066,4,0.743,-0.18,0.24,-0.6,293.93,7.75,-33.99,0.02,-0.06,0.33,4.09,-21.97,-10.99,-52.03,-0.23,-0.75,1.07
2.013,0,-0.003,-0.66,-0.03,0.75,177.73,81.95,-19.26,-0.03,-0.03,0.17,4.09,5.8,-12.66,-5.19,-1.15,-0.1,0.17
2.0154,3,0.894,-0.12,0.05,0.43,64.52,10.42,-9.9,0.03,0.04,0.14,4.09,-9.77,-7.48,24.87,-0.21,-0.23,1.1
2.0208,1,0.018,-0.03,-0,1,191.97,3.24,-0.09,0.11,-0.05,-0,4.09,0.61,-9.31,0.15,-0.12,-0.06,0.98
2.0239,6,-0.801,-0.15,-0.58,-0.01,43.68,67.92,41.1,0.05,-0.01,0.04,4.09,-25.02,-24.87,1.68,-0.95,0.3,0.35
2.0281,7,0.823,0.04,0.57,0.03,27.54,68.38,14.23,0.02,0.02,-0.06,4.09,-4.73,32.96,-7.02,-0.89,0.07,0.36
2.0297,5,-0.819,-0.1,-0.25,-0.51,81.8,17.82,25.88,-0.16,0,0.41,4.09,17.24,7.93,24.41,-0.51,0.72,1.13
2.1021,2,0.883,0.05,0.13,-0.45,319.92,15.37,-1.68,0.11,-0.03,0.08,4.09,13.43,16.02,-14.04,-0.23,0.06,1.03
2.1048,4,0.74,-0.21,0.23,-0.6,294.47,5.42,-35.74,-0.08,0.11,0.36,4.09,-16.63,-22.74,16.48,-0.08,-0.88,1.06
2.1092,0,-0,-0.66,-0.03,0.75,177.96,81.55,-18.64,-0.09,-0.03,0.11,4.09,3.97,-9.92,3.97,-1.07,-0.09,0.24
2.1108,3,0.886,-0.12,0.05,0.44,66.35,10.98,-10.29,-0.11,-0.03,0.29,4.09,0.76,9.92,-2.9,-0.29,-0.15,1.25
2.1146,1,0.017,-0.02,0,1,192.07,2.43,0.06,0.06,-0.05,0.12,4.09,4.12,-11.9,1.98,-0.1,-0.04,1.15
2.1161,6,-0.82,-0.13,-0.56,-0.02,38.47,65.4,34.07,0.13,-0.01,0.07,4.09,-21.21,-58.29,-1.83,-0.89,0.29,0.47
2.1203,7,0.809,0.03,0.59,0.03,28.15,71.33,14.35,-0.01,-0.05,-0.03,4.09,-5.04,10.53,-2.59,-0.91,0.14,0.29
2.1223,5,-0.82,-0.1,-0.26,-0.5,81.33,18.63,27.02,0.04,-0.05,0.24,4.09,16.78,5.95,8.85,-0.4,0.59,1.1
2.201,2,0.875,0.05,0.13,-0.46,317.95,15.82,-2.06,-0.1,-0.03,0.19,4.09,-27.01,19.23,-28.99,-0.4,-0.07,1.12
2.2026,4,0.749,-0.23,0.23,-0.58,297.04,4.78,-37.48,0.09,-0.04,0.3,4.09,-23.35,-22.89,2.14,-0.08,-0.68,1.09
2.2068,0,0.002,-0.66,-0.03,0.75,177.88,81.82,-18.23,-0.16,0.01,0.09,4.09,1.53,-0.31,5.49,-1.04,-0.03,0.3
2.2084,6,-0.857,-0.11,-0.5,-0.02,30.01,59.07,24.27,0.2,-0.02,0.08,4.09,-21.82,-90.33,-1.53,-0.82,0.25,0.68
2.2119,1,0.016,-0.01,0,1,192.22,1.53,0.37,0.06,-0.02,0.19,4.09,6.41,-8.09,-0.31,-0.08,-0.02,1.22
2.2135,3,0.885,-0.13,0.05,0.44,66.36,11.83,-10.37,-0,0.09,0.31,4.09,-6.1,12.05,13.12,-0.33,-0.27,1.23
2.2172,7,0.803,0.03,0.59,0.02,27.16,72.59,13.72,0.06,0.05,-0.06,4.09,6.87,-3.05,-2.44,-0.89,0.02,0.33
2.2189,5,-0.814,-0.12,-0.27,-0.5,81.98,18.39,29.57,0.03,0.03,0.26,4.09,23.35,-7.02,2.44,-0.41,0.55,1.05
2.2997,2,0.878,0.05,0.14,-0.45,318.94,16.95,-2.2,0.06,0.04,0.04,4.09,2.29,0.76,47.3,-0.23,0.08,1.02
2.3013,4,0.749,-0.25,0.23,-0.57,298.75,2.97,-39.85,0.18,0.09,0.25,4.09,-29.91,-24.57,-7.32,0.15,-0.69,1.04
2.3052,0,0.004,-0.66,-0.03,0.75,176.3,82.69,-19.51,-0.2,0.02,0.1,4.09,-1.22,6.41,6.1,-1.07,-0.03,0.32
2.3068,6,-0.895,-0.1,-0.43,-0.02,24.82,50.61,17.74,0.14,0.09,0.04,4.09,-21.51,-94.76,10.38,-0.7,0.14,0.74
2.3102,1,0.013,-0.01,0.01,1,192.54,1.6,0.77,-0.02,0,0.13,4.09,5.49,5.95,4.88,-0.02,0.02,1.14
2.3117,3,0.883,-0.14,0.06,0.44,66.08,13.07,-11.76,0.09,0.1,0.2,4.09,-20.6,12.97,11.75,-0.29,-0.37,1.1
2.3153,7,0.805,0.03,0.59,0.02,24.4,72.35,11.17,-0.04,-0.1,0.02,4.09,3.05,-15.56,-5.19,-0.98,0.15,0.27
2.3169,5,-0.812,-0.15,-0.28,-0.49,81.78,17.87,32.48,-0.02,0.06,0.3,4.09,38.91,-6.26,-6.87,-0.46,0.65,1.03
2.4185,2,0.872,0.06,0.13,-0.47,317.22,16.1,-1.42,0.03,-0.07,0.29,4.09,29.45,-1.07,-31.43,-0.4,-0.06,1.23
2.4203,4,0.745,-0.29,0.23,-0.55,300.22,1.26,-43.68,0.06,0.05,0.24,4.09,-54.32,-16.33,-0.31,0.08,-0.78,0.86
2.424,0,0.002,-0.67,-0.02,0.74,174.39,83.85,-21.5,-0.13,0.03,0.26,4.09,-2.29,-1.37,1.68,-1.25,-0.02,0.26
2.4255,6,-0.926,-0.09,-0.36,-0.03,23.21,42.09,14.63,-0.02,0.09,-0.09,4.09,-17.09,-77.67,14.04,-0.64,0.09,0.65
2.429,1,0.011,-0.02,0.01,1,192.83,1.93,0.97,0,-0.02,0.25,4.09,0.92,5.8,4.73,-0.05,-0,1.25
2.4305,3,0.863,-0.17,0.07,0.47,69.33,15.97,-13.97,0.06,0.07,0.07,4.09,-38.3,27.16,41.05,-0.31,-0.35,0.94
2.434,7,0.816,0.03,0.58,0.01,23.35,70.33,10.34,0.06,0.11,0.09,4.09,-5.34,-42.57,12.82,-1.01,-0.03,0.43
2.436,5,-0.805,-0.19,-0.3,-0.48,81.46,17.78,37.88,0.1,0.1,0.17,4.09,74.77,4.27,-7.93,-0.4,0.59,0.94
2.5219,2,0.874,0.08,0.13,-0.46,318.79,17.81,1.55,-0.02,0.04,0.27,4.09,18.62,21.21,24.41,-0.37,-0.01,1.22
2.5236,4,0.73,-0.34,0.26,-0.53,301.63,1.29,-51.48,0.15,-0.02,0.05,4.09,-96.44,3.51,12.36,0.01,-0.73,0.76
2.5288,1,0.006,-0.02,0.01,1,193.37,2.7,1.1,0.04,0.01,0.34,4.09,3.05,19.07,8.54,-0.1,0.04,1.34
2.5304,6,-0.945,-0.09,-0.31,-0.03,22.19,35.85,13.04,-0.09,0.04,-0.08,4.09,-3.36,-55.08,-1.53,-0.64,0.12,0.74
2.5354,7,0.84,0.03,0.54,0.03,25.71,65,11.68,0.16,0.06,0.07,4.09,-13.28,-71.72,30.67,-0.88,0.03,0.58
2.537,3,0.831,-0.22,0.08,0.51,73.55,21.05,-17.06,0.06,0.02,-0.08,4.09,-43.49,46.39,77.06,-0.31,-0.31,0.8
2.5413,2,0.867,0.11,0.14,-0.46,318.49,20.55,4.04,-0.13,0.05,0.27,4.09,32.35,34.03,5.65,-0.49,-0.05,1.19
2.5431,5,-0.791,-0.24,-0.34,-0.45,81.28,19.08,46.56,0.03,0.1,0.03,4.09,108.64,20.29,8.85,-0.34,0.64,0.65
2.6207,1,-0.001,-0.04,0.01,1,194.26,5,1.34,-0.02,0,0.18,4.09,0.61,37.69,13.58,-0.08,0.04,1.15
2.6223,4,0.687,-0.41,0.32,-0.51,300.32,1.37,-62.72,0.13,0.03,-0.06,4.09,-130.31,24.87,0,0.04,-0.73,0.53
2.6277,0,-0.008,-0.68,-0.03,0.74,176.94,84.78,-20.01,-0.2,0.07,0.19,4.09,-8.7,-6.1,6.26,-1.16,0.02,0.29
2.6292,6,-0.957,-0.09,-0.27,-0.03,20.76,31.17,12.74,0.17,0.02,-0.17,4.09,4.58,-53.25,-9.31,-0.29,0.09,0.83
2.6328,7,0.879,0.03,0.47,0.07,29.41,55.43,12.65,0.12,0.05,0.02,4.09,-26.4,-91.4,45.32,-0.78,0.1,0.65
2.6343,3,0.785,-0.26,0.12,0.55,79.71,27.62,-18.15,0.06,-0.03,-0.18,4.09,-22.74,37.23,81.48,-0.34,-0.27,0.68
2.6401,2,0.865,0.16,0.15,-0.45,320.98,23.97,9.22,0.11,0.02,0.23,4.09,54.47,32.04,-1.98,-0.42,0.28,1.12
2.6418,5,-0.74,-0.32,-0.39,-0.44,85.84,17.37,59.08,0.04,0.02,-0.11,4.09,120.85,42.27,35.25,-0.29,0.54,0.49
2.7196,0,-0.016,-0.67,-0.03,0.74,185.37,83.9,-12.41,-0.08,0.06,0.04,4.09,-7.32,-35.4,3.51,-1.01,0.05,0.17
2.7215,4,0.603,-0.48,0.39,-0.5,295.47,-0.89,-76.86,-0.07,0.33,-0.56,4.09,-154.42,54.02,-77.82,0.33,-0.49,-0.09
2.7266,1,-0.011,-0.07,0.01,1,195.45,7.49,1.63,-0.08,0.09,-0.21,4.09,-0.15,12.51,9.31,-0.02,0.12,0.73
2.7284,6,-0.971,-0.1,-0.22,-0.02,19.23,24.99,12.38,0.13,0.18,-0.02,4.09,-1.83,-54.93,-1.98,-0.32,0.01,0.96
2.7332,7,0.909,0.04,0.4,0.11,33.2,45.98,13.16,-0.12,-0.16,-0.15,4.09,-15.11,-87.28,44.1,-0.65,0.31,0.47
2.7349,3,0.735,-0.26,0.15,0.61,88.9,32.95,-13.9,-0.01,0,-0.19,4.09,21.36,21.82,99.79,-0.45,-0.15,0.64
2.7391,2,0.838,0.22,0.16,-0.48,318.4,28.08,14.1,0.07,0.06,0.06,4.09,65,43.33,-51.73,-0.41,0.25,0.91
2.7409,5,-0.669,-0.39,-0.45,-0.44,91.85,14.72,72.82,0.02,-0.01,-0.24,4.09,143.89,43.33,57.98,-0.22,0.77,0.14
2.8184,0,-0.023,-0.63,-0.03,0.78,194.6,78.14,-3.51,-0.01,0.02,-0.22,4.09,2.9,-89.72,7.78,-0.77,0,0.16
2.8202,4,0.491,-0.57,0.44,-0.49,291.92,-7.65,-92.04,-0.33,0.26,-0.09,4.09,-158.69,6.56,-103.3,0.33,-0.96,-0.39
2.826,1,-0.015,-0.05,0.01,1,195.85,6.23,1.68,-0.11,0.09,-0.46,4.09,-0.76,-48.83,-3.97,0.13,0.07,0.52
2.8276,6,-0.977,-0.1,-0.18,-0.04,21.35,20.31,13.13,-0.3,-0.15,0.31,4.09,17.24,2.75,43.64,-0.73,0.43,1.06
2.8318,7,0.932,0.06,0.34,0.12,33.88,37.72,13.87,-0.17,0.09,-0.16,4.09,13.28,-77.82,-0.46,-0.67,0.1,0.56
2.8334,3,0.686,-0.23,0.21,0.66,100.8,36.52,-2.4,-0.22,0.01,-0.23,4.09,85.45,26.25,101.93,-0.49,0.22,0.6
2.8388,2,0.796,0.27,0.17,-0.51,314.05,33.49,18.09,0.15,0.04,-0.13,4.09,50.2,46.54,-97.96,-0.39,0.31,0.66
2.8404,5,-0.587,-0.48,-0.52,-0.4,95.29,13.03,89.57,-0.17,-0.05,-0.14,4.09,154.57,0.76,-0.76,-0.17,0.86,-0.18
2.9252,0,-0.024,-0.56,-0.02,0.83,196.88,67.5,-0.66,-0.14,0.02,-0.26,4.09,12.36,-129.85,3.2,-0.62,0.01,0.43
2.9267,4,0.403,-0.66,0.47,-0.44,294.98,-11.29,-107.54,0.03,0.18,0.16,4.09,-150.45,-37.38,-38.15,0.63,-1.1,-0.43
2.932,1,-0.01,-0.01,0.01,1,195.23,1.43,1.46,-0.05,0.08,-0.04,4.09,-3.97,-60.42,-10.22,0.04,0.1,0.96
2.9335,6,-0.969,-0.11,-0.21,-0.06,24.25,23.6,15.12,0.16,-0.08,-0.17,4.09,-3.2,45.01,-0.61,-0.16,0.24,0.82
2.9374,7,0.949,0.07,0.28,0.12,32.07,31.35,13.77,0.06,0.07,0.02,4.09,8.24,-55.85,-6.71,-0.46,0.16,0.87
2.9391,3,0.651,-0.18,0.31,0.67,110.73,39.59,13.77,-0.17,-0.09,-0.16,4.09,132.75,38.3,68.21,-0.44,0.33,0.68
2.9443,2,0.715,0.31,0.22,-0.59,300.89,42.41,14.68,0.05,0.14,-0.25,4.09,26.7,35.86,-125.89,-0.39,0.17,0.56
2.946,5,-0.526,-0.56,-0.56,-0.32,93.61,13.38,104.6,0.2,-0.05,-0.01,4.09,158.23,-23.19,-38.91,-0.21,0.91,-0.11
3.024,0,-0.022,-0.46,-0,0.89,197.58,54.28,1.27,-0.25,0.05,-0.2,4.09,12.05,-140.23,1.68,-0.51,0.05,0.68
3.0257,4,0.33,-0.74,0.46,-0.37,302.12,-14,-121.49,-0.13,0.13,0.18,4.09,-94.91,-54.63,-23.96,0.38,-1.05,-0.62
3.0318,1,-0.002,0.02,0.01,1,194.25,-2.63,1.33,-0.04,0.04,-0.01,4.09,-0.92,-41.2,-9.16,0.1,0.08,1.02
3.0338,6,-0.962,-0.11,-0.24,-0.07,26.11,26.48,15.58,-0,0,-0.06,4.09,-9.31,30.52,35.4,-0.44,0.23,0.82
3.0396,7,0.963,0.08,0.23,0.11,30.16,25.09,13.41,0.11,-0.19,-0,4.09,16.33,-74.77,-12.66,-0.31,0.35,0.96
3.0424,3,0.608,-0.08,0.43,0.66,122.79,39.26,37.8,-0.33,-0.06,0.13,4.09,175.93,37.69,69.27,-0.59,0.84,0.59
3.05,2,0.633,0.31,0.26,-0.66,283.14,47.07,3.75,-0.16,0.07,-0.29,4.09,-16.63,0,-136.57,-0.47,-0.13,0.55
3.0522,5,-0.472,-0.61,-0.59,-0.23,92.34,15.84,117.74,-0.28,0.06,-0.02,4.09,107.12,-10.38,2.9,-0.32,0.7,-0.67
3.0924,0,-0.021,-0.35,0.01,0.94,197.72,40.35,2.89,-0.25,0.02,-0.17,4.09,15.41,-137.79,10.22,-0.34,0.04,0.79
3.0942,4,0.292,-0.77,0.49,-0.29,305.15,-9.27,-132.1,-0.19,0.36,-0.04,4.09,-65.46,-44.56,16.94,0.35,-0.54,-0.79
3.0981,1,0.003,0.05,0.01,1,193.65,-5.22,1.07,-0.05,0.01,-0.02,4.09,-0.31,-31.28,1.83,0.15,0.01,0.99
3.0998,6,-0.958,-0.1,-0.25,-0.1,29.83,27.32,16.11,0.18,-0.01,-0.09,4.09,-12.66,19.53,31.74,-0.26,0.24,0.85
3.1036,7,0.976,0.1,0.17,0.1,27.98,17.83,13.69,0.23,0.14,0,4.09,1.07,-80.87,31.43,-0.11,0.07,1.01
3.1052,3,0.593,-0,0.55,0.59,127.16,40.77,58.24,-0.08,-0.13,-0.05,4.09,160.98,33.11,-14.34,-0.49,0.7,0.41
3.113,2,0.561,0.26,0.31,-0.72,264.1,45.93,-12.92,-0.32,0.06,-0.21,4.09,-66.22,-4.73,-131.53,-0.43,-0.47,0.58
3.1147,5,-0.429,-0.65,-0.6,-0.18,91.27,16.77,126.48,-0.1,0.18,-0.15,4.09,88.65,14.95,7.17,-0.24,0.52,-0.55
3.2104,0,-0.023,-0.23,0.03,0.97,197.83,26.89,4.45,-0.29,0.02,-0.22,4.09,12.82,-112.46,7.32,-0.08,0.08,0.82
3.212,4,0.266,-0.78,0.51,-0.25,304.96,-6.96,-137.45,-0.12,0.27,-0.24,4.09,-47.91,-4.27,19.68,0.23,-0.65,-0.76
3.2157,1,-0.008,0.07,0,1,194.98,-7.8,0.36,0.06,-0.1,-0.1,4.09,-12.51,-42.72,34.48,0.08,-0.1,0.91
3.2172,6,-0.953,-0.1,-0.25,-0.13,34.2,27.25,16.9,0.04,-0.03,-0.04,4.09,-12.21,10.38,40.28,-0.4,0.28,0.83
3.2207,7,0.981,0.11,0.09,0.13,30.05,8.61,13.96,0.07,0.06,-0.02,4.09,-3.97,-68.36,16.02,-0.15,0.19,0.97
3.2222,3,0.578,0.06,0.64,0.51,130.37,42.88,75.55,-0.17,-0.16,0.04,4.09,144.2,33.72,-6.41,-0.58,0.94,0.15
3.2259,2,0.507,0.19,0.38,-0.75,250.17,42.4,-30.32,-0.19,0.06,0.01,4.09,-92.47,12.97,-104.52,-0.57,-0.57,0.66
3.2276,5,-0.381,-0.66,-0.63,-0.14,93.88,16.74,134.25,-0.11,-0.16,-0.31,4.09,37.99,35.55,-3.66,-0.07,0.57,-0.57
3.3291,0,-0.029,-0.15,0.04,0.99,198.21,16.63,5.25,-0.33,-0.04,-0.08,4.09,0.15,-87.28,17.09,0.07,0.06,0.97
3.3309,4,0.238,-0.76,0.55,-0.23,300.32,-4.98,-141.57,0.02,-0.22,-0.1,4.09,-34.33,32.81,36.32,-0.2,-0.66,-0.64
3.3346,1,-0.033,0.09,0,1,197.88,-10.47,-0.22,-0.07,0.01,0.11,4.09,3.36,-25.48,25.33,0.26,-0.04,1.1
3.3362,6,-0.949,-0.1,-0.25,-0.16,37.6,26.59,17.69,-0.08,0.06,0.03,4.09,-21.82,-5.19,5.65,-0.54,0.25,0.83
3.34,7,0.983,0.11,0.05,0.14,30.81,3.31,13.23,0.01,-0.01,-0.02,4.09,-10.07,-40.59,41.05,-0.04,0.25,0.94
3.3416,3,0.56,0.09,0.71,0.42,135.14,46.04,91.64,-0.07,-0.18,-0.05,4.09,104.83,39.37,-32.96,-0.54,0.8,-0.03
3.3453,2,0.461,0.12,0.48,-0.74,240.22,37.78,-49.3,-0.05,0.03,0.02,4.09,-138.85,10.68,-76.6,-0.56,-0.67,0.51
3.3471,5,-0.344,-0.65,-0.66,-0.15,99.08,14.99,137.97,0.08,-0.33,-0.1,4.09,2.75,52.95,-21.06,-0.24,0.68,-0.63
3.4279,0,-0.041,-0.06,0.05,1,199.1,6.52,5.67,-0.33,0.02,0.01,4.09,4.27,-68.97,12.66,0.22,0.09,1.04
3.4296,4,0.192,-0.74,0.6,-0.24,293.55,-6.71,-145.21,0.03,-0.17,-0.48,4.09,-58.75,54.32,33.11,0.08,-0.29,-0.47
3.4331,1,-0.05,0.1,-0,0.99,199.91,-11.74,-0.76,-0.01,-0.06,-0.02,4.09,4.43,-5.65,23.96,0.2,-0.07,0.95
3.4346,6,-0.953,-0.09,-0.24,-0.17,37.28,25.21,15.49,0.35,-0.42,0.03,4.09,-10.53,-65.92,-34.18,-0.03,0.6,1.21
3.4381,7,0.981,0.11,0,0.16,32.39,-1.52,12.62,-0.02,-0.05,-0.04,4.09,-6.56,-34.48,19.38,0.01,0.26,0.92
3.4396,3,0.538,0.1,0.76,0.35,141.39,48.6,105.73,-0.16,0,-0.18,4.09,76.75,25.48,-18.01,-0.67,0.49,-0.36
3.4432,2,0.402,0.03,0.6,-0.69,231.6,31.54,-70.75,-0.26,0.03,0.22,4.09,-175.02,23.8,-65,-0.43,-1.1,0.23
3.4447,5,-0.3,-0.63,-0.69,-0.18,105.06,10.64,140.12,-0.11,0.42,-0.25,4.09,30.36,75.84,0.92,-0.41,0.54,-0.57
3.5327,0,-0.047,0.01,0.05,1,199.44,-1.28,5.91,-0.28,-0.06,-0.04,4.09,0.92,-58.9,8.85,0.29,0.02,0.96
3.5343,4,0.153,-0.73,0.63,-0.23,290.04,-7.99,-149.05,-0.29,0.18,-0.04,4.09,-12.21,11.75,40.44,0.12,-0.26,-0.89
3.5404,1,-0.063,0.1,-0,0.99,201.42,-11.86,-1.02,-0.14,-0.03,-0.04,4.09,1.22,7.48,10.83,0.33,-0.07,0.89
3.542,6,-0.964,-0.07,-0.21,-0.14,33.44,22.93,12.15,0.52,0.1,-0.26,4.09,-23.8,-80.41,-71.11,-0.01,-0.21,1.03
3.5475,7,0.978,0.11,-0.03,0.17,33.75,-5.4,11.7,0.04,-0.1,-0.02,4.09,-10.38,-33.72,16.63,0.15,0.29,0.94
3.5503,3,0.518,0.13,0.78,0.32,143.21,47,112.24,0.03,0.21,-0.16,4.09,21.82,13.89,37.38,-0.76,0.44,-0.26
3.5557,2,0.378,-0.03,0.71,-0.6,228.67,29.99,-90.12,-0.11,0.1,-0.06,4.09,-174.87,13.43,19.23,-0.34,-0.89,0.01
3.5573,5,-0.249,-0.62,-0.72,-0.19,109.96,6.78,143.8,0.03,-0.03,-0.05,4.09,3.51,17.85,-11.6,-0.08,0.59,-0.75
3.6322,0,-0.05,0.07,0.05,0.99,199.44,-8.39,5.43,-0.27,-0.05,0.02,4.09,-2.59,-44.86,2.75,0.41,0.02,0.97
3.6339,4,0.164,-0.72,0.64,-0.23,288.93,-6.57,-148.25,0.12,0.06,0.04,4.09,15.11,-30.06,32.81,0.08,-0.56,-0.8
3.638,1,-0.076,0.11,0,0.99,202.85,-12.03,-0.81,-0.11,-0.08,0.03,4.09,10.99,4.88,16.17,0.32,-0.11,0.99
3.6397,6,-0.976,-0.05,-0.15,-0.15,32.62,16.37,8.91,0.05,-0.08,-0.03,4.09,-26.4,-43.03,21.97,-0.23,0.23,0.89
3.6434,7,0.976,0.1,-0.06,0.18,34.22,-8.82,10.63,-0.13,-0.04,0.02,4.09,-12.97,-21.21,28.99,0.06,0.27,1
3.645,3,0.5,0.12,0.79,0.33,146.1,45.53,114.12,-0.04,0.05,-0.12,4.09,-18.92,11.75,-6.87,-0.64,0.51,-0.31
3.6489,2,0.364,-0.07,0.8,-0.48,226.19,30.89,-108.57,-0.12,0.04,-0.17,4.09,-173.03,15.41,19.07,-0.31,-0.71,-0.28
3.6505,5,-0.253,-0.6,-0.73,-0.2,112.25,7.6,143.33,-0.05,0.07,-0.21,4.09,-15.56,5.8,-11.6,-0.17,0.39,-0.67
3.7309,0,-0.058,0.12,0.05,0.99,200.09,-13.69,5.14,-0.26,-0.11,-0.07,4.09,-1.37,-36.93,11.75,0.47,-0.04,0.85
3.7326,4,0.183,-0.72,0.63,-0.22,289.52,-5.21,-146.66,0.18,0.05,-0.02,4.09,14.19,-19.84,28.53,0.18,-0.48,-0.74
3.7363,1,-0.087,0.11,0,0.99,204.11,-12.08,-0.49,-0.17,-0.14,-0.03,4.09,14.95,-6.41,18.92,0.34,-0.17,0.92
3.738,6,-0.981,-0.05,-0.11,-0.15,32.27,11.83,7.23,0.05,0.1,0.11,4.09,-8.54,-23.04,7.02,-0.19,0.07,1.08
3.7417,7,0.972,0.09,-0.08,0.2,36.75,-10.96,8.58,-0.17,-0.08,0.01,4.09,-20.29,-13.43,33.42,0.1,0.29,1.05
3.7433,3,0.503,0.11,0.79,0.34,146.51,45.89,112.56,-0.03,0.14,-0.03,4.09,-26.25,-9.77,-19.68,-0.75,0.5,-0.34
3.7471,2,0.343,-0.12,0.85,-0.37,225.98,29.85,-123.96,-0.15,-0.19,-0.17,4.09,-97.96,-6.71,-38.6,-0.39,-0.45,-0.66
3.7487,5,-0.26,-0.59,-0.73,-0.21,113.13,7.62,141.68,-0.01,0.06,-0.06,4.09,-21.36,4.27,-20.6,-0.18,0.56,-0.75
3.8118,0,-0.066,0.15,0.05,0.99,200.86,-17.33,5.35,-0.13,0.1,0.39,4.09,8.24,-10.83,-10.83,0.43,0.21,1.27
3.8135,4,0.21,-0.71,0.64,-0.22,289.19,-2.69,-144.47,-0.02,0.09,-0.09,4.09,26.09,-11.44,10.22,0.13,-0.51,-0.77
3.8172,1,-0.097,0.12,0.01,0.99,205.31,-13.35,-0.3,0.14,0.09,0.43,4.09,-10.07,-8.7,-20.14,0.24,0.11,1.38
3.8188,6,-0.986,-0.04,-0.09,-0.13,30.01,9.64,6.33,0.38,0.11,-0.03,4.09,-3.36,-34.33,-17.85,0.17,-0.1,1.03
3.8224,7,0.972,0.07,-0.08,0.21,37.55,-10.86,6.46,0.01,0.21,0.11,4.09,-23.5,25.63,-11.9,0.15,-0.05,1.11
3.824,3,0.513,0.1,0.78,0.35,145.46,46.76,110.1,0.01,0.06,0.02,4.09,-14.34,-18.62,3.81,-0.8,0.63,-0.24
3.8469,2,0.316,-0.17,0.87,-0.33,228.89,25.7,-129.84,0.09,0.01,0.19,4.09,-29.3,-9.77,-8.39,-0.51,-0.69,-0.65
3.8486,5,-0.27,-0.58,-0.73,-0.22,114.12,7.96,139.9,0,-0.01,0.08,4.09,-23.65,-2.29,-16.02,-0.17,0.62,-0.8
3.9249,0,-0.055,0.17,0.06,0.98,199.43,-19.74,5.83,-0.14,-0.02,0.11,4.09,-7.63,-12.82,-6.71,0.45,0.04,1.07
3.9267,4,0.232,-0.7,0.63,-0.24,289,-2.03,-141.38,0.06,0.08,-0.03,4.09,31.59,1.53,4.73,0.1,-0.63,-0.7
3.9304,1,-0.08,0.11,0.02,0.99,203.15,-13.13,0.81,0.28,0.03,0.02,4.09,6.71,19.23,-31.43,-0.04,0.11,1.03
3.932,6,-0.989,-0.04,-0.06,-0.13,29.1,5.78,5.83,0.07,-0.01,0,4.09,-0.76,-42.57,-19.84,-0.03,0.09,1.01
3.9356,7,0.976,0.05,-0.06,0.2,37.43,-7.77,3.89,0.06,0.23,0.04,4.09,-8.54,67.75,-35.1,0.12,-0.18,1.03
3.9373,3,0.523,0.09,0.77,0.35,144.96,48.16,108.5,-0.02,0.04,0.02,4.09,-9.31,-6.87,-26.86,-0.75,0.57,-0.29
3.9411,2,0.31,-0.16,0.88,-0.32,226.94,26.16,-132.19,0,0.21,-0.15,4.09,-5.95,8.09,19.53,-0.24,-0.85,-0.4
3.9428,5,-0.289,-0.57,-0.73,-0.23,114.42,9.27,137.57,-0,0.06,-0.15,4.09,-21.82,-8.54,9.16,-0.19,0.62,-0.62
4.0237,0,-0.061,0.18,0.06,0.98,200.16,-21.04,5.38,0.05,0.12,-0.04,4.09,1.53,11.9,11.75,0.31,0.21,0.9
4.0255,4,0.245,-0.69,0.63,-0.25,288.61,-2.42,-138.82,0.13,0.05,0,4.09,24.11,2.75,15.56,0.09,-0.74,-0.65
4.0291,1,-0.065,0.11,0.02,0.99,201.4,-12.3,1.7,0.1,0.06,-0.13,4.09,0,3.81,-20.14,0.1,0.11,0.88
4.0307,6,-0.992,-0.05,-0.02,-0.11,26.97,1.38,5.55,-0.04,-0.02,0.08,4.09,4.27,-41.35,-26.09,-0.06,0.11,1.05
4.0342,7,0.979,0.03,-0,0.2,37.57,-0.69,3.02,0.15,-0.21,0.02,4.09,15.56,71.87,-34.94,0.24,0.17,1.02
4.0357,3,0.535,0.09,0.77,0.34,143.33,49.37,106.97,-0.01,0.1,-0.08,4.09,-4.58,-21.36,-7.78,-0.75,0.47,-0.24
4.0393,2,0.304,-0.16,0.88,-0.32,225.73,25.94,-133.14,0.14,0.31,0.03,4.09,1.37,-11.29,25.63,-0.42,-0.9,-0.41
4.0408,5,-0.3,-0.57,-0.73,-0.24,113.59,9.53,135.92,0.09,0,-0.01,4.09,-11.6,-11.44,4.27,-0.19,0.75,-0.61
4.1005,0,-0.074,0.17,0.06,0.98,201.65,-20.24,5.52,0.08,0.09,0.02,4.09,2.75,21.06,15.11,0.28,0.2,0.96
4.1022,4,0.258,-0.68,0.64,-0.26,287.03,-1.71,-136.63,0.04,0.07,0.04,4.09,21.36,3.2,13.43,0.12,-0.75,-0.72
4.1057,1,-0.053,0.11,0.02,0.99,199.92,-12.26,2.16,0.15,0.19,0.04,4.09,13.12,1.68,-18.01,0.09,0.24,1.02
4.1072,6,-0.995,-0.05,0,-0.09,24.11,-0.89,5.84,-0.02,-0.02,0.01,4.09,3.97,-7.78,-38.3,0.06,0.09,0.94
4.1107,7,0.984,0.03,0.05,0.16,33.24,5.2,4.86,0.29,0.14,-0.12,4.09,24.57,47.91,-18.16,0.17,-0.13,0.9
4.1123,3,0.548,0.1,0.75,0.35,140,49.55,104.02,0.06,-0.03,0.03,4.09,5.04,-19.68,8.09,-0.75,0.64,-0.11
4.1357,2,0.314,-0.15,0.88,-0.32,225.69,27.12,-131.93,0.14,0.23,0,4.09,20.75,-17.85,19.84,-0.46,-0.82,-0.4
4.1373,5,-0.317,-0.57,-0.72,-0.24,113.15,10.6,134.09,0.11,-0.07,-0,4.09,-18.77,-8.24,2.44,-0.12,0.81,-0.6
4.2348,0,-0.08,0.16,0.07,0.98,202.39,-18.8,6.2,0.02,0.15,0.03,4.09,4.73,19.07,-4.27,0.33,0.25,0.96
4.2364,4,0.274,-0.66,0.64,-0.28,285.1,-0.67,-134.16,0.04,-0,-0.03,4.09,16.94,7.02,4.88,-0.01,-0.77,-0.65
4.2401,1,-0.038,0.1,0.03,0.99,198.13,-11.48,3.5,0.11,0.05,0.09,4.09,-3.66,22.28,-23.04,0.11,0.14,1.08
4.2417,6,-0.996,-0.05,0.02,-0.07,22.09,-2.25,6.16,0.05,-0.06,0.04,4.09,5.65,-9.77,-6.87,0.06,0.21,1.03
4.2452,7,0.984,0.05,0.08,0.15,32.2,8.15,6.82,0.43,-0.06,-0.18,4.09,17.85,-4.88,-15.87,0.39,0.05,0.83
4.2468,3,0.56,0.1,0.74,0.35,136.74,49.54,101.42,0.08,-0.06,0.01,4.09,-3.05,-16.48,0,-0.78,0.69,-0.05
4.2505,2,0.324,-0.14,0.87,-0.33,225.32,28.29,-130.05,0.13,0.18,-0.09,4.09,17.4,-13.43,11.29,-0.44,-0.71,-0.34
4.2522,5,-0.327,-0.57,-0.71,-0.25,112.28,10.74,132.46,0.16,-0.07,0.08,4.09,-12.05,-11.29,-0.76,-0.18,0.9,-0.58
4.3135,0,-0.076,0.15,0.07,0.98,201.84,-17.22,6.99,0.05,0.06,-0.06,4.09,1.07,24.26,-5.19,0.24,0.17,0.88
4.3152,4,0.287,-0.64,0.65,-0.28,283.25,0.52,-132.32,0.04,0.07,0.01,4.09,19.84,-0.76,16.94,0.01,-0.74,-0.6
4.3188,1,-0.026,0.08,0.04,1,196.76,-9.21,3.98,-0.09,0.08,-0.11,4.09,1.83,13.43,-15.41,0.2,0.12,0.86
4.3204,3,0.569,0.1,0.74,0.35,135.41,50.33,99.67,0.04,-0.08,0.01,4.09,-7.17,-5.19,-10.38,-0.74,0.68,-0.05
4.324,7,0.993,0.07,0.05,0.09,24.7,4.83,8.09,-0.81,0.41,0.03,4.09,15.56,-47,-74.16,-1,-0.12,1
4.3256,6,-0.996,-0.06,0.03,-0.06,21.15,-3.38,6.51,-0.01,0.05,0.04,4.09,3.97,-6.1,-1.22,0.05,0.08,1.04
4.3488,2,0.326,-0.13,0.87,-0.35,225.39,28.34,-128.16,0.2,0.13,-0.04,4.09,22.89,0,10.99,-0.53,-0.79,-0.35
4.3504,5,-0.341,-0.56,-0.71,-0.25,111.97,11.67,131,0.1,-0.01,-0.07,4.09,-14.34,-5.19,2.59,-0.17,0.82,-0.53
4.4057,0,-0.069,0.13,0.07,0.99,201.09,-15.57,7.13,0.03,0.05,0.03,4.09,-3.2,16.78,-19.68,0.25,0.18,0.97
4.4073,4,0.297,-0.63,0.66,-0.29,282.28,1.52,-130.99,0.09,0.03,-0.02,4.09,17.24,-6.1,8.24,-0,-0.83,-0.58
4.4108,1,-0.008,0.07,0.03,1,194.72,-7.83,3.36,-0.07,0.11,0.06,4.09,-13.28,3.05,-32.2,0.2,0.14,1.11
4.4123,3,0.576,0.09,0.73,0.35,134.35,50.85,97.99,0.05,-0.05,0.01,4.09,-2.9,-6.41,-1.07,-0.77,0.64,-0.03
4.4158,7,0.993,0.07,0.06,0.08,23.27,6.14,8.88,0.6,-0.1,-0.22,4.09,-17.55,-34.64,37.38,0.47,0.26,0.87
4.4173,6,-0.995,-0.06,0.04,-0.07,21.35,-4.58,6.9,-0.05,0,0.04,4.09,1.53,-6.71,2.44,0.04,0.13,1.02
4.4409,2,0.333,-0.12,0.86,-0.36,224.93,29.11,-126.14,0.16,0.11,0.07,4.09,22.28,-3.81,1.68,-0.59,-0.88,-0.34
4.4426,5,-0.347,-0.55,-0.71,-0.26,112.44,12.17,129.97,0.1,-0.02,-0.02,4.09,-9.31,-0.76,-14.19,-0.21,0.79,-0.54
4.5384,0,-0.053,0.12,0.07,0.99,199.25,-14.03,7.13,0.01,-0.08,-0.02,4.09,-1.37,12.66,-11.75,0.23,0.03,0.94
4.5402,4,0.315,-0.62,0.66,-0.29,281.53,3.45,-129.46,-0,-0.02,-0.1,4.09,17.24,-9.31,1.68,-0.08,-0.72,-0.58
4.5446,1,0.008,0.06,0.03,1,192.91,-6.83,3.71,0.04,-0.11,-0.08,4.09,5.95,10.38,-8.7,0.06,-0.07,0.93
4.5462,6,-0.995,-0.06,0.04,-0.07,21.39,-5.4,7,0.04,-0.01,-0,4.09,-1.68,2.75,-3.2,0.13,0.13,0.97
4.5501,7,0.994,0.07,0.03,0.07,22.52,3.12,8.66,0.1,0.15,-0.09,4.09,-7.02,-27.16,5.19,0.01,0.03,0.94
4.5517,3,0.579,0.09,0.73,0.36,133.75,50.87,96.7,0.04,-0.04,-0,4.09,-13.43,-4.58,10.83,-0.76,0.68,-0.01
4.5561,2,0.336,-0.1,0.86,-0.37,223.33,30.33,-125.74,0.16,0.04,-0.04,4.09,11.6,-7.32,10.83,-0.62,-0.73,-0.29
4.5579,5,-0.355,-0.55,-0.71,-0.25,112.71,13.15,129.43,0.1,-0.08,-0.02,4.09,-9.92,-3.05,-17.09,-0.29,0.78,-0.47
4.6164,0,-0.047,0.1,0.06,0.99,198.72,-12.24,6.68,0.01,-0.04,0.05,4.09,-1.22,17.4,-5.34,0.22,0.07,1.03
4.6183,4,0.309,-0.63,0.65,-0.3,282.57,1.87,-129.32,0.04,-0.01,-0.12,4.09,-2.14,-8.54,-11.6,-0.12,-1.07,-0.4
4.6241,1,0.012,0.05,0.03,1,192.46,-5.61,3.71,0.02,-0.04,0.05,4.09,-0.61,12.05,-4.27,0.08,0.02,1.05
4.6262,6,-0.995,-0.06,0.05,-0.06,20.44,-5.64,6.8,0.1,0.05,-0.03,4.09,-3.36,-1.68,-3.66,0.17,0.05,0.97
4.6306,7,0.994,0.07,0.01,0.08,23.01,0.95,8.68,0.03,-0.06,0.03,4.09,-2.29,-14.04,7.63,0.01,0.2,1.01
4.6325,3,0.581,0.09,0.72,0.37,132.79,50.36,95.13,0.11,0.03,0.05,4.09,7.02,6.71,-2.44,-0.82,0.54,0.04
4.6653,2,0.343,-0.08,0.86,-0.37,221.99,31.83,-125.35,0.24,0.04,-0.15,4.09,4.27,-4.27,24.72,-0.6,-0.57,-0.24
4.6674,5,-0.346,-0.56,-0.71,-0.26,112.24,11.71,129.82,0.25,-0.06,-0.11,4.09,12.05,-2.14,-45.32,-0.24,0.86,-0.45
4.7064,0,-0.05,0.09,0.06,0.99,199.18,-10.8,6.18,0.01,-0.04,-0.06,4.09,1.07,11.44,4.27,0.16,0.07,0.92
4.708,4,0.316,-0.62,0.66,-0.29,281.56,3.77,-129.63,-0.08,0.35,0.09,4.09,5.19,-11.14,9,0.16,-0.49,-0.7
4.7133,1,0.012,0.04,0.03,1,192.58,-4.57,3.51,0.01,-0.02,-0.05,4.09,0,5.49,4.43,0.06,0.04,0.95
4.7149,6,-0.996,-0.06,0.04,-0.06,20.47,-4.87,6.11,0.13,-0.15,-0.08,4.09,-4.27,17.85,1.83,0.33,0.26,0.81
4.7188,7,0.994,0.08,0.01,0.07,22.53,-0.06,8.81,-0.03,0,-0.01,4.09,4.27,-3.51,4.88,-0.02,0.17,0.97
4.7205,3,0.576,0.07,0.72,0.37,135.43,51.29,95.31,-0.13,-0.18,0.12,4.09,-21.82,17.09,-40.59,-0.71,0.89,-0.14
4.7486,2,0.346,-0.08,0.86,-0.37,221.64,32.4,-124.76,0.33,0.17,-0.01,4.09,5.04,0.31,10.99,-0.7,-0.76,-0.19
4.7503,5,-0.362,-0.53,-0.73,-0.25,115.17,15.18,129.29,0.31,0.04,0.11,4.09,-11.9,9.31,-57.68,-0.37,0.91,-0.46
4.8055,0,-0.051,0.09,0.06,0.99,199.34,-10.07,6.19,0.02,0.01,0.01,4.09,0,1.98,-3.51,0.15,0.12,1
4.8073,4,0.308,-0.63,0.65,-0.29,283.37,2.3,-130.35,-0.14,0,-0.04,4.09,-0.61,-1.68,-51.12,-0.05,-1.16,-0.52
4.8107,1,0.009,0.04,0.03,1,192.92,-4.15,3.3,0.03,0.04,0.06,4.09,-1.07,0.46,0.92,0.04,0.09,1.07
4.8123,6,-0.996,-0.05,0.04,-0.06,20.95,-4.38,5.36,0.08,0.01,-0.04,4.09,-7.93,5.34,16.48,0.13,0.07,1
4.8157,7,0.994,0.08,-0,0.08,22.82,-1.08,9.36,-0.04,0,0.05,4.09,1.22,-3.97,-4.12,-0.05,0.16,1.02
4.8173,3,0.575,0.06,0.73,0.37,137.18,52.69,96.3,-0.12,-0.15,0.09,4.09,-4.58,2.44,-27.92,-0.76,0.8,-0.1
4.8407,2,0.349,-0.07,0.85,-0.38,220.81,33.21,-124.24,0.12,0.12,-0.08,4.09,11.14,-6.26,4.43,-0.56,-0.74,-0.29
4.8424,5,-0.362,-0.5,-0.74,-0.26,118.04,15.66,128.4,-0.03,-0.05,-0.15,4.09,-16.63,20.45,-16.78,-0.2,0.63,-0.53
4.9177,0,-0.048,0.08,0.06,0.99,199.08,-9.77,6.04,0.04,-0.03,-0.03,4.09,0,2.14,-3.36,0.14,0.08,0.96
4.9194,4,0.308,-0.62,0.66,-0.28,281.86,3.39,-130.86,0.13,-0.01,0.05,4.09,3.05,9.31,57.98,-0.04,-0.8,-0.59
4.923,1,0.014,0.03,0.03,1,192.29,-3.85,3.37,0.06,0.02,-0.01,4.09,1.22,-3.97,-10.99,0.01,0.07,1
4.9247,6,-0.996,-0.04,0.03,-0.08,22.71,-3.6,4.66,-0.05,0.06,0.07,4.09,-4.27,13.12,34.03,0.01,0.03,1.06
4.9284,7,0.994,0.08,-0,0.07,21.99,-0.81,9.29,0.09,-0.01,-0.06,4.09,-1.07,3.97,-3.51,0.12,0.14,0.92
4.93,3,0.584,0.05,0.72,0.36,136.19,53.9,95.2,-0.03,0.03,0.14,4.09,-0.76,-18.31,17.24,-0.94,0.66,-0.1
4.9529,2,0.351,-0.06,0.85,-0.38,220.7,33.47,-124.16,0.32,0.07,-0.12,4.09,2.44,11.9,8.39,-0.7,-0.59,-0.2
4.9546,5,-0.354,-0.47,-0.76,-0.27,122.42,16.16,128.67,0.09,-0.09,0.09,4.09,-3.81,25.18,-62.71,-0.26,0.92,-0.55
5.0103,0,-0.045,0.08,0.05,0.99,198.78,-9.56,5.63,0.07,0,-0.05,4.09,-1.98,-6.56,-5.49,0.07,0.08,0.96
5.012,4,0.324,-0.55,0.72,-0.25,273.8,11.01,-132.55,0.18,0.2,0.14,4.09,-9,10.07,171.66,-0.02,-0.97,-0.62
5.0155,1,0.019,0.03,0.03,1,191.73,-3.77,3.39,0.02,-0.02,-0.05,4.09,0.76,-7.17,-4.88,0.02,0.03,0.91
5.017,6,-0.993,-0.04,0.02,-0.11,26.37,-2.47,4.2,-0.09,0.01,0.01,4.09,-0.46,14.95,27.01,-0.04,0.09,0.99
5.0204,7,0.995,0.08,-0,0.06,21.28,-0.89,8.86,0.01,0.04,0.04,4.09,-7.78,5.04,2.29,0.02,0.12,1.04
5.0219,3,0.59,0.05,0.72,0.36,134.77,54.26,94.25,0.03,0.06,-0.01,4.09,2.14,-3.36,-9.61,-0.84,0.5,-0.05
5.0452,2,0.35,-0.04,0.86,-0.38,218.43,34.44,-124.76,0.02,0.16,0.01,4.09,-15.11,-11.9,15.41,-0.49,-0.74,-0.32
5.0469,5,-0.358,-0.41,-0.8,-0.26,129.49,20.61,130.45,0.25,-0.01,0.1,4.09,1.37,36.62,-103.76,-0.47,0.83,-0.49
5.1097,0,-0.046,0.07,0.05,0.99,198.89,-8.83,5.15,0.06,-0.01,-0.03,4.09,-0.31,16.02,8.39,0.08,0.09,0.96
5.1113,4,0.333,-0.45,0.8,-0.21,260.69,20.39,-137.81,0.12,-0.13,-0.23,4.09,-13.73,30.52,48.83,-0.42,-0.49,-0.43
5.1151,1,0.02,0.04,0.03,1,191.64,-4.75,3.48,0.13,0.04,0.12,4.09,3.97,-3.2,5.65,-0.03,0.1,1.13
5.1166,6,-0.992,-0.04,0.01,-0.12,27.64,-1.34,4.43,-0.11,-0.01,0,4.09,4.88,13.43,5.8,-0.09,0.1,1
5.1204,7,0.995,0.07,0.02,0.07,21.83,1.61,8.69,0.16,-0.05,-0.12,4.09,2.44,34.48,-11.75,0.17,0.17,0.88
5.1219,3,0.59,0.06,0.72,0.36,133.91,53.57,94.52,0,0.05,-0.07,4.09,10.07,-3.05,9.31,-0.77,0.49,-0.07
5.1449,2,0.348,-0.06,0.86,-0.38,219.65,33.62,-124.43,0.04,0.22,0.18,4.09,-14.5,-10.53,37.38,-0.6,-0.95,-0.4
5.1465,5,-0.337,-0.41,-0.81,-0.26,132.12,19.23,132.08,0.16,-0.08,-0.09,4.09,34.79,18.62,57.53,-0.34,0.8,-0.42
5.222,0,-0.049,0.06,0.05,1,199.29,-7.4,5.31,0.03,0.01,0.04,4.09,3.97,17.55,0.31,0.1,0.11,1.03
5.2239,4,0.302,-0.45,0.82,-0.2,257.79,18.6,-141.21,0.36,-0.13,-0.37,4.09,-56.3,40.13,10.68,-0.46,-0.48,-0.23
5.2277,1,0.021,0.04,0.03,1,191.5,-4.19,3.92,0.07,0,0.07,4.09,5.8,5.49,6.56,0.01,0.07,1.07
5.2292,6,-0.992,-0.04,-0,-0.12,27.88,-0.03,4.94,0.09,0.07,-0.01,4.09,7.32,9.92,4.43,0.07,-0.02,1.01
5.2328,7,0.995,0.07,0.03,0.06,21.11,2.89,8.46,0.2,0.15,-0.05,4.09,0.31,2.29,-0.15,0.13,-0.04,0.97
5.2344,3,0.591,0.09,0.71,0.37,130.99,50.81,92.06,0.02,0.24,-0.38,4.09,-17.7,-36.32,88.65,-0.63,0.2,-0.1
5.2417,2,0.364,-0.05,0.86,-0.36,219.57,35.97,-125.96,0.22,0.17,0.03,4.09,-13.43,-17.7,3.81,-0.71,-0.76,-0.24
5.2432,5,-0.29,-0.43,-0.83,-0.22,133.32,17.19,140.63,0.45,-0.1,-0.51,4.09,113.53,21.36,-99.64,-0.27,0.53,-0.01
5.3135,0,-0.05,0.05,0.05,1,199.49,-5.69,5.68,-0.02,0.06,0.06,4.09,2.9,14.95,6.1,0.12,0.16,1.03
5.3152,4,0.26,-0.45,0.84,-0.15,255.8,17.42,-149.29,0.36,0.17,-0.65,4.09,-97.05,8.09,62.71,-0.07,-0.55,-0.08
5.3185,1,0.009,0.03,0.03,1,192.89,-3.46,3.86,-0.03,-0,0.06,4.09,0.92,11.44,26.09,0.09,0.08,1.04
5.32,6,-0.991,-0.04,-0.01,-0.13,28.69,0.71,5.21,0.06,0.09,0.02,4.09,11.6,15.72,12.82,0.01,0.01,1.03
5.3239,7,0.995,0.07,0.02,0.07,22.78,1.91,8.07,-0.09,0.08,0.06,4.09,-4.27,-7.02,24.41,-0.19,0.11,1.04
5.3249,3,0.584,0.15,0.64,0.48,124.12,36.95,79.74,0.09,0.08,-0.41,4.09,-124.66,-59.51,123.9,-0.42,0.41,0.21
5.3489,2,0.369,-0.05,0.86,-0.35,219.76,36.68,-126.72,0.18,0.18,-0.02,4.09,-20.14,-9.77,14.95,-0.66,-0.7,-0.23
5.3509,5,-0.255,-0.34,-0.9,-0.11,147.26,22.51,156.43,-0.07,-0.08,-0.71,4.09,89.72,13.12,-135.19,-0.02,0.13,-0.28
5.4459,0,-0.06,0.04,0.05,1,200.74,-4.47,5.63,0.02,0.08,-0.03,4.09,-0.61,9.16,14.65,0.06,0.18,0.95
5.4469,4,0.247,-0.43,0.86,-0.09,251.82,20.08,-156.36,0.1,0.37,-0.53,4.09,19.07,0,-12.21,0.13,-0.53,-0.46
5.4509,1,-0.007,0.03,0.04,1,194.69,-3.39,4.37,-0.08,0.15,-0.05,4.09,3.36,-7.02,14.95,0.14,0.2,0.95
5.4519,6,-0.989,-0.05,-0.03,-0.13,29.35,2.54,6.43,0.07,0.01,-0,4.09,16.94,17.24,0.76,0.02,0.09,1
5.4559,7,0.994,0.06,0.03,0.09,24.19,2.27,7.54,-0.26,0.11,0,4.09,-8.09,29.91,17.85,-0.26,0.01,0.95
5.4569,3,0.569,0.14,0.53,0.62,124.31,25.33,63.44,0.23,-0.38,0.3,4.09,-216.37,-31.74,82.09,-0.31,1,0.91
5.4609,2,0.367,-0.06,0.86,-0.35,220.8,35.97,-127.31,0.25,0.15,-0.13,4.09,-7.78,-4.88,-11.9,-0.64,-0.61,-0.17
5.4629,5,-0.273,-0.27,-0.92,-0.05,157.03,28.26,163.57,-0.18,-0.17,-0.26,4.09,-45.78,-78.89,-58.14,-0.16,0.27,-0.74
5.5449,1,-0.013,0.04,0.04,1,195.37,-4.3,4.3,-0.04,0.06,-0.02,4.09,-4.58,-16.02,6.41,0.1,0.13,0.98
5.5459,4,0.301,-0.44,0.82,-0.19,256.76,19.29,-142.23,-0.12,0.42,0.04,4.09,210.27,-20.14,-114.44,0.07,-0.75,-0.84
5.5499,7,0.99,0.05,0.04,0.12,28.55,4.25,5.89,0.25,0.04,-0.13,4.09,-21.82,-0.31,34.64,0.18,-0,0.89
5.5519,3,0.592,0.06,0.37,0.72,122.19,20.31,39.41,0.02,-0.23,0.47,4.09,-260.47,-68.36,-42.88,-0.31,0.83,1.2
5.5559,2,0.354,-0.08,0.86,-0.37,222.66,33.01,-124.89,0.2,-0.08,-0.38,4.09,61.8,5.19,-71.41,-0.52,-0.32,-0.21
5.5579,6,-0.988,-0.07,-0.05,-0.13,29.45,4.85,8.38,0.14,-0.14,-0.02,4.09,13.73,18.92,-13.43,0.09,0.25,0.97
5.5619,0,-0.068,0.05,0.05,1,201.6,-5.71,5.78,-0.02,0.05,-0.01,4.09,-4.43,-16.94,0.61,0.12,0.15,0.97
5.5639,5,-0.398,-0.26,-0.87,-0.12,149.15,39.29,147.97,0.05,-0.29,0.17,4.09,-171.36,-188.14,117.34,-0.63,0.78,-0.73
5.6429,1,-0.018,0.05,0.04,1,195.88,-5.41,4.11,0.03,0.05,0.1,4.09,-3.66,-9.77,17.7,0.05,0.13,1.09
5.6449,4,0.394,-0.47,0.69,-0.39,269.04,10.22,-112.93,0.21,0.03,0.26,4.09,299.07,-47.3,-139.77,-0.28,-1.26,-0.29
5.6509,7,0.989,0.04,0.03,0.14,29.87,2.22,5.23,0.25,-0.15,-0.11,4.09,-12.82,-47.15,52.95,0.25,0.19,0.9
5.6519,3,0.644,-0.02,0.18,0.74,114.17,14.69,14.64,-0.13,0.02,0.31,4.09,-192.87,-76.6,-26.7,-0.32,0.43,1.2
5.6569,2,0.311,-0.1,0.81,-0.49,225.03,23.65,-110.36,0.21,0.09,-0.5,4.09,190.73,41.35,-80.57,-0.3,-0.52,0.04
5.6589,6,-0.989,-0.08,-0.06,-0.11,27,5.92,9.69,-0.12,-0.05,0.07,4.09,6.87,1.22,-41.66,-0.23,0.24,1.04
5.6649,0,-0.069,0.05,0.06,0.99,201.59,-6.52,5.93,-0.01,0.03,0.03,4.09,2.29,17.09,9,0.13,0.13,1.01
5.6659,5,-0.572,-0.29,-0.73,-0.24,118.11,43.89,108.82,0.17,-0.02,0.2,4.09,-178.68,-263.06,66.22,-0.84,0.82,-0.08
5.7419,1,-0.037,0.05,0.03,1,198.11,-5.45,3.68,0.06,0.12,-0.02,4.09,-7.63,1.37,29.3,0.04,0.18,0.97
5.7439,4,0.515,-0.4,0.54,-0.53,275.07,7.87,-84.42,0.01,-0.41,0.46,4.09,250.09,-61.8,82.24,-0.65,-1.38,0.05
5.7489,7,0.986,0.05,-0.02,0.16,32.25,-3.54,5.41,-0.32,0.17,0.14,4.09,16.02,-45.17,-0.92,-0.3,0.04,1.13
5.7509,3,0.667,-0.06,0.08,0.74,110.02,11.25,2.37,-0.21,-0.16,-0.12,4.09,-47,-18.62,-60.27,0.03,0.21,0.9
5.7549,2,0.257,-0.06,0.7,-0.66,220.54,16.06,-89.44,0.31,0.68,0.07,4.09,286.1,62.1,-51.12,-0.29,-1.05,0.78
5.7569,6,-0.991,-0.09,-0.07,-0.08,23.38,6.97,10.79,-0.27,-0.18,0.07,4.09,31.89,8.85,-60.42,-0.37,0.36,0.97
5.7629,0,-0.075,0.03,0.06,1,202.39,-4.3,6.17,0.01,0.07,0.03,4.09,4.58,18.62,-6.71,0.09,0.19,1.02
5.7639,5,-0.752,-0.26,-0.53,-0.28,83.22,41,67.26,0.02,0.21,0.55,4.09,-162.81,-251.01,7.32,-1.08,0.91,0.53
5.8409,1,-0.049,0.05,0.03,1,199.51,-5.61,2.92,0.07,0.09,0.06,4.09,-18.46,2.14,10.07,0.05,0.16,1.05
5.8429,4,0.675,-0.28,0.43,-0.53,288.3,16.47,-60.65,0.04,-0.49,0.23,4.09,151.21,-91.55,34.03,-0.77,-0.84,0.58
5.8479,7,0.981,0.07,-0.04,0.17,33.7,-5.74,7.43,-0.09,0.05,0.1,4.09,16.02,-9.77,-0.31,0.02,0.15,1.13
5.8489,6,-0.99,-0.11,-0.08,-0.03,18.79,8.77,13.38,0.15,0.19,-0.15,4.09,26.4,-17.85,-22.74,0.04,-0.03,0.92
5.8529,2,0.256,0.03,0.53,-0.81,217.85,18.56,-62.66,0.18,0.26,0.31,4.09,242.31,-7.93,134.43,-0.49,-0.9,0.84
5.8539,3,0.699,-0.06,0.06,0.71,104.95,9.67,0.46,-0.07,-0.17,-0,4.09,36.47,4.27,-51.27,0.01,0.1,1.01
5.8579,0,-0.063,0.01,0.06,1,201.2,-1.69,6.33,-0.03,0.02,0.03,4.09,-4.88,27.16,-24.57,0.06,0.12,1.01
5.8589,5,-0.875,-0.2,-0.32,-0.3,61.02,26.62,37.06,-0.11,0.12,0.49,4.09,-147.71,-169.53,-46.84,-0.8,0.71,0.96
5.9439,1,-0.042,0.05,0.02,1,198.72,-5.78,2.58,-0.02,-0.07,0.05,4.09,-3.36,-1.53,-20.45,0.11,-0.04,1.04
5.9459,4,0.731,-0.23,0.3,-0.57,294.34,10.56,-43.96,-0.06,-0.29,0.38,4.09,176.24,-74.92,57.37,-0.56,-0.87,0.98
5.9489,7,0.984,0.09,-0.04,0.15,30.51,-5.52,9.77,-0.02,-0.06,-0.01,4.09,19.38,3.97,-57.37,0.02,0.23,0.96
5.9509,6,-0.991,-0.12,-0.05,-0.01,15.79,5.75,13.83,0.19,0.19,-0.18,4.09,7.02,-77.51,-25.79,0.08,-0,0.98
5.9579,2,0.341,0.12,0.36,-0.86,227.96,27.4,-37.26,0.03,0.01,0.05,4.09,146.48,-53.71,100.71,-0.5,-0.53,0.73
5.9599,3,0.752,-0.04,0.09,0.65,96.23,10.4,3.05,0.14,-0.17,0.03,4.09,54.93,16.48,-71.87,-0.04,-0.09,1.04
5.9639,0,-0.045,-0.01,0.05,1,199.2,0.75,5.32,-0.01,-0.07,-0.03,4.09,-9.61,8.09,-25.79,-0.01,0.02,0.95
5.9649,5,-0.938,-0.1,-0.18,-0.28,49.79,16.14,17.72,-0.12,0.03,0.44,4.09,-137.02,-109.1,-50.51,-0.51,0.44,1.28
6.0429,1,-0.026,0.05,0.01,1,196.98,-5.98,1.5,-0.16,-0.14,0.03,4.09,-15.72,-9.16,-30.67,0.25,-0.1,1.01
6.0439,4,0.833,-0.13,0.18,-0.51,309.28,9.32,-23.73,-0.18,-0.14,0.53,4.09,110.47,-74.62,152.89,-0.43,-0.71,1.29
6.0479,7,0.988,0.1,-0.02,0.11,26.36,-3.98,11.67,-0.04,-0.03,0,4.09,11.29,10.68,-35.4,0.05,0.21,0.97
6.0499,6,-0.995,-0.1,-0.01,-0.02,16.41,0.43,11.4,-0.16,-0.37,0.04,4.09,-41.35,-13.73,31.59,-0.12,0.63,0.91
6.0529,2,0.385,0.13,0.26,-0.88,236.31,25.54,-22.45,-0.14,-0.09,-0.06,4.09,24.11,-84.38,43.49,-0.29,-0.54,0.74
6.0549,3,0.766,-0.03,0.1,0.63,93.75,11.4,4.75,0.19,0.03,0.07,4.09,-0.31,3.81,19.68,-0.21,-0.1,1.06
6.0579,0,-0.026,-0.01,0.04,1,197.11,0.8,4.19,-0.07,-0.05,-0.06,4.09,-3.36,-4.73,-19.07,0.07,-0.01,0.94
6.0609,5,-0.95,-0.04,-0.11,-0.29,48.51,10.85,8.18,-0.02,-0.02,0.16,4.09,-35.1,-6.56,74.92,-0.21,0.19,1.1
6.1409,1,-0.009,0.06,0,1,195.06,-6.94,0.23,-0.12,-0.11,-0.01,4.09,-13.12,-7.32,-17.85,0.23,-0.11,0.95
6.1429,4,0.899,-0.1,0.15,-0.4,324.54,10.32,-18.03,0.08,-0.29,-0.04,4.09,-13.43,0.76,6.41,-0.34,-0.04,0.94
6.1469,7,0.989,0.11,-0.02,0.09,24.22,-3.03,12.59,0,0.01,0,4.09,4.43,0.76,-22.58,0.05,0.2,0.98
6.1489,6,-0.995,-0.09,0.03,-0.02,16.18,-4.12,10.14,0.03,0.21,-0,4.09,-14.34,-48.52,29.14,0.07,-0.01,1.01
6.1529,2,0.472,0.09,0.19,-0.85,249.13,20.24,-15.07,0.12,-0.02,0.06,4.09,-15.26,-48.07,65.16,-0.39,-0.26,0.95
6.1539,3,0.739,-0.04,0.1,0.67,98.47,10.95,4.5,-0.04,-0.01,-0.03,4.09,-7.93,-3.2,55.24,-0.18,0.12,0.94
6.1579,0,-0.022,0,0.03,1,196.61,-0.32,3.56,-0.08,-0.13,-0.03,4.09,5.04,-17.4,8.24,0.09,-0.07,0.99
6.1609,5,-0.918,-0.04,-0.11,-0.38,59.75,10.35,9.47,-0.19,-0.06,-0.01,4.09,14.04,31.28,120.85,-0.27,0.34,0.9
6.2189,1,-0.005,0.07,-0.01,1,194.71,-7.77,-0.68,-0.06,-0.07,0.06,4.09,-0.31,1.07,-2.75,0.18,-0.05,1.07
6.2209,4,0.867,-0.11,0.16,-0.46,316.58,10.53,-20.05,-0.03,0.12,-0.07,4.09,14.04,43.79,-89.11,-0.09,-0.41,0.85
6.2249,7,0.99,0.11,-0.02,0.08,23.35,-2.97,12.49,-0.05,-0.01,-0,4.09,-3.81,-3.66,5.95,0.02,0.24,0.99
6.2269,6,-0.994,-0.08,0.06,-0.05,19.1,-6.76,9.05,-0.37,-0.06,0.1,4.09,-9,16.48,20.6,-0.17,0.23,1.07
6.2309,2,0.55,0.06,0.18,-0.81,260.06,17.3,-14.28,-0.15,-0.07,0.09,4.09,-55.85,-51.27,142.67,-0.32,-0.4,0.98
6.2319,3,0.724,-0.03,0.1,0.68,101.21,10.55,5.51,-0.12,-0.02,0.02,4.09,23.8,5.19,-4.27,-0.18,0.22,1.01
6.2539,0,-0.036,0.02,0.03,1,198.11,-2.04,3.56,-0.08,-0.04,0.06,4.09,4.73,-7.48,14.8,0.11,0.02,1.06
6.2559,5,-0.883,-0.05,-0.13,-0.45,68.9,11.08,12.27,-0.16,-0.11,0.08,4.09,11.44,26.55,24.72,-0.21,0.41,1
6.3289,1,0.005,0.06,-0,1,193.51,-6.71,-0.14,-0.01,-0.06,0.02,4.09,12.21,17.7,-22.58,0.12,-0.06,1.01
6.3309,4,0.835,-0.08,0.18,-0.51,308.8,12.19,-19.13,-0.09,0.22,0.04,4.09,19.38,41.66,-35.86,-0.07,-0.5,0.93
6.3349,7,0.991,0.11,-0.02,0.08,22.72,-3.19,12.25,0.08,-0.06,-0,4.09,-7.17,-7.78,-21.06,0.15,0.24,0.96
6.3359,6,-0.994,-0.08,0.05,-0.06,20.05,-5.84,8.79,0.09,-0.04,-0.03,4.09,1.53,-4.88,2.14,0.18,0.17,0.94
6.3399,2,0.641,0.04,0.19,-0.74,273.55,17.97,-13.98,0.47,0.14,0.08,4.09,-16.02,16.63,59.05,-0.28,0.24,1.11
6.3419,3,0.739,-0.02,0.12,0.66,98.62,11.25,7.42,0.03,0.03,-0.04,4.09,27.47,11.14,-31.43,-0.21,0.08,0.92
6.3649,0,-0.047,0.02,0.04,1,199.3,-2.34,4.05,-0.02,0.11,0.02,4.09,4.27,-0.76,14.04,0.07,0.19,1
6.3659,5,-0.882,-0.05,-0.16,-0.44,68.95,13.19,13.59,-0,-0.03,-0,4.09,38.15,22.74,-15.26,-0.2,0.24,0.95
6.4279,1,0.013,0.05,0.01,1,192.55,-5.61,0.8,-0.04,-0.1,0.1,4.09,9.16,16.48,10.38,0.15,-0.07,1.08
6.4299,4,0.827,-0.08,0.19,-0.52,306.98,13.55,-19.69,0.01,0.22,0.05,4.09,-25.48,3.05,7.32,-0.04,-0.42,0.98
6.4329,7,0.992,0.1,-0.03,0.07,21.72,-4.06,10.91,0,0.1,-0.04,4.09,-10.53,-8.54,30.67,0.05,0.12,0.96
6.4349,6,-0.993,-0.08,0.06,-0.06,20.23,-7,8.95,-0,-0.01,0,4.09,3.66,-11.14,-7.02,0.13,0.17,1
6.4379,2,0.632,0.05,0.2,-0.75,272.16,19.22,-13.92,0.07,0.17,-0.14,4.09,12.05,24.57,-70.5,-0.13,-0.13,0.84
6.4399,3,0.748,-0.01,0.14,0.65,97.1,12.53,9.45,0.01,-0.02,0.01,4.09,20.6,6.1,-3.51,-0.19,0.16,0.97
6.4479,0,-0.054,0.02,0.04,1,200.15,-3.1,4.45,0.01,0.06,-0.07,4.09,1.83,-12.82,8.39,0.04,0.13,0.93
6.4499,5,-0.88,-0.07,-0.18,-0.43,68.73,15.23,16.99,0.09,-0.04,-0.03,4.09,35.71,20.75,4.12,-0.17,0.22,0.93
6.5249,1,0.001,0.04,0.01,1,193.91,-4.78,1.31,0,0.09,-0.01,4.09,5.65,1.98,14.34,0.08,0.13,1
6.5269,4,0.829,-0.1,0.2,-0.51,307.91,12.57,-22.5,0.03,0.13,-0.04,4.09,-32.81,-16.63,15.56,-0.08,-0.4,0.88
6.5309,7,0.991,0.09,-0.04,0.1,24.78,-5.41,9.69,-0.11,0.03,0.02,4.09,-5.65,-4.27,26.86,-0.02,0.15,1.03
6.5329,6,-0.994,-0.08,0.06,-0.05,19.41,-7,9.31,0.01,0.02,0,4.09,2.75,4.73,-6.1,0.13,0.14,0.98
6.5359,2,0.593,0.05,0.2,-0.78,266.12,18.18,-15.22,-0.21,0.13,-0.01,4.09,-19.07,-4.43,-21.06,-0.14,-0.44,0.94
6.5379,3,0.75,-0,0.14,0.65,96.77,12.44,10.8,-0.02,-0.02,0.03,4.09,9.46,-3.05,-2.9,-0.2,0.21,0.98
6.5599,0,-0.059,0.03,0.05,1,200.64,-4.19,5.11,-0.01,0.09,0.02,4.09,6.26,-7.02,6.26,0.11,0.17,0.99
6.5619,5,-0.874,-0.08,-0.19,-0.44,69.79,15.58,18.83,0.08,-0.05,-0.04,4.09,11.14,2.29,-0.31,-0.18,0.27,0.91
6.6469,1,-0.009,0.05,0.02,1,194.95,-5.43,1.95,-0.02,0.01,0,4.09,3.36,-17.24,17.85,0.12,0.04,1.01
6.6489,4,0.839,-0.13,0.19,-0.49,311.01,11.05,-25.05,0.07,0.04,-0.02,4.09,-30.67,-25.33,24.11,-0.13,-0.37,0.91
6.6539,7,0.989,0.08,-0.04,0.12,27.24,-5.22,8.99,-0.03,0.06,-0.03,4.09,-4.73,5.65,30.21,0.06,0.12,0.97
6.6559,3,0.755,0,0.14,0.64,95.77,12.27,11.06,0.04,-0.01,0.01,4.09,2.14,0,-8.85,-0.19,0.15,0.98
6.6599,2,0.614,0.03,0.2,-0.76,269.19,17.25,-16.58,0.08,0.09,-0,4.09,-26.7,-4.12,30.52,-0.23,-0.15,0.96
6.6619,6,-0.994,-0.09,0.05,-0.05,19.23,-6.13,9.59,0.04,0,-0.01,4.09,2.44,8.09,-2.29,0.14,0.16,0.97
6.6659,0,-0.062,0.04,0.05,1,200.94,-5,5.91,-0.04,0.04,0.01,4.09,-0.46,-8.7,6.41,0.13,0.13,1
6.6679,5,-0.88,-0.08,-0.18,-0.43,68.51,15,17.78,0.07,-0.01,-0.02,4.09,-9.46,-11.29,-14.19,-0.2,0.24,0.93
6.7479,1,-0.015,0.06,0.02,1,195.71,-6.66,2.01,0,0.08,0.03,4.09,-0.92,-12.51,5.8,0.11,0.12,1.02
6.7499,4,0.852,-0.16,0.18,-0.46,314.68,9.64,-26.53,0.07,-0.05,0.01,4.09,-18.46,-28.53,30.82,-0.18,-0.37,0.93
6.7529,7,0.987,0.08,-0.04,0.14,29.27,-5.5,8.29,-0.02,0.02,-0.02,4.09,-7.63,-3.2,12.82,0.07,0.13,0.97
6.7549,6,-0.994,-0.09,0.05,-0.05,19.07,-5.87,9.72,0.05,0.01,-0.01,4.09,0.92,1.07,-1.98,0.14,0.14,0.97
6.7579,2,0.62,0.02,0.21,-0.76,270.04,17.27,-17.82,0,0.07,0.06,4.09,-7.78,3.66,-2.75,-0.25,-0.3,0.98
6.7599,3,0.757,0,0.14,0.64,95.53,12.02,10.51,0.03,-0.02,-0.01,4.09,-5.8,-1.07,2.75,-0.18,0.15,0.96
6.7639,0,-0.067,0.05,0.05,1,201.51,-5.67,5.83,-0.03,0.03,0.01,4.09,-1.98,-1.22,4.58,0.13,0.13,1
6.7659,5,-0.887,-0.06,-0.17,-0.43,67.18,13.95,15.32,0.01,0,0,4.09,-22.13,-11.44,-4.73,-0.24,0.25,0.95
6.8669,1,-0.015,0.06,0.02,1,195.64,-7.38,2.27,0.01,0.03,0.05,4.09,-0.61,-5.49,-0.31,0.13,0.07,1.05
6.8689,4,0.87,-0.17,0.17,-0.43,319.14,9,-26.3,0.04,-0.1,-0,4.09,2.14,-20.75,37.08,-0.22,-0.35,0.91
6.8719,7,0.986,0.07,-0.04,0.15,30.49,-5.7,7.13,0.07,-0.02,0.02,4.09,-3.97,2.9,7.63,0.17,0.13,1
6.8739,3,0.752,-0,0.13,0.65,96.28,11.67,9.74,0.01,-0.02,0,4.09,-7.63,-0.76,9.61,-0.18,0.17,0.98
6.8779,2,0.628,0.02,0.21,-0.75,271.39,16.83,-17.8,0.04,0.07,-0.04,4.09,-7.32,-3.05,11.14,-0.22,-0.23,0.91
6.8799,6,-0.994,-0.09,0.05,-0.05,18.83,-6,9.76,0,0,-0,4.09,0.31,-2.29,-0.46,0.11,0.16,0.97
6.8839,0,-0.068,0.05,0.05,1,201.57,-5.91,5.88,-0.02,0.01,0,4.09,-0.76,-3.2,-2.29,0.12,0.11,0.99
6.8849,5,-0.89,-0.05,-0.15,-0.43,66.97,13.01,12.53,-0.05,-0.02,0.03,4.09,-27.16,-5.8,5.8,-0.25,0.27,0.96
6.9319,1,-0.016,0.07,0.02,1,195.68,-7.81,2.28,0,-0.01,0.01,4.09,-0.92,-4.43,1.37,0.13,0.03,1.01
6.9339,4,0.883,-0.15,0.16,-0.41,321.99,9.22,-24.42,0.02,-0.09,0,4.09,21.36,-0.15,3.66,-0.23,-0.34,0.92
6.9379,7,0.986,0.07,-0.04,0.15,30.98,-6.07,6.83,0.02,0.01,-0.01,4.09,-1.53,-3.51,0.76,0.13,0.1,0.98
6.9389,6,-0.994,-0.09,0.05,-0.05,18.72,-6.18,9.78,0,0.01,-0.01,4.09,0,-3.97,2.59,0.12,0.15,0.98
6.9439,2,0.637,0.01,0.2,-0.74,272.78,15.78,-17.57,0.03,0.03,-0.01,4.09,-2.59,-7.78,1.98,-0.24,-0.26,0.93
6.9449,3,0.747,-0,0.13,0.65,97.21,11.35,9.36,0.01,-0.02,-0,4.09,-3.36,1.22,10.83,-0.17,0.15,0.97
6.9499,0,-0.064,0.05,0.05,1,201.09,-6.21,5.93,-0.02,0,0.03,4.09,1.37,-0.76,-4.43,0.13,0.1,1.01
6.9519,5,-0.888,-0.03,-0.14,-0.44,67.71,12.52,10.24,-0.1,-0.05,0.03,4.09,-19.38,1.22,7.63,-0.24,0.29,0.97
7.0299,1,-0.016,0.07,0.02,1,195.72,-8.1,2.16,-0,0.02,0.03,4.09,-0.92,-2.75,-0.61,0.14,0.05,1.02
7.0309,4,0.884,-0.13,0.16,-0.42,321.35,9.69,-21.95,-0.02,-0.01,0.03,4.09,27.31,13.58,-10.99,-0.19,-0.39,0.93
7.0349,7,0.985,0.07,-0.05,0.15,31.04,-6.57,6.61,0,0.02,0,4.09,-1.22,-4.88,1.83,0.11,0.09,1
7.0369,6,-0.994,-0.09,0.06,-0.05,18.9,-6.86,9.73,-0.02,-0.01,0.01,4.09,0.31,-3.36,1.53,0.11,0.18,0.99
7.0399,2,0.643,0,0.19,-0.74,273.69,14.51,-17.06,0.02,0,0.02,4.09,3.2,-5.04,1.83,-0.25,-0.27,0.95
7.0419,3,0.742,-0,0.13,0.66,98.18,11.26,9.39,0.01,-0.02,-0,4.09,-0.31,3.36,8.54,-0.17,0.15,0.97
7.0499,0,-0.061,0.05,0.06,1,200.76,-6.25,6.05,-0.01,-0,0.01,4.09,0.76,0.46,-2.14,0.12,0.1,1
7.0519,5,-0.883,-0.02,-0.13,-0.45,68.95,12.6,9.3,-0.1,-0.09,0.01,4.09,-1.98,6.71,11.29,-0.21,0.29,0.95
7.1379,1,-0.015,0.07,0.02,1,195.56,-8.03,2.25,-0,-0,0.01,4.09,0.31,1.68,-2.44,0.14,0.03,1
7.1399,4,0.88,-0.11,0.16,-0.43,319.72,10.44,-19.86,-0.04,0.07,0.02,4.09,20.29,13.89,-12.82,-0.15,-0.41,0.93
7.1439,7,0.985,0.07,-0.05,0.15,30.72,-6.98,6.53,0.01,0.02,-0,4.09,0.31,-2.29,-2.75,0.13,0.09,0.98
7.1459,6,-0.993,-0.09,0.06,-0.05,18.96,-6.92,9.81,-0.01,0,0,4.09,0.92,0.76,0.61,0.11,0.17,0.98
7.1509,2,0.646,-0,0.18,-0.74,274.31,13.76,-16.42,0.01,0,0,4.09,3.36,-0.61,0.31,-0.24,-0.26,0.93
7.1519,3,0.737,-0.01,0.13,0.66,98.94,11.27,9.39,-0.02,-0.02,0,4.09,-0.31,1.22,2.14,-0.17,0.18,0.97
7.1869,0,-0.061,0.05,0.06,1,200.68,-6.12,6.21,-0,-0.01,0.01,4.09,1.22,0.46,-0.46,0.11,0.1,0.99
7.1879,5,-0.878,-0.02,-0.14,-0.46,70.34,12.7,10.02,-0.08,-0.09,0,4.09,8.24,3.66,7.17,-0.19,0.29,0.95
7.2459,1,-0.014,0.07,0.02,1,195.46,-7.8,2.22,-0.01,-0,0.02,4.09,0,3.51,-0.31,0.15,0.03,1.01
