0,2,1,0,0,0,0,0,0,0,0,0,4.09,0,0,0,0,0,0
0.0039,0,0.792,0.01,-0.01,-0.61,298.82,-0.54,1.61,-0,0,0.01,4.09,-0.15,0.31,-0.46,0.01,0.02,1.01
0.0055,5,-0.255,0.05,-0.17,-0.95,165.64,10.7,17.57,-0.02,0,0.02,4.09,0.15,0,0.76,-0.18,0.31,0.95
0.0096,3,0.155,0.08,-0.01,-0.98,212.1,8.47,2.58,0,0,0,4.09,-0.46,-0.46,0.15,-0.15,0.05,0.99
0.0115,4,-0.974,0.15,0.02,-0.17,33.86,0.49,-16.93,-0.01,0,0.01,4.09,-0.15,0,0,-0.02,-0.29,0.96
0.0333,6,-0.986,0.05,-0.09,0.13,358.36,9.69,-7.18,-0,0,0,4.09,0.61,0,-0.15,-0.17,-0.13,0.98
0.0349,1,-0.683,-0,0.1,0.72,280.13,-7.14,8.3,-0.01,0,0,4.09,0,0.15,0.15,0.13,0.14,0.98
0.0964,7,-0.549,-0.04,-0.01,-0.83,127.3,-2.55,3.72,0,0,0,0,-0.15,-0.15,0,0.04,0.06,1
0.098,2,1,0,0,0,0,0,0,0,0,0,4.09,0,0,0,0,0,0
0.1045,0,0.792,0.01,-0.01,-0.61,298.78,-0.55,1.61,-0,0,0.01,4.09,-0.15,0,-0.15,0.01,0.03,1.01
0.1061,5,-0.254,0.05,-0.17,-0.95,165.75,10.57,18.09,0,0.07,0.19,4.09,22.74,-2.14,2.29,-0.26,0.43,1.09
0.1109,3,0.155,0.08,-0.01,-0.98,212.17,8.38,2.6,0.01,0,0.01,4.09,-0.15,-0.61,0,-0.15,0.05,1
0.1127,4,-0.975,0.15,0.02,-0.16,33.22,0.27,-17.34,-0.06,-0.02,0.17,4.09,-12.66,2.14,-14.04,-0.07,-0.37,1.14
0.1312,6,-0.986,0.05,-0.09,0.13,358.37,9.77,-7.17,0,0,0,4.09,0,-0.15,0,-0.17,-0.12,0.98
0.1329,1,-0.683,-0,0.1,0.72,280.18,-7.16,8.33,-0.01,0.01,0,4.09,0.31,0.76,0.15,0.13,0.14,0.99
0.2021,7,-0.549,-0.04,-0.01,-0.83,127.24,-2.61,3.65,0,0,-0,0,-0.15,-0.15,0,0.04,0.06,1
0.204,2,1,0,0,0,0,0,0,0,0,0,4.09,0,0,0,0,0,0
0.2095,0,0.792,0.01,-0.01,-0.61,298.75,-0.55,1.6,-0,0,0.01,4.09,0,0,-0.15,0.01,0.02,1.01
0.2113,5,-0.266,0.04,-0.23,-0.93,164.8,11.49,25.22,0.01,0.13,0.69,4.09,139.01,43.79,-32.2,-0.43,0.83,1.45
0.2164,3,0.155,0.08,-0.01,-0.98,212.09,8.45,2.56,0,0,0.01,4.09,-0.15,0,0.76,-0.15,0.05,1
0.2181,4,-0.96,0.21,0.03,-0.19,35.91,1.42,-24.04,0.03,0.28,0.68,4.09,-128.63,6.26,146.79,-0.11,-0.92,1.44
0.2367,6,-0.986,0.05,-0.09,0.13,358.42,9.78,-7.2,0,-0,0.02,4.09,0.15,-0.61,0,-0.17,-0.12,1
0.2383,1,-0.683,-0.01,0.09,0.72,280.23,-6.92,8.31,-0.02,0.01,0.01,4.09,-0.92,4.43,0,0.14,0.13,0.99
0.3154,7,-0.549,-0.04,-0.01,-0.83,127.29,-2.61,3.65,0,-0,0,0,-0.31,-0.61,0,0.04,0.06,1
0.317,2,1,0,0,0,0,0,0,0,0,0,4.09,0,0,0,0,0,0
0.3225,0,0.792,0.01,-0.01,-0.61,298.71,-0.46,1.52,-0,0.02,0.02,4.09,-0.31,2.14,-1.07,0.04,0.01,1.02
0.3239,5,-0.308,0.07,-0.41,-0.86,163.65,21.83,44.83,-0.09,-0.06,0.81,4.09,265.35,131.68,-41.5,-0.59,1.15,1.14
0.3274,3,0.158,0.09,-0.01,-0.98,212.49,9.56,2.24,0.09,-0.26,0.13,4.09,-19.99,31.59,17.85,-0.37,-0.2,1.09
0.3288,4,-0.905,0.38,0.02,-0.2,36.38,6.02,-44.02,-0.22,-0.05,0.55,4.09,-293.27,70.04,-169.22,-0.31,-0.98,1.13
0.3483,6,-0.985,0.05,-0.09,0.13,357.92,9.8,-7.03,-0.11,-0.37,0.07,4.09,28.84,15.41,-33.42,-0.4,0.22,1.04
0.3498,1,-0.684,-0.01,0.09,0.72,280.33,-6.59,8.27,-0.01,-0.02,0,4.09,-0.61,2.44,0,0.09,0.14,0.99
0.4065,7,-0.549,-0.04,-0.01,-0.83,127.28,-2.71,3.64,-0,0.01,-0.01,0,-0.31,-1.53,-0.15,0.05,0.07,0.99
0.408,2,1,0,0,0,0,0,0,0,0,0,4.09,0,0,0,0,0,0
0.4113,0,0.792,0.01,-0.01,-0.61,298.75,-0.32,1.49,0.01,0.02,0.02,4.09,0.76,-0.31,0.31,0.02,0.04,1.02
0.4127,5,-0.238,0.08,-0.64,-0.72,178.51,24.77,80,0.4,0.02,-0.47,4.09,325.47,151.52,207.52,-0.53,0.31,0.07
0.4162,3,0.198,0.13,0.04,-0.97,216.91,15.07,-1.68,-0.12,-0.18,0.18,4.09,-87.43,67.9,73.39,-0.27,-0.26,1.16
0.4176,4,-0.782,0.61,0.12,-0.01,23.34,-9.94,-76.95,-0.1,0.25,-0.08,4.09,-345.61,-29.91,-174.26,0.03,-0.96,-0.06
0.4393,6,-0.971,0.01,-0.12,0.2,349.97,13.54,-3.72,0.04,-0.06,0.23,4.09,53.25,87.89,-93.84,-0.29,-0.04,1.22
0.4412,1,-0.684,-0.01,0.09,0.72,280.38,-6.26,8.1,-0.01,-0.04,-0.02,4.09,-0.76,-0.61,-3.97,0.07,0.12,0.97
0.5264,7,-0.551,-0.04,-0.01,-0.83,127.08,-2.99,3.46,0,-0.01,-0,0,-1.98,-2.9,0.15,0.06,0.05,0.99
0.528,2,1,0,0,0,0,0,0,0,0,0,4.09,0,0,0,0,0,0
0.5318,0,0.792,0.01,-0.01,-0.61,298.85,-0.49,1.6,-0.01,0.01,0.03,4.09,2.75,-2.14,3.36,0.02,0.02,1.03
0.5335,5,-0.099,-0.02,-0.84,-0.53,186.16,8.43,115.13,0.09,0.46,-0.56,4.09,255.89,50.2,109.86,-0.18,0.21,-0.61
0.5385,3,0.292,0.18,0.11,-0.93,227.45,24.15,-6.42,-0.12,0.23,-0.07,4.09,-55.39,82.55,146.03,-0.16,0.06,0.91
0.54,4,-0.578,0.8,0.17,0.02,28.39,-13.24,-109.93,-0.15,0.18,-0.5,4.09,-252.84,-55.39,121.61,-0.05,-0.4,-0.35
0.5593,6,-0.934,-0.04,-0.21,0.29,339.14,24.01,-3.19,0.06,0.24,-0.08,4.09,15.72,94.6,-103.76,-0.18,-0.23,0.91
0.5609,1,-0.683,-0.01,0.09,0.73,280.13,-6.45,8.09,-0.06,-0,-0.01,4.09,-0.15,-4.73,-1.83,0.12,0.09,0.97
0.6246,7,-0.55,-0.04,-0.01,-0.83,127.22,-3.28,3.2,-0.01,-0,0.01,0,-2.75,-1.83,0.92,0.06,0.06,1.01
0.6262,2,1,0,0,0,0,0,0,0,0,0,4.09,0,0,0,0,0,0
0.6297,0,0.795,0.01,-0.01,-0.61,299.38,-0.58,1.75,-0.03,-0.04,0,4.09,0.61,0.76,2.59,-0.04,0.01,0.99
0.6311,5,-0.045,-0.02,-0.91,-0.42,190.02,3.79,130.63,-0.21,0.33,-0.42,4.09,-12.97,62.26,-142.06,0.16,0.22,-0.64
0.6349,3,0.392,0.23,0.1,-0.88,241.91,29.46,0.17,0.23,0.43,-0.28,4.09,85.45,-6.87,118.1,-0.23,0.49,0.7
0.639,4,-0.459,0.89,0.03,-0.04,19.11,2.94,-125.09,0.15,0.6,-0.76,4.09,19.99,53.25,202.79,0.15,0.12,-0.6
0.6433,6,-0.892,-0,-0.26,0.37,326.13,28.29,-12.27,-0.16,0.42,-0.37,4.09,-100.1,-9.16,-117.65,-0.13,-0.56,0.53
0.6449,1,-0.681,-0,0.09,0.73,279.86,-7.13,8.12,-0.04,-0.01,0.02,4.09,0.76,-6.87,-0.61,0.12,0.1,1.01
0.7084,7,-0.548,-0.04,-0.01,-0.84,127.46,-3.29,3.05,-0.03,0.01,0.01,0,-1.83,3.36,2.29,0.06,0.09,1.01
0.7099,2,1,0,0,0,0,0,0,0,0,0,4.09,0,0,0,0,0,0
0.7134,0,0.796,0.01,-0.01,-0.61,299.49,-0.35,1.66,-0.02,-0.05,0,4.09,-1.83,-4.12,-6.26,-0.05,0.05,0.99
0.7148,5,-0.075,0.16,-0.84,-0.51,205.3,16.58,119.08,-0.43,-0.2,-0.66,4.09,-218.2,-30.82,-93.84,0.25,0.52,0.08
0.7182,3,0.446,0.26,-0.07,-0.85,253.89,22.94,22.35,0.11,0.34,0.12,4.09,201.57,-83.16,119.48,-0.22,0.67,0.95
0.7207,4,-0.541,0.83,-0.09,-0.05,7.89,10.18,-114.62,0.53,-0.54,-0.38,4.09,183.87,-12.21,10.07,0.35,-0.9,0.27
0.7414,6,-0.851,0.19,-0.26,0.42,316.77,16.44,-33.83,-0.06,0.37,0.1,4.09,-196.38,-130.92,-115.97,-0.08,-0.83,0.94
0.743,1,-0.68,-0,0.1,0.73,279.74,-7.35,8.2,-0.01,-0.03,0.01,4.09,-0.46,1.98,-1.98,0.1,0.13,1
0.8175,7,-0.548,-0.04,-0.01,-0.84,127.43,-2.8,3.09,-0.01,0.03,0.01,0,-0.31,8.24,1.37,0.02,0.08,1.01
0.8191,2,1,0,0,0,0,0,0,0,0,0,4.09,0,0,0,0,0,0
0.8254,0,0.789,0.01,-0.01,-0.61,298.31,-0.79,1.51,-0.07,0.04,0.04,4.09,0,-4.73,-13.28,0.08,-0.04,1.07
0.8269,5,-0.086,0.16,-0.75,-0.64,202.32,19.78,100.41,-0.24,-0.53,-0.03,4.09,-104.68,-54.02,82.09,-0.22,1.1,0.36
0.8309,3,0.426,0.26,-0.24,-0.83,253.36,13.55,40.05,-0.14,-0.09,0.41,4.09,136.11,-89.87,-22.89,-0.34,0.74,1.13
0.8323,4,-0.633,0.77,-0.08,-0.07,11.74,11.76,-101.19,0.07,-0.44,0.14,4.09,97.2,-41.66,18.46,-0.2,-1.2,0.22
0.8506,6,-0.828,0.34,-0.21,0.39,321.58,4.9,-47.44,0.07,-0.25,0.3,4.09,-120.39,-112.3,46.08,-0.26,-0.79,1
0.8536,1,-0.678,-0,0.09,0.73,279.43,-6.71,7.65,0.04,0.02,0.02,4.09,-14.5,4.27,-10.22,0.14,0.18,1
0.9145,7,-0.549,-0.03,-0.02,-0.84,127.43,-1.4,3.44,-0.03,0.12,0.03,0,9.16,20.14,0.31,-0.09,0.14,1.03
0.9161,5,-0.078,0.12,-0.73,-0.67,198.11,15.82,94.81,0.16,-0.15,0.18,4.09,-7.02,-29.45,-59.51,-0.51,0.94,0.05
0.9191,0,0.789,-0,-0.02,-0.61,298.32,-1.41,1.07,-0,0.06,0.07,4.09,-6.1,10.99,10.07,0.14,0.02,1.13
0.9214,2,1,0,0,0,0,0,0,0,0,0,4.09,0,0,0,0,0,0
0.9257,3,0.358,0.26,-0.35,-0.82,245.89,10.18,51.27,-0.08,-0.21,-0.04,4.09,102.69,-49.29,-54.93,-0.28,0.6,0.73
0.9272,4,-0.659,0.74,-0.09,-0.11,15.26,16.21,-96.35,-0.22,-0.24,0.07,4.09,31.89,-21.97,49.44,-0.5,-0.9,0.12
0.9378,6,-0.842,0.42,-0.21,0.27,335.12,7.13,-55.61,0.01,-0.24,-0.2,4.09,-57.68,-41.96,104.37,-0.23,-0.52,0.64
0.9398,1,-0.672,-0.01,0.08,0.74,278.54,-5.64,7.22,0.05,0.07,-0.03,4.09,1.07,12.97,-3.66,0.16,0.17,0.95
1.0218,7,-0.551,-0.01,-0.05,-0.83,127.25,2.19,5.75,-0.07,0.16,0.07,0,41.81,52.03,2.14,-0.15,0.21,1.05
1.024,5,-0.075,0.11,-0.72,-0.68,197.15,14.77,93.25,-0.04,0.05,0.05,4.09,-15.87,-2.59,58.9,-0.22,1.07,-0.12
1.0278,0,0.797,0.01,0,-0.6,299.77,0.76,0.56,0.05,0.08,-0.01,4.09,-6.41,26.55,19.99,0.07,0.03,0.99
1.0293,2,1,0,0,0,0,0,0,0,0,0,4.09,0,0,0,0,0,0
1.0333,3,0.277,0.29,-0.38,-0.83,239.19,15.68,55.67,0,-0.25,-0.26,4.09,29.3,-1.07,-81.33,-0.36,0.47,0.5
1.0349,4,-0.677,0.73,-0.06,-0.09,16.42,12.36,-93.89,0.02,-0.17,-0.1,4.09,27.47,0.15,-110.17,-0.12,-0.91,0.1
1.0528,6,-0.847,0.44,-0.23,0.19,341.3,12.92,-58.62,-0.02,-0.13,-0.26,4.09,-11.29,-17.85,26.7,-0.25,-0.56,0.48
1.0555,1,-0.668,-0.01,0.08,0.74,277.88,-5.4,7.69,0.17,0.04,0.01,4.09,7.17,-1.22,-15.72,0.11,0.31,0.97
1.12,7,-0.546,0.02,-0.11,-0.83,128.12,8.41,9.74,0.09,-0.01,0.18,0,25.33,56.76,-16.17,-0.2,0.11,1.16
1.1221,2,1,0,0,0,0,0,0,0,0,0,4.09,0,0,0,0,0,0
1.1264,0,0.807,0.02,0.02,-0.59,301.62,2.79,0.42,0.09,-0.02,0.03,4.09,-6.26,22.13,17.7,-0.04,0.1,1.03
1.128,5,-0.074,0.09,-0.72,-0.69,195.66,13.32,92.31,-0.02,0.01,-0.22,4.09,-3.2,-30.98,8.24,-0.19,0.76,0.02
1.1316,3,0.257,0.3,-0.38,-0.84,237.93,18.23,55.98,0.1,0.03,0.01,4.09,-11.75,3.05,38.6,-0.36,0.89,0.45
1.1331,4,-0.683,0.73,0.02,-0.03,18.05,1.01,-93.74,0.1,-0.18,0.04,4.09,-15.56,0.92,-174.71,0.14,-1.12,0.08
1.1523,6,-0.846,0.44,-0.24,0.19,341.33,13.66,-58.79,0.02,-0,0.04,4.09,9.92,8.85,6.41,-0.23,-0.87,0.54
1.1547,1,-0.659,-0.02,0.09,0.75,276.42,-5.39,8.99,0.05,0.11,-0.11,4.09,2.29,-8.09,-23.96,0.17,0.2,0.88
1.2104,7,-0.543,0.03,-0.16,-0.82,128.75,12.3,13.66,0.02,-0.27,-0.17,0,32.96,25.79,-27.92,0.06,0.07,0.85
1.212,2,1,0,0,0,0,0,0,0,0,0,4.09,0,0,0,0,0,0
1.2154,0,0.813,0.03,0.03,-0.58,302.99,4.66,0.62,0.12,-0.04,0.01,4.09,-1.68,16.63,0.31,-0.08,0.14,1
1.2168,5,-0.005,-0.02,-0.72,-0.69,192.08,-1.02,92.45,-0.27,-0.05,-0.11,4.09,9.31,-33.72,284.73,0.31,0.91,-0.02
1.2209,3,0.265,0.3,-0.38,-0.83,238.83,17.49,56.43,0.14,0.05,0,4.09,-3.81,0,-33.11,-0.35,0.84,0.4
1.223,4,-0.669,0.74,0.1,0.05,18.83,-11.5,-95.89,-0.43,-0.24,0.04,4.09,-14.5,42.57,-82.09,-0.05,-1.08,0.13
1.2463,6,-0.852,0.43,-0.25,0.17,342.29,16.01,-57.98,0.08,-0.1,-0.12,4.09,17.09,12.05,27.92,-0.23,-0.63,0.56
1.2479,1,-0.642,-0.01,0.09,0.76,273.94,-5.63,8.57,0.11,-0.08,0.13,4.09,-10.53,3.36,-33.72,0.01,0.23,1.11
1.3244,7,-0.581,0.02,-0.15,-0.8,123.35,12.4,13.03,0.08,-0.02,-0.17,0,-17.24,-47.3,-102.39,-0.2,0.1,0.82
1.326,2,1,0,0,0,0,0,0,0,0,0,4.09,0,0,0,0,0,0
1.3295,0,0.807,0.04,0.04,-0.59,302,6.37,1.01,0.09,-0.04,-0.09,4.09,2.14,10.38,-21.97,-0.11,0.11,0.9
1.3309,5,0.069,-0.14,-0.72,-0.68,187.17,-17.22,94.5,-0.08,-0.06,0.74,4.09,5.65,-51.73,133.21,0.61,1.72,-0.09
1.3348,3,0.237,0.32,-0.37,-0.84,236.75,20.93,55.79,0.07,-0.02,-0.14,4.09,-11.44,-3.2,-11.75,-0.37,0.65,0.41
1.3396,4,-0.666,0.73,0.12,0.09,17.29,-16.27,-95.84,0.03,-0.08,0.45,4.09,6.56,6.26,51.73,0.31,-1.49,-0.1
1.3579,6,-0.858,0.41,-0.25,0.18,341.72,16.28,-55.88,0.04,-0.07,-0.03,4.09,19.38,3.2,-26.55,-0.28,-0.73,0.59
1.3595,1,-0.611,-0.01,0.08,0.79,269.37,-4.85,7.45,0.14,0.03,-0.02,4.09,-22.28,-4.12,-65.61,0.08,0.27,0.95
1.4153,7,-0.658,0.01,-0.13,-0.74,111.81,10.6,9.99,0.23,0.14,0.1,0,7.32,-21.36,-36.01,-0.32,-0.06,1.05
1.4169,5,0.039,-0.2,-0.72,-0.66,179.8,-18.49,97.7,0.16,-0.09,0.15,4.09,0.46,-57.98,84.08,0.29,1.21,-0.06
1.4228,0,0.79,0.05,0.04,-0.61,298.88,6.66,1.71,0.13,-0.05,0.13,4.09,10.38,0,-46.54,-0.15,0.15,1.13
1.4243,4,-0.671,0.74,0.06,0.01,18.92,-5.19,-95.75,-0.28,-0.62,-0.32,4.09,-1.07,-12.51,-62.41,-0.07,-0.96,0.55
1.4286,3,0.248,0.31,-0.35,-0.85,237.16,20.55,53.43,0.06,-0.03,-0.01,4.09,-53.56,-8.54,15.26,-0.41,0.76,0.54
1.4304,2,1,0,0,0,0,0,0,0,0,0,4.09,0,0,0,0,0,0
1.4493,6,-0.854,0.41,-0.25,0.21,338.75,14.6,-55.51,-0.01,-0,0.27,4.09,6.87,35.4,-41.5,-0.34,-1.02,0.68
1.4508,1,-0.562,-0,0.07,0.82,262.37,-4.25,6.56,-0.18,0.01,-0.01,4.09,-12.97,3.05,-78.74,0.16,-0.05,0.99
1.5092,7,-0.651,-0.01,-0.11,-0.75,112.9,7.7,9.96,-0.25,0.19,0.32,0,28.99,-2.29,-19.53,-0.33,0.36,1.11
1.5108,5,0.064,-0.3,-0.72,-0.63,170.85,-27.79,103.59,-0.01,-0.1,0.21,4.09,21.21,-86.06,80.57,0.6,1.08,-0.14
1.5142,0,0.764,0.06,0.04,-0.64,294.14,7.8,1.84,-0.05,0,0,4.09,1.83,16.33,-38.15,-0.11,-0.03,0.99
1.5156,4,-0.642,0.76,0.1,0.02,21.21,-8.91,-100.19,-0,-0.46,0.19,4.09,-85.3,-13.12,-55.39,0.23,-1.23,0.24
1.5413,3,0.262,0.29,-0.32,-0.86,236.56,19.53,48.18,0.12,-0.02,0.09,4.09,-47.3,-1.83,-25.94,-0.45,0.76,0.62
1.5429,1,-0.513,0.01,0.06,0.86,255.64,-4.53,5.76,-0.12,0.04,-0.01,4.09,-12.36,-14.34,-63.93,0.17,0,0.98
1.6192,6,-0.845,0.4,-0.27,0.22,335.53,16.66,-56.52,-0.12,0.05,0.14,4.09,-19.99,34.64,29.91,-0.46,-0.9,0.53
1.621,5,0.033,-0.38,-0.71,-0.59,158.61,-29.57,110.84,-0.15,-0.13,0.03,4.09,-0.15,-116.58,9.92,0.64,0.8,-0.27
1.6247,7,-0.674,-0.01,-0.12,-0.73,109.26,8.05,10.75,-0.01,-0.05,-0.05,0,11.14,-13.12,-17.09,-0.14,0.2,0.97
1.626,4,-0.579,0.81,0.1,0.03,21.65,-9.88,-109.35,-0.18,-0.45,-0.08,4.09,-86.82,10.53,33.11,0.01,-0.98,0.15
1.6432,0,0.746,0.06,0.05,-0.66,291,9.4,1.22,0.01,0.03,0.01,4.09,0.15,12.82,-30.52,-0.14,0.02,1
1.6449,1,-0.469,0.03,0.07,0.88,249.77,-6.63,5.95,-0.04,-0.04,-0.05,4.09,-2.29,-25.02,-57.37,0.11,0.04,0.94
1.7203,3,0.263,0.29,-0.3,-0.87,236.5,20.46,46.3,-0,0.06,-0.01,4.09,-11.44,13.43,-14.8,-0.31,0.7,0.63
1.7219,5,-0.05,-0.44,-0.72,-0.53,145.35,-23.13,118.38,-0.03,0.01,0.05,4.09,25.79,-125.73,-28.38,0.41,0.75,-0.49
1.7255,6,-0.831,0.39,-0.33,0.23,331,21.79,-58.5,0,-0.32,-0.11,4.09,29.91,83.62,-1.07,-0.55,-0.54,0.61
1.727,4,-0.52,0.85,0.06,0.03,17.69,-6.35,-117.33,-0.16,-0.28,-0.16,4.09,-94.15,33.26,59.81,0.04,-0.85,-0.19
1.7442,7,-0.687,-0.02,-0.12,-0.72,107.18,7.55,11.3,-0.14,-0.04,-0.02,0,11.29,-9.77,-34.64,-0.07,0.32,0.93
1.7458,1,-0.433,0.05,0.09,0.9,245.04,-9.16,6.65,-0.11,-0.15,0.05,4.09,-6.56,-28.53,-46.39,0.12,-0.06,1.06
1.8233,0,0.717,0.06,0.06,-0.69,286.14,10.03,0.24,-0.08,-0.06,-0.04,4.09,-0.31,-12.05,-69.58,-0.24,-0.08,0.94
1.8248,5,-0.111,-0.5,-0.73,-0.46,133.82,-17.07,125.89,-0.12,-0.04,0.06,4.09,38.45,-125.89,31.43,0.42,0.74,-0.63
1.8283,3,0.274,0.31,-0.3,-0.86,238.78,20.99,47.76,-0.03,-0.16,0.27,4.09,46.84,33.26,57.53,-0.52,0.77,0.86
1.8297,4,-0.449,0.89,0.01,0.05,12.13,-5.84,-126.41,-0.08,-0.13,-0.06,4.09,-114.14,52.95,-9.31,0.04,-0.81,-0.47
1.8472,6,-0.793,0.38,-0.37,0.31,319.43,20.65,-61.67,-0.02,-0.03,0.13,4.09,-3.05,81.18,-48.98,-0.47,-0.91,0.51
1.8488,1,-0.389,0.06,0.09,0.91,239.47,-10.91,6.81,-0.05,-0.13,0.03,4.09,-13.28,-10.68,-62.26,0.15,0,1.02
1.9214,7,-0.713,-0.03,-0.11,-0.69,103.06,6.34,11.08,-0.06,-0.06,0.02,0,-7.63,-26.7,-46.23,-0.05,0.25,0.99
1.9229,2,1,0,0,0,0,0,0,0,0,0,4.09,0,0,0,0,0,0
1.9265,0,0.68,0.04,0.05,-0.73,279.94,6.95,-1.01,-0.08,-0.03,-0.02,4.09,2.29,-45.62,-63.93,-0.14,-0.09,0.97
1.9279,5,-0.162,-0.56,-0.72,-0.37,122.78,-10.77,132.94,-0.08,0.01,-0.12,4.09,45.17,-111.08,10.99,0.21,0.55,-0.67
1.9313,3,0.264,0.33,-0.35,-0.84,240.14,21.32,54.57,-0.1,-0.04,0.04,4.09,70.8,-1.22,-42.27,-0.34,0.74,0.65
1.9326,4,-0.357,0.93,-0.03,0.09,6.85,-8.21,-137.44,-0.04,-0.09,-0.13,4.09,-104.37,34.18,74.62,0.02,-0.48,-0.59
1.9543,6,-0.745,0.37,-0.42,0.36,308.31,21.13,-66.65,0.07,-0.14,-0.11,4.09,-8.39,99.49,-48.52,-0.39,-0.69,0.42
1.9561,1,-0.343,0.07,0.09,0.93,233.83,-10.75,6.82,-0.11,-0.1,-0.01,4.09,-15.26,0,-71.11,0.2,-0.03,0.98
2.0194,7,-0.736,-0.04,-0.08,-0.67,99.04,3.59,9.7,-0.05,-0.04,0.03,0,-15.72,-35.1,-49.29,-0.02,0.24,1.01
2.021,2,1,0,0,0,0,0,0,0,0,0,4.09,0,0,0,0,0,0
2.0245,0,0.644,0,0.02,-0.76,274.2,1.58,-1.66,-0.02,0.04,-0,4.09,5.34,-50.96,-69.12,0.02,-0.05,1.02
2.0258,5,-0.196,-0.6,-0.71,-0.29,115.14,-4.4,138.78,-0.13,-0.15,-0.07,4.09,45.47,-86.06,25.02,0.22,0.56,-0.75
2.0293,3,0.223,0.34,-0.4,-0.82,237.93,22.58,61.03,-0.19,0.07,-0.08,4.09,88.2,-21.67,48.52,-0.19,0.77,0.52
2.0306,4,-0.283,0.95,-0.09,0.1,0.44,-8.17,-145.83,-0.06,-0.14,-0.03,4.09,-81.79,41.05,50.66,0.04,-0.64,-0.73
2.0542,6,-0.675,0.37,-0.46,0.43,295.67,17.57,-72.38,0.02,0.08,-0.06,4.09,-18.01,98.88,-101.78,-0.2,-0.89,0.28
2.0559,1,-0.293,0.07,0.09,0.95,227.72,-10.16,7.36,-0.11,-0.17,-0.12,4.09,-2.59,3.66,-73.09,0.15,-0.09,0.89
2.1344,7,-0.771,-0.05,-0.06,-0.63,92.89,1.77,8.48,0.04,-0.06,0,0,-12.21,-23.5,-64.39,0.04,0.12,1
2.1359,2,1,0,0,0,0,0,0,0,0,0,4.09,0,0,0,0,0,0
2.1403,0,0.598,-0.04,-0.01,-0.8,267.61,-4.11,-1.71,-0.07,0.01,0.04,4.09,0.92,-44.1,-79.35,0.11,-0.08,1.04
2.1418,5,-0.212,-0.65,-0.7,-0.23,108.36,-0.14,143.56,0.08,-0.09,-0.05,4.09,37.23,-61.49,23.19,0.07,0.61,-0.69
2.1453,3,0.226,0.31,-0.49,-0.78,237.08,15.11,70.59,-0.15,0.13,0.2,4.09,109.25,-64.24,24.11,-0.11,1.13,0.42
2.1468,4,-0.236,0.95,-0.16,0.12,353.19,-8.9,-150.54,-0.1,-0.15,-0.05,4.09,-40.59,51.42,59.51,0.01,-0.55,-0.76
2.1673,6,-0.591,0.4,-0.49,0.5,285,10.4,-78.36,-0.03,0.04,0.07,4.09,-40.28,68.82,-71.72,-0.15,-1.06,0.18
2.1688,1,-0.245,0.06,0.1,0.96,221.9,-9.34,9.21,-0.14,-0.21,-0.03,4.09,9.46,-1.37,-74.31,0.18,-0.09,0.98
2.2244,7,-0.8,-0.05,-0.03,-0.6,87.61,-0.15,6.67,-0.02,-0.08,0,0,-24.87,-22.13,-57.07,0.08,0.14,0.99
2.226,2,1,0,0,0,0,0,0,0,0,0,4.09,0,0,0,0,0,0
2.2299,0,0.544,-0.08,-0.03,-0.83,260.43,-9.71,-1.7,-0.05,-0,-0,4.09,-4.12,-48.37,-82.55,0.2,-0.09,0.97
2.2314,5,-0.221,-0.67,-0.68,-0.19,104.71,2.44,145.89,-0.09,-0.08,-0.29,4.09,5.34,-13.28,14.34,0.1,0.33,-0.62
2.235,3,0.153,0.29,-0.57,-0.75,229.53,15.16,79.02,-0.24,-0.1,-0.16,4.09,99.79,-74.01,-21.51,-0.08,0.78,0.36
2.2365,4,-0.218,0.94,-0.22,0.13,345.24,-8.73,-151.66,-0.09,-0.07,0.03,4.09,-19.38,36.16,66.53,0.06,-0.51,-0.9
2.2576,6,-0.517,0.42,-0.53,0.53,277.5,5.94,-84.85,-0.1,0.05,-0.06,4.09,-48.83,52.64,-20.14,-0,-0.94,-0.01
2.2593,1,-0.199,0.06,0.11,0.97,216.39,-8.88,10.84,-0.2,-0.24,-0.04,4.09,-8.24,-5.8,-50.05,0.23,-0.13,0.96
2.3344,7,-0.828,-0.04,0.01,-0.56,81.99,-3.12,3.23,-0.03,-0.18,-0.04,0,-42.11,-37.38,-63.48,0.18,0.16,0.97
2.336,2,1,0,0,0,0,0,0,0,0,0,4.09,0,0,0,0,0,0
2.3397,0,0.48,-0.13,-0.06,-0.87,252.3,-15.95,-1.45,-0.06,-0.03,0,4.09,-10.99,-36.01,-79.5,0.29,-0.1,0.96
2.3412,5,-0.222,-0.67,-0.68,-0.19,104.11,2.64,146.09,-0.14,-0.06,-0.08,4.09,-2.59,4.27,25.79,-0.11,0.51,-0.81
2.3448,3,0.108,0.22,-0.66,-0.71,220.69,9.75,88.02,-0.21,-0.13,0.01,4.09,91.09,-97.66,68.21,-0.09,1.04,0.25
2.3464,4,-0.205,0.92,-0.29,0.14,337.01,-8.15,-152.2,-0.08,0.07,0.02,4.09,-5.65,50.51,70.5,0.13,-0.41,-0.93
2.3674,6,-0.454,0.44,-0.56,0.54,272.26,2.11,-90.52,-0.03,-0.06,-0.01,4.09,-54.32,55.24,-54.63,-0.08,-1.02,-0.07
2.3689,1,-0.177,0.07,0.09,0.98,213.72,-10.15,9.32,0.14,-0.21,0.1,4.09,-34.64,-1.68,-27.31,-0.03,0.13,1.19
2.4244,7,-0.868,-0.03,0.04,-0.49,73.39,-5.58,0.25,-0.19,0.11,0.06,0,-33.26,-12.51,-97.35,-0.09,0.1,1.07
2.4259,2,1,0,0,0,0,0,0,0,0,0,4.09,0,0,0,0,0,0
2.4299,0,0.427,-0.16,-0.06,-0.89,245.75,-20.22,-1.68,-0.12,-0.16,0.04,4.09,-19.68,-23.04,-62.1,0.31,-0.22,0.99
2.4313,5,-0.212,-0.69,-0.67,-0.2,102.21,0.46,146.1,0.06,0.08,-0.06,4.09,0.46,8.39,27.92,-0.02,0.54,-0.75
2.4351,3,0.053,0.16,-0.72,-0.67,211.42,7.65,95.01,-0.03,-0.31,-0.08,4.09,86.36,-90.79,1.22,-0.19,0.92,0.23
2.4368,4,-0.199,0.89,-0.37,0.17,327.09,-8.89,-151.05,-0.12,0.08,-0.18,4.09,12.05,62.41,69.43,0.1,-0.27,-0.76
2.4573,6,-0.384,0.45,-0.6,0.53,266.47,-0.85,-97.67,0.02,-0.15,0.08,4.09,-52.49,50.2,28.38,-0.14,-1.03,-0.15
2.4591,1,-0.148,0.08,0.09,0.98,210.43,-10.25,8.77,0.14,0.57,-0.11,4.09,12.36,-15.26,-66.53,0.17,0.65,0.74
2.5364,7,-0.892,0,0.06,-0.45,67.64,-5.95,-3.08,-0.1,-0.15,-0.03,0,-48.68,3.81,-37.84,0.16,0.11,0.96
2.538,2,1,0,0,0,0,0,0,0,0,0,4.09,0,0,0,0,0,0
2.5436,0,0.399,-0.2,-0.05,-0.89,242.94,-23.13,-4.11,0.01,-0.06,-0.04,4.09,-26.25,-18.92,-22.74,0.34,-0.08,0.91
2.5453,5,-0.214,-0.7,-0.65,-0.21,100.26,-0.97,145.05,-0,0.11,-0.05,4.09,-11.6,5.04,22.58,-0.11,0.54,-0.79
2.5496,3,0.012,0.1,-0.77,-0.63,203.93,6.22,102.43,-0.02,-0.12,-0.02,4.09,76.14,-64.09,36.47,-0.1,0.98,-0.13
2.5512,4,-0.199,0.86,-0.43,0.2,317.51,-10.1,-148.42,-0.04,0.16,-0.12,4.09,11.14,47.76,67.29,0.17,-0.33,-0.8
2.5693,6,-0.346,0.43,-0.66,0.51,260.54,1.33,-103.72,-0,0.08,0.05,4.09,-55.54,42.88,30.06,0.05,-1.03,-0.22
2.571,1,-0.079,0.09,0.11,0.99,202.05,-10.86,11.58,0.08,-0.21,0.08,4.09,-0.76,-17.24,-93.08,0.09,0.01,1.09
2.6334,7,-0.903,0.04,0.07,-0.42,64.46,-5.11,-6.9,-0.31,0.1,0.07,0,-35.1,32.35,-25.18,-0.24,0.02,1.14
2.635,2,1,0,0,0,0,0,0,0,0,0,4.09,0,0,0,0,0,0
2.6415,0,0.368,-0.22,-0.04,-0.9,239.71,-25.23,-5.74,0.24,0.01,-0.04,4.09,-29.45,-9.31,-55.08,0.28,0.06,0.93
2.6432,5,-0.193,-0.71,-0.65,-0.19,99.71,-1.25,148.38,0.05,-0.1,-0.11,4.09,44.71,-2.29,10.07,0.14,0.61,-0.83
2.6479,3,-0.037,0.05,-0.81,-0.59,196.32,6.88,107.9,-0.03,0.15,-0.07,4.09,58.14,-92.62,-3.97,-0.07,0.83,-0.41
2.6493,4,-0.202,0.83,-0.47,0.22,311.24,-10.38,-146.19,-0.06,0.17,-0.18,4.09,28.53,4.27,-8.39,0.22,-0.34,-0.68
2.6665,6,-0.311,0.41,-0.71,0.48,255.49,2.87,-109.97,0.08,0.1,0,4.09,-48.52,35.86,53.71,-0,-0.98,-0.24
2.6681,1,-0.014,0.08,0.11,0.99,194.68,-8.91,12.84,-0.17,-0.11,-0.04,4.09,-4.88,5.8,-40.74,0.3,0.09,0.92
2.7234,7,-0.909,0.07,0,-0.41,62.42,3.26,-7.69,0.01,0.12,0.3,0,43.79,123.44,79.96,-0.12,-0.25,1.22
2.725,2,1,0,0,0,0,0,0,0,0,0,4.09,0,0,0,0,0,0
2.7287,0,0.341,-0.23,-0.02,-0.91,236.76,-25.62,-7.47,0.22,0.11,0.19,4.09,-20.45,34.94,-4.12,0.36,0.08,1.13
2.7302,5,-0.203,-0.68,-0.68,-0.18,103.16,1.34,148.15,0.03,-0.2,-0.06,4.09,-28.53,-15.26,-56.15,0.06,0.31,-0.63
2.7338,3,-0.09,-0.01,-0.82,-0.57,186.75,7.48,110.31,0.03,0.03,0.03,4.09,19.84,-86.36,35.86,-0.17,0.96,-0.41
2.7354,4,-0.204,0.82,-0.48,0.23,310,-10.16,-145.7,0.28,-0.22,0.2,4.09,-39.37,-0.46,-0.92,0.14,-0.95,-0.79
2.7581,6,-0.296,0.37,-0.75,0.46,250.26,6.4,-114.35,-0.01,0.07,-0.12,4.09,-26.4,16.02,27.62,-0.03,-0.83,-0.34
2.7597,1,0.015,0.07,0.11,0.99,191.47,-8.01,12.31,-0.12,0,-0.1,4.09,-20.6,8.24,-6.41,0.26,0.21,0.82
2.8344,7,-0.892,0.05,-0.08,-0.44,66.78,10.33,-1.37,0.01,-0.5,-0.06,0,106.2,22.89,-88.04,0.21,0.26,1.02
2.8359,2,1,0,0,0,0,0,0,0,0,0,4.09,0,0,0,0,0,0
2.8394,0,0.323,-0.21,-0.01,-0.92,234.26,-23.52,-7.59,0.16,0.19,-0.06,4.09,-0.61,15.72,-37.38,0.38,0.09,0.87
2.8409,5,-0.216,-0.67,-0.69,-0.18,104.44,2.75,147.1,-0.08,0.17,0.1,4.09,9.46,9.16,-3.36,-0.18,0.36,-0.95
2.8445,3,-0.142,-0.06,-0.82,-0.55,179.31,9.67,110.46,-0.07,0.13,-0.11,4.09,8.7,-72.48,3.97,-0.25,0.64,-0.41
2.8459,4,-0.176,0.82,-0.5,0.21,308.49,-9.44,-149.67,0.02,-0.07,-0.05,4.09,-24.87,7.63,0.31,0.13,-0.53,-0.76
2.8673,6,-0.295,0.33,-0.78,0.44,246.33,9.76,-116.73,-0.1,0.04,-0.18,4.09,0.31,1.53,57.37,-0.05,-0.68,-0.42
2.8688,1,0.003,0.08,0.1,0.99,192.79,-9.11,11.96,0.14,-0.31,-0.01,4.09,17.24,-13.43,38.45,-0,-0.06,1.07
2.9234,7,-0.945,-0.02,-0.12,-0.3,50.24,12.7,6.45,0.26,-0.07,-0.08,0,97.66,3.36,-178.38,0.04,-0.07,0.94
2.9249,2,1,0,0,0,0,0,0,0,0,0,4.09,0,0,0,0,0,0
2.9286,0,0.291,-0.21,-0.01,-0.93,229.87,-23.42,-5.91,0.08,-0.07,-0.06,4.09,4.27,-1.83,-37.23,0.31,-0.06,0.9
2.9303,5,-0.209,-0.68,-0.68,-0.19,104.03,1.18,146.82,-0.08,0.02,-0.05,4.09,-18.31,0,4.88,-0.1,0.55,-0.86
2.9338,3,-0.132,-0.13,-0.82,-0.55,173.55,4.59,111.76,0.24,0.13,0.31,4.09,26.55,4.73,42.42,-0.42,1.18,-0.53
2.9352,4,-0.16,0.82,-0.51,0.2,307.39,-9.64,-151.53,0.11,-0.03,0.02,4.09,-2.9,7.02,-7.02,0.14,-0.58,-0.81
2.9542,6,-0.293,0.32,-0.78,0.44,245,10.06,-116.6,0.09,0.11,0.09,4.09,4.27,-11.9,-9.31,-0.19,-0.96,-0.37
2.9557,1,-0.049,0.08,0.11,0.99,198.71,-9.87,12.02,0.24,-0.11,0.1,4.09,4.58,6.87,48.07,-0.04,0.14,1.06
3.0274,7,-0.965,-0.06,-0.13,-0.22,41.01,12.46,10.68,0.06,0.27,-0.01,0,47.91,-27.31,-40.44,-0.29,-0.06,0.97
3.029,2,1,0,0,0,0,0,0,0,0,0,4.09,0,0,0,0,0,0
3.0327,0,0.276,-0.22,-0.02,-0.94,228.12,-25.04,-5.24,0.13,0,-0.05,4.09,9,-20.14,-5.95,0.3,-0.01,0.9
3.0341,5,-0.228,-0.68,-0.67,-0.21,103.15,1.6,144.29,-0.11,0.09,-0.02,4.09,-21.67,-16.02,5.34,-0.12,0.49,-0.85
3.0377,3,-0.145,-0.07,-0.84,-0.52,178.34,9.8,114.5,-0.13,0.09,-0.34,4.09,7.32,-5.8,-71.56,-0.02,0.53,-0.38
3.0393,4,-0.164,0.81,-0.52,0.21,306.05,-9.6,-150.7,0.06,-0.05,-0.03,4.09,10.07,21.51,7.32,0.18,-0.51,-0.78
3.0621,6,-0.278,0.34,-0.78,0.45,245.69,7.51,-116.65,0.03,0.05,-0.05,4.09,-4.58,-3.66,-47.3,-0.07,-0.87,-0.39
3.0637,1,-0.076,0.09,0.12,0.99,201.68,-10.89,12.61,0.22,-0.05,0.06,4.09,24.72,2.75,25.02,-0.02,0.21,1.07
3.1414,7,-0.97,-0.11,-0.12,-0.18,36.77,10.63,15.62,0.37,1.02,-0.11,0,11.29,-15.72,-3.36,-0.22,-0.89,1.14
3.143,2,1,0,0,0,0,0,0,0,0,0,4.09,0,0,0,0,0,0
3.1466,0,0.274,-0.25,-0.04,-0.93,228.02,-28.42,-4.46,0.08,-0.14,-0.03,4.09,9.31,-6.26,21.06,0.34,-0.11,0.93
3.148,5,-0.243,-0.68,-0.66,-0.21,101.35,1.59,142.27,-0.1,-0.06,-0.14,4.09,-11.44,-2.14,0.15,0.04,0.45,-0.75
3.1513,3,-0.138,-0.1,-0.83,-0.53,175.24,6.89,114.31,-0.09,0.08,0.19,4.09,15.72,-35.1,66.83,-0.08,1.06,-0.57
3.1527,4,-0.164,0.8,-0.54,0.22,303.32,-10.03,-149.59,0.17,-0.01,0.07,4.09,13.43,17.55,34.18,0.22,-0.7,-0.8
3.1744,6,-0.261,0.38,-0.77,0.45,248.37,3.86,-117.76,0.2,-0.04,0.02,4.09,-10.53,7.93,-4.58,-0.2,-0.95,-0.36
3.1761,1,-0.101,0.09,0.13,0.98,204.35,-11.72,13.6,0.08,-0.15,-0.08,4.09,-10.38,-7.93,6.1,0.09,0.1,0.95
3.2404,7,-0.97,-0.11,-0.07,-0.21,38.59,5.05,13.74,-0.39,-0.45,0.69,0,27.77,-62.26,-32.35,-0.37,0.77,1.63
3.242,2,1,0,0,0,0,0,0,0,0,0,4.09,0,0,0,0,0,0
3.2455,0,0.296,-0.24,-0.03,-0.92,231.08,-27.73,-5.91,0.26,0.11,0.21,4.09,6.56,-1.68,14.65,0.4,0.13,1.15
3.247,5,-0.251,-0.68,-0.65,-0.23,100.99,0.43,139.87,0.01,0.01,-0.01,4.09,-18.77,7.78,-10.07,-0.04,0.64,-0.75
3.2506,3,-0.157,-0.11,-0.84,-0.51,173.15,8.36,115.54,-0.04,0.14,-0.03,4.09,-0.92,-10.22,-10.07,-0.14,0.81,-0.59
3.2521,4,-0.173,0.77,-0.57,0.22,299.05,-8.5,-148.27,0.1,-0.1,0.04,4.09,16.02,3.97,30.98,0.11,-0.66,-0.82
3.2734,6,-0.253,0.37,-0.77,0.45,247.46,3.08,-117.71,0.19,0,-0.03,4.09,8.85,23.65,-33.87,-0.15,-0.94,-0.32
3.275,1,-0.103,0.1,0.12,0.98,204.56,-12.27,13.15,0.11,-0.21,0.06,4.09,-5.19,1.22,-4.43,0.09,0.05,1.07
3.3285,7,-0.968,-0.11,-0.06,-0.22,39.68,3.47,14.32,0.26,-0.22,-0.02,0,-18.16,-31.43,90.94,0.29,0.43,0.97
3.3301,2,1,0,0,0,0,0,0,0,0,0,4.09,0,0,0,0,0,0
3.3337,0,0.302,-0.25,-0.03,-0.92,231.91,-27.98,-6.21,0.29,-0,0.05,4.09,-6.87,30.06,-4.27,0.26,0.05,1.01
3.3351,5,-0.267,-0.67,-0.64,-0.27,101.43,-0.92,135.8,0.02,0.01,0.03,4.09,-35.1,6.56,-12.51,-0.01,0.75,-0.69
3.339,3,-0.177,-0.12,-0.83,-0.51,171.44,9.95,114.76,-0.06,0.05,-0.06,4.09,-1.22,-31.13,-12.66,-0.13,0.81,-0.43
3.3407,4,-0.195,0.75,-0.59,0.23,295.83,-6.42,-145.67,0.08,-0.04,-0.02,4.09,36.16,5.04,45.47,0.05,-0.63,-0.75
3.3632,6,-0.239,0.37,-0.76,0.47,246.47,0.66,-115.85,0.21,-0.05,0.11,4.09,36.01,9.92,16.94,-0.2,-1.06,-0.38
3.3647,1,-0.101,0.09,0.11,0.99,204.57,-10.98,11.79,-0.04,-0.17,-0.1,4.09,-12.97,9.46,-5.49,0.17,0.03,0.89
3.4285,7,-0.96,-0.1,-0.02,-0.26,44.31,-1.01,11.9,-0.25,-0.13,0.06,0,-13.58,-14.95,1.98,-0.07,0.49,0.98
3.43,2,1,0,0,0,0,0,0,0,0,0,4.09,0,0,0,0,0,0
3.4343,0,0.29,-0.22,-0.02,-0.93,229.91,-24.68,-5.83,0.26,-0.05,-0.06,4.09,-7.48,19.07,-33.72,0.2,0.01,0.96
3.4358,5,-0.284,-0.68,-0.61,-0.29,99.86,-2.85,131.76,0.01,0.14,0.03,4.09,-19.68,-3.51,1.68,-0.02,0.8,-0.71
3.44,3,-0.206,-0.14,-0.82,-0.52,167.67,11.32,112.76,-0.02,-0.05,-0.05,4.09,-19.07,-46.54,11.14,-0.18,0.9,-0.31
3.4415,4,-0.212,0.73,-0.61,0.24,292.31,-4.92,-143.24,0.2,-0.12,-0.01,4.09,22.58,15.56,33.11,0.04,-0.76,-0.67
3.4621,6,-0.254,0.34,-0.77,0.48,244.3,3.43,-114.04,0.14,-0.05,-0.06,4.09,14.8,5.34,37.84,-0.17,-0.87,-0.3
3.4788,1,-0.104,0.08,0.11,0.99,205.04,-10.62,11.62,0.13,-0.15,0.11,4.09,-1.83,15.87,-5.95,0.06,0.1,1.11
3.5494,7,-0.963,-0.11,-0.01,-0.25,42.42,-2.21,12.09,-0,0.01,0.04,0,-7.48,-11.29,-30.82,0.04,0.21,1
3.5509,2,1,0,0,0,0,0,0,0,0,0,4.09,0,0,0,0,0,0
3.5558,0,0.266,-0.2,-0.01,-0.94,226.54,-22.15,-5.41,0.19,-0.08,0.05,4.09,-6.56,27.01,-22.13,0.2,-0.07,1.03
3.5572,5,-0.299,-0.69,-0.59,-0.3,97.2,-3.67,129.58,-0.03,0.13,-0.01,4.09,-25.02,-18.16,-22.13,-0.11,0.74,-0.64
3.5608,3,-0.24,-0.16,-0.8,-0.53,162.59,12.26,109.01,0.06,-0.05,0.1,4.09,-20.75,-39.83,0.76,-0.26,1.04,-0.28
3.5621,4,-0.224,0.7,-0.63,0.25,289.09,-3.7,-141.27,0.25,0.05,-0.02,4.09,27.01,4.27,33.42,0.14,-0.82,-0.55
3.5823,6,-0.26,0.32,-0.77,0.49,242.76,4.89,-112.84,0.21,-0.09,0.12,4.09,7.17,13.12,30.67,-0.3,-1.04,-0.33
3.5839,1,-0.098,0.07,0.1,0.99,204.53,-9.01,11.17,0.1,-0.05,-0.08,4.09,-5.8,19.68,-18.62,0.03,0.14,0.92
3.6444,7,-0.968,-0.1,0,-0.23,40.5,-3.03,11.44,-0.06,0.02,0.01,0,-8.85,-3.05,-3.97,-0.01,0.21,0.99
3.6463,2,1,0,0,0,0,0,0,0,0,0,4.09,0,0,0,0,0,0
3.6502,0,0.25,-0.18,0,-0.95,224.44,-19.53,-5.69,0.19,-0.03,-0.04,4.09,-9.92,23.65,-23.04,0.15,-0.03,0.96
3.6516,5,-0.332,-0.68,-0.58,-0.3,95.53,-0.91,127.19,0.05,0.05,-0.1,4.09,-22.89,-21.51,-3.36,-0.08,0.82,-0.5
3.6553,3,-0.275,-0.16,-0.78,-0.53,159.29,14.76,106.6,0.02,0.01,-0.05,4.09,-10.53,-29.6,-22.43,-0.27,0.87,-0.26
3.657,4,-0.244,0.68,-0.64,0.25,286.56,-1.75,-138.9,0.27,0.03,-0.09,4.09,38.91,-9.61,11.9,0.01,-0.8,-0.53
3.6773,6,-0.279,0.28,-0.78,0.48,239.6,9.88,-112.86,0.06,-0.02,-0.09,4.09,5.95,-3.05,55.39,-0.22,-0.83,-0.31
3.6789,1,-0.097,0.06,0.11,0.99,204.51,-7.79,11.43,0.06,-0.1,-0.06,4.09,-3.2,1.22,-5.8,0.04,0.1,0.95
3.7354,7,-0.969,-0.1,0.01,-0.23,40.22,-3.57,10.77,-0.01,-0.05,0,0,-14.5,-9.16,0,0.09,0.24,0.97
3.737,2,1,0,0,0,0,0,0,0,0,0,4.09,0,0,0,0,0,0
3.7407,0,0.228,-0.15,0.02,-0.96,221.63,-16.84,-6.03,0.18,-0.07,-0.02,4.09,-11.75,44.4,-22.28,0.08,-0.08,1.01
3.7422,5,-0.373,-0.67,-0.58,-0.29,94.33,2.59,123.86,-0.1,0.33,-0.23,4.09,-44.56,-16.63,-7.63,-0.48,0.89,-0.56
3.7458,3,-0.3,-0.17,-0.77,-0.54,156.72,16.3,104.56,-0.03,0.07,0.03,4.09,-7.32,-14.34,-16.17,-0.3,0.94,-0.32
3.7473,4,-0.269,0.66,-0.65,0.26,284.79,0.59,-136.23,0.23,0.05,-0.04,4.09,23.96,-8.39,16.33,0.16,-0.97,-0.65
3.7702,6,-0.293,0.26,-0.79,0.48,238.38,12.47,-112.23,0.17,-0.06,0.01,4.09,12.82,8.7,23.65,-0.38,-0.9,-0.29
3.7717,1,-0.086,0.05,0.1,0.99,203.28,-7.13,11.15,0.09,-0.03,-0.07,4.09,3.36,-5.19,-15.26,0.02,0.15,0.92
3.8464,7,-0.969,-0.09,0.03,-0.23,40.09,-5.08,9.14,0.01,0.03,-0.02,0,-23.96,-15.87,1.83,0.07,0.11,0.96
3.848,2,1,0,0,0,0,0,0,0,0,0,4.09,0,0,0,0,0,0
3.8518,0,0.211,-0.13,0.03,-0.97,219.36,-13.25,-6.69,0.18,-0.02,-0.07,4.09,-10.83,16.94,-13.58,0.05,-0.07,0.94
3.8533,5,-0.389,-0.65,-0.58,-0.3,94.9,3.23,121.3,0.12,0.41,0.25,4.09,-4.88,26.09,52.03,-0.44,1.3,-0.52
3.8568,3,-0.32,-0.17,-0.76,-0.54,155.04,17.9,102.87,0.05,0.04,0.08,4.09,-6.71,5.04,-26.09,-0.39,0.97,-0.24
3.8584,4,-0.272,0.66,-0.65,0.26,285.01,0.74,-135.82,-0.04,-0.21,-0.17,4.09,15.56,8.54,26.4,-0.34,-0.35,-0.6
3.8792,6,-0.301,0.23,-0.79,0.48,236.6,14.66,-111.35,0.34,-0.07,-0.09,4.09,4.88,19.23,14.04,-0.53,-0.84,-0.11
3.8807,1,-0.084,0.06,0.1,0.99,203.04,-7.49,11.24,0.08,-0.26,0,4.09,-1.53,-0.76,-8.85,0.03,-0.04,1.02
3.9354,7,-0.97,-0.07,0.04,-0.23,40.04,-6.66,6.43,-0.09,0.01,0,0,-21.21,-17.4,1.22,0.04,0.14,1
3.9369,2,1,0,0,0,0,0,0,0,0,0,4.09,0,0,0,0,0,0
3.941,0,0.193,-0.11,0.04,-0.97,217.24,-11.43,-7.38,0.31,-0.02,-0.13,4.09,-11.75,20.9,-12.36,-0.13,-0,0.94
3.9427,5,-0.379,-0.64,-0.6,-0.31,98.29,3.36,121.56,0.29,0,0.49,4.09,9.16,35.1,-21.82,-0.11,1.39,-0.5
3.9463,3,-0.338,-0.15,-0.76,-0.54,155.37,20.88,102.16,0.28,0.14,-0.05,4.09,-5.8,11.9,22.58,-0.74,0.89,-0.06
3.9479,4,-0.273,0.64,-0.67,0.26,282.3,1.54,-135.35,0.12,-0.03,-0.14,4.09,4.43,11.6,40.89,-0.04,-0.71,-0.52
3.9702,6,-0.305,0.19,-0.8,0.48,232.88,17.7,-111.4,0.02,-0.02,-0.09,4.09,16.63,18.62,56.76,-0.32,-0.77,-0.31
3.9718,1,-0.095,0.06,0.1,0.99,204.33,-7.85,10.9,0.12,-0.12,-0,4.09,6.1,-3.2,16.48,-0.01,0.1,1
4.0439,7,-0.972,-0.06,0.06,-0.22,39.27,-7.74,5.05,-0.09,0.01,0.04,0,-9,-10.07,-14.65,0.07,0.11,1.04
4.0453,5,-0.366,-0.59,-0.66,-0.29,106.13,7.9,124.49,0.36,0.43,-0.09,4.09,42.42,56.76,-80.41,-0.49,0.9,-0.27
4.0483,0,0.186,-0.11,0.05,-0.98,216.41,-11.05,-8.04,0.25,-0.09,-0,4.09,4.88,-14.19,-0.61,-0.05,-0.11,1.01
4.0497,2,1,0,0,0,0,0,0,0,0,0,4.09,0,0,0,0,0,0
4.0532,3,-0.339,-0.12,-0.77,-0.53,157.98,23.28,102.94,-0.29,0.07,-0.19,4.09,-18.31,8.7,-81.63,-0.3,0.71,-0.42
4.0546,4,-0.278,0.6,-0.7,0.25,277.43,5.14,-136.34,0.61,-0.06,0.01,4.09,-12.66,-2.14,86.36,-0.17,-1.13,-0.34
4.0757,6,-0.3,0.18,-0.8,0.48,231.21,18.1,-111.65,0.31,0.15,0.14,4.09,-16.33,5.04,-5.04,-0.49,-1.03,-0.11
4.0772,1,-0.111,0.06,0.1,0.99,206.06,-8.28,11.08,0.09,-0.08,-0.03,4.09,6.41,-4.58,4.27,0.03,0.14,0.98
4.1443,7,-0.973,-0.05,0.06,-0.21,38.67,-8.22,3.94,0.04,-0,0.01,0,-12.36,-4.12,0.46,0.17,0.04,0.99
4.1469,2,1,0,0,0,0,0,0,0,0,0,4.09,0,0,0,0,0,0
4.1507,0,0.185,-0.1,0.05,-0.98,216.23,-10.2,-7.8,0.31,0.04,-0.03,4.09,5.34,-0.76,0.61,-0.09,0.01,1.01
4.1522,5,-0.301,-0.57,-0.71,-0.26,113.19,7.29,133.25,0.27,-0.03,-0.14,4.09,139.62,60.88,77.21,-0.09,0.85,-0.48
4.1563,3,-0.341,-0.11,-0.77,-0.53,158.44,24,102.7,0.08,-0,0.12,4.09,-14.5,8.7,-1.98,-0.49,0.97,-0.17
4.1582,4,-0.269,0.55,-0.77,0.19,269.54,11.71,-143.14,0.67,-0.02,-0.24,4.09,-99.79,18.31,136.87,-0.29,-0.95,-0.16
4.1676,6,-0.311,0.16,-0.81,0.47,230.13,20.7,-112.69,0.2,-0.11,-0.06,4.09,-14.8,-1.98,14.5,-0.53,-0.71,-0.25
4.1691,1,-0.117,0.06,0.11,0.99,206.73,-8.77,11.52,0.07,-0.17,-0.01,4.09,7.78,-5.19,-1.83,0.04,0.05,1
4.2485,7,-0.974,-0.04,0.07,-0.21,38.52,-9.01,2.88,-0.01,0.02,0.03,0,-7.48,-2.75,2.29,0.13,0.03,1.02
4.25,2,1,0,0,0,0,0,0,0,0,0,4.09,0,0,0,0,0,0
4.2535,0,0.175,-0.11,0.04,-0.98,214.98,-11.15,-7.01,0.2,0.01,0,4.09,4.73,-7.93,-9.92,0.01,-0.04,1.03
4.255,5,-0.197,-0.62,-0.73,-0.19,112.28,2.52,147.93,0.22,-0.15,-0.24,4.09,192.11,1.37,-81.02,0.13,0.54,-0.49
4.2592,3,-0.348,-0.1,-0.77,-0.53,158.38,25.03,102.61,0.04,0.09,-0.14,4.09,9.46,-9.92,27.77,-0.44,0.71,-0.2
4.2611,4,-0.219,0.46,-0.86,0.08,253.41,17.85,-159.65,0.19,-0.03,-0.5,4.09,-142.67,16.48,111.08,-0.28,-0.26,-0.34
4.2815,6,-0.305,0.17,-0.81,0.47,230.8,19.5,-113.51,0.22,-0.07,0.03,4.09,-6.26,0.46,-20.45,-0.54,-0.86,-0.3
4.2834,1,-0.125,0.07,0.11,0.98,207.65,-9.38,11.33,0.1,-0.14,-0.05,4.09,4.43,-12.05,4.27,0.02,0.08,0.96
4.3571,7,-0.971,-0.03,0.07,-0.23,40.17,-8.62,1.96,-0.03,-0.06,0.01,0,-5.8,5.49,20.6,0.15,0.11,1
4.3591,2,1,0,0,0,0,0,0,0,0,0,4.09,0,0,0,0,0,0
4.3628,0,0.169,-0.11,0.04,-0.98,214.37,-11.63,-6.73,0.18,-0.04,-0,4.09,4.58,-5.65,-7.32,0.03,-0.09,1
4.3643,5,-0.13,-0.54,-0.83,-0.04,127.41,9.8,167.51,-0.36,0.01,-0.44,4.09,145.57,-31.43,-176.09,0.02,-0.22,-0.68
4.3681,3,-0.336,-0.13,-0.76,-0.54,157.13,21.89,101.54,0.07,0.19,-0.27,4.09,-29.75,3.36,31.59,-0.43,0.57,-0.22
4.3696,4,-0.158,0.46,-0.87,-0.03,250.07,17.83,-174.63,0.02,0.16,-0.15,4.09,-122.07,-4.73,-7.02,-0.15,-0.16,-0.76
4.3896,6,-0.308,0.17,-0.81,0.46,230.39,20.44,-114.14,0.1,-0.14,-0.27,4.09,5.04,3.36,2.44,-0.4,-0.54,-0.3
4.3913,1,-0.143,0.08,0.11,0.98,209.55,-10.58,11.44,0.16,-0.16,0.01,4.09,13.28,-9.77,22.43,-0.01,0.1,1.04
4.4545,7,-0.97,-0.03,0.06,-0.23,41.01,-8.07,1.82,0.01,-0.01,0.02,0,-1.53,6.71,2.44,0.16,0.03,1
4.4561,2,1,0,0,0,0,0,0,0,0,0,4.09,0,0,0,0,0,0
4.4618,0,0.171,-0.11,0.04,-0.98,214.56,-11.97,-6.4,0.19,-0.02,-0.04,4.09,5.34,-8.54,18.62,0.02,-0.06,0.98
4.4633,5,-0.114,-0.44,-0.89,0.07,141.76,15.23,-178.78,-0.48,0.2,-0.34,4.09,56.61,-38.15,-74.92,-0.04,-0.51,-0.67
4.4676,3,-0.284,-0.16,-0.74,-0.59,157.86,13.09,98.07,0.06,0.1,-0.25,4.09,-47.61,37.84,148.47,-0.24,0.75,-0.13
4.4693,4,-0.143,0.46,-0.87,-0.13,248.42,21.55,174.02,-0.02,-0,-0.31,4.09,-78.89,-32.96,38.76,-0.28,0.05,-0.65
4.475,6,-0.279,0.19,-0.8,0.5,231.15,14.82,-111.16,0.2,-0.2,-0.32,4.09,57.68,31.74,-129.24,-0.44,-0.53,-0.21
4.4786,1,-0.169,0.08,0.11,0.98,212.61,-10.9,11.62,0.13,-0.11,0.05,4.09,4.43,8.7,31.89,0.05,0.16,1.03
4.5534,7,-0.969,-0.03,0.06,-0.24,41.4,-7.34,1.46,-0.03,-0.07,0.03,0,-1.07,10.99,2.59,0.12,0.1,1.02
4.5556,2,1,0,0,0,0,0,0,0,0,0,4.09,0,0,0,0,0,0
4.5613,0,0.194,-0.12,0.04,-0.97,217.27,-12.19,-6.84,0.22,-0.03,0.01,4.09,5.19,-0.61,24.72,0.01,-0.05,1.04
4.5629,5,-0.147,-0.43,-0.88,0.1,142.59,20.13,-177.31,-0.49,0.16,-0.26,4.09,-58.44,-62.87,63.63,-0.09,-0.53,-0.72
4.5673,3,-0.203,-0.2,-0.69,-0.66,160.95,0.93,92.12,-0.03,0.02,0.02,4.09,-67.9,44.71,68.51,-0,1.03,-0.06
4.5687,4,-0.164,0.49,-0.84,-0.18,252.87,26.76,171.2,-0.22,-0.02,-0.09,4.09,-9,-30.21,-159.15,-0.31,0.33,-0.83
4.5862,6,-0.202,0.22,-0.76,0.58,228.57,2.93,-103.87,0.13,0.05,0.04,4.09,96.44,60.27,-41.66,-0.09,-1.06,-0.12
4.5878,1,-0.194,0.07,0.11,0.97,215.57,-10.59,10.96,0,0.11,-0.04,4.09,-3.81,-2.29,10.38,0.23,0.28,0.92
4.6464,7,-0.97,-0.03,0.05,-0.24,41.53,-5.96,1.9,-0,0.02,0.02,0,8.24,22.28,0.92,0.1,0.01,1.02
4.6482,2,1,0,0,0,0,0,0,0,0,0,4.09,0,0,0,0,0,0
4.6521,0,0.212,-0.1,0.04,-0.97,219.28,-10.78,-6.68,0.2,0.03,0.02,4.09,9.16,25.02,15.56,0,0,1.05
4.654,5,-0.259,-0.51,-0.82,0.01,126.87,25.89,164.2,-0.42,0.2,-0.43,4.09,-231.02,-71.41,301.06,-0.32,-0.22,-0.56
4.6593,3,-0.147,-0.16,-0.65,-0.73,168.85,-2.66,83.74,-0.05,0.02,-0.04,4.09,-101.62,89.42,8.09,0.08,0.96,0.08
4.6612,4,-0.261,0.68,-0.68,-0.08,287.44,27.42,-163.68,-0.38,0.36,-0.81,4.09,218.96,48.07,-455.32,0.25,0.25,-0.37
4.6821,6,-0.173,0.19,-0.7,0.67,224.2,-1.15,-92.51,0.13,0.1,-0.03,4.09,113.22,39.22,-36.47,-0.03,-0.98,0.08
4.6842,1,-0.198,0.08,0.11,0.97,215.98,-11.98,10.93,0.08,-0.02,0.01,4.09,3.36,-10.83,16.02,0.13,0.21,0.96
4.7585,7,-0.969,-0.04,0.02,-0.24,42.05,-2.78,3.58,-0.06,0.04,0.04,0,31.13,42.72,10.83,-0.02,0.05,1.04
4.7607,2,1,0,0,0,0,0,0,0,0,0,4.09,0,0,0,0,0,0
4.7649,0,0.222,-0.08,0.03,-0.97,220.21,-7.86,-5.54,0.18,-0,0.04,4.09,9.16,27.62,16.78,-0.02,-0.03,1.06
4.7664,5,-0.414,-0.6,-0.64,-0.24,99.97,13.97,124.06,0.36,0.36,-0.44,4.09,-391.39,-22.28,264.89,-0.46,0.59,0.08
4.7703,3,-0.131,-0.09,-0.58,-0.8,175.61,0.37,72.55,0.01,-0.14,-0.21,4.09,-142.82,69.43,-23.5,0.02,0.71,0.38
4.7719,4,-0.366,0.78,-0.43,0.26,313.71,-5.52,-126.69,0.72,0.24,-0.35,4.09,316.01,194.7,-238.19,0.79,-0.73,0.08
4.7917,6,-0.157,0.18,-0.63,0.74,221.32,-3.82,-81.46,0.17,0.15,-0.09,4.09,127.72,21.67,5.34,-0.02,-0.86,0.35
4.7937,1,-0.207,0.09,0.11,0.97,217.02,-12.68,10.93,0.19,0.02,0,4.09,-3.36,-8.54,6.1,0.06,0.28,0.98
4.842,7,-0.963,-0.06,-0.04,-0.26,44.64,2.32,7.37,-0.03,-0.01,-0.03,0,49.13,63.17,30.52,-0.07,0.15,0.95
4.8444,2,1,0,0,0,0,0,0,0,0,0,4.09,0,0,0,0,0,0
4.8483,0,0.253,-0.05,0.03,-0.97,223.66,-4.78,-5.21,0.23,0.12,-0.07,4.09,6.41,18.77,36.32,-0.06,0.14,0.95
4.8498,5,-0.557,-0.52,-0.42,-0.5,95.06,-2.6,83.59,0.33,0.43,0.52,4.09,-407.41,-13.73,-84.84,-0.27,1.33,0.58
4.8536,3,-0.111,-0.02,-0.47,-0.87,181.84,4.28,56.51,0.07,-0.01,0.05,4.09,-185.55,70.65,-27.01,-0.14,0.87,0.62
4.8552,4,-0.352,0.68,-0.22,0.6,297.62,-41.65,-91.99,0.51,-0.35,0.06,4.09,173.65,321.2,-225.68,0.64,-1,0.69
4.8765,6,-0.167,0.13,-0.53,0.82,218.22,-1.94,-66,0.47,0.29,0.02,4.09,169.37,60.88,10.07,-0.27,-0.78,0.83
4.8789,1,-0.221,0.09,0.11,0.96,218.71,-12.61,10.74,0.27,-0.09,0.01,4.09,10.07,13.28,39.22,-0.05,0.23,1.02
4.9514,7,-0.956,-0.06,-0.08,-0.28,46.77,7.24,9.44,0.11,0.37,-0.02,0,-20.9,61.19,21.82,-0.22,-0.19,0.98
4.9531,2,1,0,0,0,0,0,0,0,0,0,4.09,0,0,0,0,0,0
4.9567,0,0.267,-0.05,0.02,-0.96,225.3,-4.94,-4.2,0.36,0.13,-0.03,4.09,1.53,1.83,25.02,-0.11,0.23,0.98
4.9597,5,-0.759,-0.28,-0.22,-0.55,86,1.52,41.6,0.28,0.73,0.81,4.09,-354.16,-58.29,-76.14,-0.64,0.88,1.64
4.9647,3,-0.165,0.08,-0.33,-0.93,178.72,14.33,36.66,-0.18,0.41,0.22,4.09,-218.35,23.5,-241.39,-0.24,1.05,0.69
4.9663,4,-0.381,0.46,-0.18,0.78,263.86,-35.77,-51.57,0.47,-0.13,0.89,4.09,193.48,218.81,224.46,0.78,-1.08,1.37
4.9862,6,-0.249,0.03,-0.41,0.88,221.83,8.77,-47.37,0.08,-0.09,0.2,4.09,223.69,-12.21,258.94,-0.26,-0.81,0.77
4.9879,1,-0.253,0.08,0.12,0.96,222.46,-11.92,11.71,0.14,0.05,0.01,4.09,30.67,13.12,14.65,0.14,0.31,0.97
5.0455,7,-0.942,-0.03,-0.09,-0.32,52.37,8.77,7.08,0.36,-0.15,-0.17,0,-42.88,-20.14,32.2,0.24,-0.01,0.89
5.0472,2,1,0,0,0,0,0,0,0,0,0,4.09,0,0,0,0,0,0
5.0511,0,0.267,-0.06,0.03,-0.96,225.34,-5.33,-4.6,0.28,0.24,0.01,4.09,-6.56,1.53,-21.06,0.01,0.26,1
5.0526,5,-0.841,-0.07,-0.09,-0.53,78.85,4.21,12.37,-0.5,-0.04,0.59,4.09,-196.38,24.26,-92.62,-0.29,0.78,1.41
5.0562,3,-0.318,0.15,-0.13,-0.93,157.93,21.16,9.1,-0.21,0.14,0.14,4.09,-149.08,-51.73,-74.46,-0.34,0.44,1.11
5.0582,4,-0.682,0.16,-0.19,0.69,283.15,2.11,-29.06,0.2,0.23,0.56,4.09,244.75,61.8,398.41,0.15,-0.56,1.4
5.0779,6,-0.418,-0.05,-0.24,0.88,241.74,16.33,-23.31,0.1,0.2,-0.05,4.09,113.68,-86.82,87.43,-0.2,-0.19,0.9
5.0796,1,-0.236,0.07,0.14,0.96,220.26,-11.8,14.28,-0.29,-0.08,-0.09,4.09,-7.93,-21.51,-13.58,0.37,0.01,0.9
5.1524,7,-0.943,0.01,-0.05,-0.33,52.59,5.67,1.21,0.29,0.03,-0.04,0,-69.89,-61.49,21.82,0.15,-0.16,1.01
5.1552,2,1,0,0,0,0,0,0,0,0,0,4.09,0,0,0,0,0,0
5.1601,0,0.239,-0.06,0.02,-0.97,221.98,-5.97,-3.4,0.23,0.12,-0.12,4.09,-0.15,-2.59,-47.3,-0.05,0.16,0.93
5.1631,5,-0.873,-0.01,-0.07,-0.48,72.28,6.68,4.63,-0.22,0.09,0.19,4.09,39.22,-1.07,-2.75,-0.32,0.23,1.15
5.1672,3,-0.351,0.12,-0.05,-0.93,152.63,15.04,0.18,-0.41,0.55,0.06,4.09,11.14,-76.45,-124.36,-0.34,0.67,1
5.1688,4,-0.804,0.03,-0.13,0.58,301.36,9.35,-11.64,-0.01,-0.02,0.15,4.09,43.64,-39.22,29.75,-0.21,-0.23,1.11
5.1873,6,-0.475,-0,-0.15,0.87,250.39,8.6,-15.16,0.01,-0,0.07,4.09,-8.7,-87.43,35.1,-0.17,-0.3,1.03
5.1889,1,-0.24,0.08,0.14,0.96,220.65,-12.58,13.48,-0.22,-0.28,0.03,4.09,-9.61,-12.97,13.43,0.29,-0.07,1
5.2485,7,-0.934,0.02,0.03,-0.35,55.69,-2.21,-3.02,-0.66,-0.26,0.32,0,8.09,-63.48,-79.04,-0.22,0.57,1.26
5.2502,2,1,0,0,0,0,0,0,0,0,0,4.09,0,0,0,0,0,0
5.2541,0,0.206,-0.07,0.01,-0.98,218.03,-7.21,-2.82,0.24,-0.05,0.09,4.09,4.58,15.11,-28.38,-0.07,-0.07,1.05
5.2556,5,-0.831,-0.04,-0.11,-0.55,81.31,7.62,10.36,-0.21,-0.1,-0.08,4.09,35.25,31.59,148.62,-0.09,0.4,0.82
5.2605,3,-0.507,0.08,-0.05,-0.86,132.82,10.19,0.25,-0.02,-0.22,0.02,4.09,45.17,-65.46,-217.74,0.02,-0.11,1.04
5.2629,4,-0.8,0.06,-0.1,0.59,300.91,5.23,-12.58,-0.25,0.04,0,4.09,-22.13,-30.36,-11.9,-0.12,-0.47,0.9
5.2833,6,-0.538,0.04,-0.15,0.83,259.25,5.1,-16.95,0.1,0.01,0.2,4.09,-17.55,-21.51,129.24,-0.14,-0.22,1.15
5.285,1,-0.24,0.09,0.12,0.96,220.89,-13.18,11.15,-0.02,-0.09,0.05,4.09,-7.32,5.49,6.41,0.19,0.1,1.05
5.3544,7,-0.942,-0.01,0.07,-0.33,52.49,-8.35,-1.23,-0.62,0.41,-0.33,0,-21.36,-11.6,-20.14,-0.42,0.06,0.5
5.3561,2,1,0,0,0,0,0,0,0,0,0,4.09,0,0,0,0,0,0
5.3609,0,0.191,-0.04,0.02,-0.98,216.19,-4.13,-2.63,0.06,-0.07,-0.01,4.09,2.59,34.33,-1.37,-0.01,-0.08,0.99
5.3625,5,-0.776,-0.03,-0.12,-0.62,92.06,8.97,11.79,-0.29,-0.18,-0.2,4.09,-28.69,23.96,12.82,0,0.48,0.76
5.3663,3,-0.606,0.05,-0.02,-0.79,119.35,5.66,-1.25,0.6,0.08,0.19,4.09,-36.93,15.56,-18.01,-0.35,-0.55,1.13
5.3679,4,-0.812,0.08,-0.09,0.57,303.38,3.46,-13.92,-0.16,-0.18,-0.06,4.09,0.76,-12.82,31.59,-0.31,-0.28,0.89
5.3898,6,-0.603,0.04,-0.14,0.78,268.4,5.76,-15.9,0.59,-0.2,0.02,4.09,40.28,-3.2,-7.17,-0.46,0.23,1.09
5.3921,1,-0.253,0.08,0.12,0.96,222.44,-12.59,11.64,-0.01,-0.08,-0.04,4.09,4.12,5.04,0.76,0.17,0.13,0.95
5.4655,7,-0.942,-0.01,0.1,-0.32,52.12,-10.79,-2.32,-0.71,0,0.04,0,25.79,20.45,-71.72,-0.34,0.36,1.15
5.4672,2,1,0,0,0,0,0,0,0,0,0,4.09,0,0,0,0,0,0
5.4733,0,0.188,-0.03,0.01,-0.98,215.77,-2.68,-2.04,0.09,-0.1,0.04,4.09,9.31,11.6,0.31,-0.08,-0.1,1.04
5.4755,5,-0.788,0.01,-0.12,-0.6,89.83,11.61,8.03,-0.16,-0.3,0.07,4.09,-9.31,3.51,-33.72,0.03,0.37,1.06
5.4816,3,-0.543,0.08,-0.02,-0.84,127.7,9.09,-3.68,-0.26,-0.11,0.14,4.09,-28.99,52.34,148.32,0.03,0.18,1.17
5.4831,4,-0.807,0.07,-0.1,0.58,302.43,4.72,-13.95,-0.12,-0.1,0.18,4.09,-3.66,22.89,60.27,-0.19,-0.39,1.12
5.4879,6,-0.552,0.01,-0.1,0.83,260.94,4.99,-10.52,0.06,-0.02,0.14,4.09,61.95,22.89,-112.76,-0.14,-0.17,1.12
5.4895,1,-0.24,0.07,0.11,0.96,221.01,-11.23,10.37,0.13,0.01,0.07,4.09,-31.13,10.83,-44.56,0.11,0.25,1.04
5.5514,7,-0.94,-0.02,0.08,-0.33,52.82,-9.45,-0.62,-0.02,-0.16,-0.02,0,-6.71,3.36,45.62,0.26,0.16,0.98
5.553,2,1,0,0,0,0,0,0,0,0,0,4.09,0,0,0,0,0,0
5.5568,0,0.183,-0.03,0.02,-0.98,215.19,-2.77,-2.52,0.12,-0.02,-0.07,4.09,-4.43,-16.48,-11.29,-0.07,-0.02,0.94
5.5583,5,-0.785,-0.02,-0.13,-0.61,90.41,10.25,11.01,-0.16,-0.1,0.1,4.09,79.8,-45.47,36.62,-0.17,0.38,1
5.5651,3,-0.482,0.12,-0.03,-0.87,135.5,13.45,-4.21,-0.38,0.02,-0.21,4.09,-4.43,17.7,-1.53,-0.01,0.24,0.82
5.5666,4,-0.838,0.07,-0.14,0.52,308.99,9.42,-15.94,0.11,-0.02,0.08,4.09,-64.39,39.37,8.7,-0.13,-0.2,1.01
5.6023,6,-0.491,-0.01,-0.07,0.87,252.78,4.8,-6.29,-0.13,-0.08,-0.14,4.09,27.01,1.37,-45.01,-0.06,-0.24,0.83
5.6039,1,-0.199,0.07,0.09,0.97,216.43,-9.89,8.5,-0.03,-0.04,-0.21,4.09,-2.14,0.92,-36.16,0.14,0.06,0.77
5.6555,7,-0.937,-0.02,0.07,-0.34,54.04,-8.8,-0.66,-0.06,-0.07,-0.01,0,7.93,3.81,-9.77,0.14,0.06,0.98
5.6571,2,1,0,0,0,0,0,0,0,0,0,4.09,0,0,0,0,0,0
5.661,0,0.177,-0.05,0.02,-0.98,214.57,-5.19,-2.95,0.1,-0.04,-0.03,4.09,-3.97,-30.67,-9,-0.02,-0.06,0.98
5.6625,5,-0.8,-0.08,-0.14,-0.58,86.94,7.6,17.2,0.1,0.15,-0.24,4.09,43.03,-28.23,-41.96,-0.21,0.09,0.74
5.6663,3,-0.498,0.11,-0.04,-0.86,133.62,12.67,-2.58,-0.14,-0.14,-0.11,4.09,35.4,-20.29,-6.56,-0.04,0.01,0.93
5.668,4,-0.81,0.13,-0.21,0.53,304.65,11.65,-26.29,0.21,0.11,-0.06,4.09,-92.62,27.16,-54.63,-0,-0.27,0.96
5.6902,6,-0.484,0,-0.06,0.87,251.83,3.26,-6.58,-0.04,-0.1,-0.01,4.09,-33.26,-27.31,26.7,-0.12,-0.2,1
5.6919,1,-0.175,0.06,0.1,0.98,213.55,-9.26,9.73,0.01,-0.11,0.13,4.09,-0.92,6.71,-30.36,0.14,0.07,1.09
5.7673,7,-0.939,-0.03,0.07,-0.33,53.22,-8.7,0.03,-0.16,-0.05,-0.01,0,0,1.37,7.93,0.08,0.16,0.99
5.7687,5,-0.813,-0.08,-0.13,-0.56,84.22,6.72,16.26,0.01,0.14,0.23,4.09,-29.14,-14.5,-57.83,-0.29,0.29,1.17
5.7718,0,0.168,-0.07,0.02,-0.98,213.71,-7.87,-3.51,0.2,-0.02,0.1,4.09,-2.59,-10.83,-8.85,-0.03,-0.01,1.11
5.7732,2,1,0,0,0,0,0,0,0,0,0,4.09,0,0,0,0,0,0
5.7766,3,-0.511,0.07,-0.04,-0.86,132.29,9.57,-0.46,0.03,0.12,0.17,4.09,12.82,-41.2,-32.96,-0.31,0.02,1.13
5.7781,4,-0.778,0.18,-0.25,0.55,300.19,11.42,-34.11,0.34,0.11,-0.04,4.09,-46.23,13.43,-15.26,0.01,-0.3,0.97
5.7993,6,-0.511,0.03,-0.09,0.85,255.56,2.25,-10.4,0.11,-0.13,0.14,4.09,-41.05,8.39,33.11,-0.21,-0.16,1.12
5.8008,1,-0.165,0.06,0.1,0.98,212.38,-9,9.92,0.11,-0.11,-0.01,4.09,-1.98,-4.43,-7.63,0.02,0.12,1.02
5.8563,7,-0.939,-0.03,0.07,-0.34,53.41,-8.68,0.33,-0.1,-0.09,0.02,0,1.83,4.43,-28.53,0.13,0.09,1
5.8578,5,-0.856,-0.06,-0.12,-0.5,75.61,7.69,13.08,-0.05,0.1,0.01,4.09,-1.98,-13.12,-66.53,-0.24,0.22,0.95
5.8607,0,0.167,-0.08,0.02,-0.98,213.63,-8.65,-3.33,0.16,0.02,-0.12,4.09,7.63,5.04,7.63,-0.02,0.01,0.89
5.8621,2,1,0,0,0,0,0,0,0,0,0,4.09,0,0,0,0,0,0
5.8656,3,-0.531,0.05,-0.02,-0.85,129.71,6.39,-0.78,0.03,-0.05,-0.21,4.09,-17.7,-29.45,5.8,-0.04,-0.04,0.77
5.867,4,-0.773,0.2,-0.26,0.54,300.45,10.91,-37.39,0.32,0.04,-0.19,4.09,-31.89,-18.01,20.9,-0.03,-0.26,0.83
5.8902,6,-0.535,0.03,-0.12,0.84,258.76,4.49,-13.95,0.16,-0.02,-0.16,4.09,-37.08,14.5,23.96,-0.15,-0.07,0.84
5.8917,1,-0.166,0.07,0.1,0.98,212.43,-9.7,9.73,0.03,-0.05,-0.02,4.09,3.97,-5.8,11.29,0.12,0.13,0.97
5.9677,7,-0.948,-0.03,0.07,-0.31,50.09,-8.61,0.24,-0.06,0,0,0,-11.9,-4.88,-23.65,0.1,0.04,1
5.9687,2,1,0,0,0,0,0,0,0,0,0,4.09,0,0,0,0,0,0
5.9727,0,0.169,-0.09,0.02,-0.98,213.91,-9.9,-3.75,0.24,-0.01,0.01,4.09,-10.83,-14.95,-0.15,-0.05,0.01,1.04
5.9737,5,-0.871,-0.06,-0.12,-0.47,72.07,8.45,12.49,-0.06,0.02,-0,4.09,-1.98,7.78,-10.38,-0.2,0.25,0.95
5.9777,3,-0.532,0.02,-0.02,-0.85,129.76,3.26,0.28,-0.14,0.15,0.05,4.09,28.69,-29.14,-34.18,-0.13,0.18,1.08
5.9797,4,-0.793,0.21,-0.26,0.51,304.63,11.51,-37.5,0.37,-0.03,-0.17,4.09,23.8,-19.07,33.11,-0.07,-0.22,0.89
6.0007,6,-0.538,0.04,-0.16,0.83,259.21,5.61,-18.27,0.18,0.06,0.09,4.09,-45.93,-4.58,-11.44,-0.14,-0.18,1.1
6.0017,1,-0.169,0.07,0.1,0.98,212.85,-9.94,9.55,0.09,-0.03,0.01,4.09,-0.92,0,-1.22,0.07,0.17,1
6.0587,7,-0.955,-0.02,0.07,-0.29,47.3,-8.82,0.32,0.04,0.1,-0.03,0,-1.22,0,-14.65,0.12,-0.11,0.96
6.0607,2,1,0,0,0,0,0,0,0,0,0,4.09,0,0,0,0,0,0
6.0647,0,0.165,-0.1,0.02,-0.98,213.54,-10.93,-4.57,0.25,0.06,0.06,4.09,-6.87,-11.75,-11.44,-0.02,0.05,1.09
6.0657,5,-0.866,-0.05,-0.13,-0.48,73.15,9.85,11.9,-0.07,-0.06,0.03,4.09,-5.95,18.01,26.55,-0.15,0.31,0.97
6.0697,3,-0.565,0,-0.01,-0.83,125.26,1.07,1.03,0.08,0.19,0.17,4.09,1.37,-5.65,-23.04,-0.22,0.01,1.15
6.0707,4,-0.812,0.17,-0.22,0.51,306.8,10.63,-31.38,0.23,-0.03,0.01,4.09,76.75,-21.06,5.19,-0.13,-0.34,0.98
6.0937,6,-0.533,0.07,-0.17,0.83,258.98,4.21,-20.87,0.15,-0.03,-0.04,4.09,-19.07,-5.8,8.09,-0.15,-0.22,0.92
6.0947,1,-0.174,0.07,0.1,0.98,213.34,-9.77,9.78,0.04,-0.07,-0.01,4.09,1.07,0,-2.14,0.11,0.11,0.98
6.1557,7,-0.955,-0.02,0.07,-0.29,47.43,-8.74,-0.28,-0.04,0.01,-0.01,0,-1.07,5.65,5.04,0.09,-0.01,0.98
6.1577,2,1,0,0,0,0,0,0,0,0,0,4.09,0,0,0,0,0,0
6.1657,0,0.154,-0.1,0.02,-0.98,212.27,-11.02,-4.3,0.21,0.01,-0.02,4.09,2.75,6.41,-9.61,-0.02,-0,1
6.1717,5,-0.852,-0.04,-0.13,-0.5,76.39,10.59,12.46,-0.1,-0.09,-0.01,4.09,6.71,6.1,15.56,-0.15,0.34,0.92
6.1767,3,-0.57,0.01,-0.02,-0.82,124.51,1.8,0.94,-0,0.08,-0.04,4.09,0,19.99,-2.14,-0.09,0.06,0.96
6.1777,4,-0.839,0.13,-0.18,0.5,310.63,9.73,-23.39,0.07,-0,0.1,4.09,55.24,-25.94,56.92,-0.17,-0.34,1.02
6.1937,6,-0.541,0.07,-0.18,0.82,260.03,4.56,-21.36,0.17,0.02,-0.07,4.09,11.29,3.66,-3.2,-0.12,-0.2,0.94
6.1957,1,-0.179,0.07,0.1,0.98,213.97,-9.71,9.55,0.07,-0.05,-0,4.09,0.92,2.44,1.68,0.09,0.14,0.98
6.2567,7,-0.953,-0.01,0.07,-0.29,48.3,-8.18,-0.87,-0.05,-0.1,0,0,-1.22,1.07,-5.04,0.15,0.1,0.99
6.2577,2,1,0,0,0,0,0,0,0,0,0,4.09,0,0,0,0,0,0
6.2627,0,0.15,-0.09,0.02,-0.98,211.69,-10.26,-3.82,0.2,0.01,-0.03,4.09,2.9,1.07,0.46,-0.02,0,0.99
6.2647,5,-0.851,-0.05,-0.14,-0.5,76.58,10.46,13.43,-0.08,-0.06,0,4.09,10.38,-5.8,-7.93,-0.17,0.32,0.94
6.2677,3,-0.576,0.02,-0.03,-0.82,123.69,3.51,1.3,-0.01,0.03,-0.01,4.09,5.49,9.61,0.76,-0.08,0.04,0.98
6.2697,4,-0.868,0.1,-0.16,0.46,316.42,10.42,-19.06,0.07,-0.05,0.06,4.09,14.34,-7.63,16.94,-0.19,-0.26,1.01
6.2947,6,-0.537,0.06,-0.16,0.83,259.46,3.69,-19.48,0.1,-0.01,0.01,4.09,18.62,-14.34,-13.58,-0.12,-0.26,0.98
6.2957,1,-0.185,0.07,0.1,0.98,214.7,-9.73,9.43,0.06,-0.07,-0,4.09,1.07,-0.46,3.66,0.09,0.12,0.99
6.3637,7,-0.955,-0.01,0.07,-0.29,47.59,-8.07,-0.8,-0.02,0.05,0,0,-3.51,2.29,3.51,0.1,-0.03,1
6.3647,2,1,0,0,0,0,0,0,0,0,0,4.09,0,0,0,0,0,0
6.3697,0,0.15,-0.09,0.02,-0.98,211.67,-10.18,-3.46,0.22,0.03,-0,4.09,3.97,-2.59,2.59,-0.02,0.03,1.02
6.3707,5,-0.854,-0.06,-0.14,-0.5,75.76,10.08,14.1,-0.09,-0.04,0,4.09,7.32,-8.09,-12.36,-0.18,0.34,0.93
6.3767,3,-0.57,0.02,-0.03,-0.82,124.57,3.89,1.89,-0.03,0.09,0.02,4.09,3.36,2.59,11.75,-0.14,0.1,1
6.3787,4,-0.864,0.1,-0.16,0.47,315.45,10.42,-19,0.04,0.03,0.02,4.09,-0.92,12.97,-23.19,-0.13,-0.31,0.96
6.3987,6,-0.536,0.06,-0.14,0.83,259.35,2.24,-17.15,0.15,-0.06,0.01,4.09,21.51,-6.87,-0.76,-0.16,-0.18,0.99
6.3997,1,-0.189,0.07,0.09,0.97,215.19,-9.8,9.28,0.07,-0.04,-0.01,4.09,1.22,-0.92,-0.61,0.09,0.15,0.98
6.4767,7,-0.954,-0.01,0.07,-0.29,48.15,-7.96,-1.05,-0.06,-0.03,0,0,-0.31,0.76,-0.61,0.12,0.04,0.99
6.4787,2,1,0,0,0,0,0,0,0,0,0,4.09,0,0,0,0,0,0
6.4827,0,0.151,-0.09,0.01,-0.98,211.72,-10.14,-2.81,0.21,0.02,-0.01,4.09,3.51,0.61,1.37,-0.02,0.04,1.01
6.4837,5,-0.859,-0.07,-0.14,-0.49,74.52,9.72,14.63,-0.08,-0.02,0.02,4.09,9.92,-7.32,-12.05,-0.2,0.33,0.95
6.4867,3,-0.566,0.02,-0.04,-0.82,125.1,4.28,2.22,-0.03,0.07,-0.01,4.09,1.37,3.66,5.8,-0.13,0.1,0.98
6.4887,4,-0.853,0.1,-0.17,0.48,313.07,11.03,-20.49,0.08,0.06,0.02,4.09,-16.17,13.73,-14.34,-0.1,-0.31,0.97
6.5097,6,-0.532,0.05,-0.12,0.84,258.61,2.3,-14.71,0.17,-0.04,0.01,4.09,21.97,7.93,-20.29,-0.14,-0.13,1.01
6.5117,1,-0.189,0.07,0.09,0.97,215.23,-9.82,9.27,0.06,-0.06,-0,4.09,0.15,-2.29,-3.36,0.09,0.13,0.99
6.5677,7,-0.954,-0.01,0.07,-0.29,47.94,-7.93,-1.06,-0.04,0.01,0,0,-0.46,1.37,0,0.1,-0,1
6.5687,2,1,0,0,0,0,0,0,0,0,0,4.09,0,0,0,0,0,0
6.5727,0,0.15,-0.09,0.01,-0.98,211.61,-10.01,-2.43,0.21,0.02,-0.01,4.09,0.15,-1.07,0.15,-0.02,0.04,1.01
6.5737,5,-0.863,-0.08,-0.14,-0.48,73.6,9.57,15.43,-0.07,-0,0.01,4.09,12.97,-6.1,-7.63,-0.2,0.32,0.94
6.5797,3,-0.566,0.02,-0.04,-0.82,125.12,4.44,2.29,-0.05,0.07,-0.01,4.09,0,-1.07,-1.68,-0.12,0.1,0.99
6.5807,4,-0.84,0.12,-0.19,0.49,310.71,11.25,-23.35,0.16,0.06,-0.01,4.09,-31.43,9.31,-21.51,-0.07,-0.29,0.96
6.6007,6,-0.517,0.04,-0.11,0.85,256.5,2.69,-13.41,0.05,-0.03,0.01,4.09,2.59,9.31,-18.62,-0.1,-0.2,0.99
6.6017,1,-0.189,0.07,0.09,0.97,215.23,-9.93,9.18,0.06,-0.05,-0,4.09,1.07,-2.14,-1.53,0.1,0.13,0.99
6.6767,7,-0.953,-0.01,0.07,-0.29,48.37,-7.69,-1.19,-0.05,-0.02,-0,0,-0.15,2.59,3.66,0.11,0.02,0.99
6.6787,2,1,0,0,0,0,0,0,0,0,0,4.09,0,0,0,0,0,0
6.6827,0,0.148,-0.09,0.01,-0.99,211.3,-9.97,-2.32,0.2,0.01,-0.02,4.09,-0.15,-2.59,-0.92,-0.02,0.03,1
6.6847,5,-0.866,-0.08,-0.14,-0.47,72.78,9.44,16.16,-0.04,0.01,0.01,4.09,2.59,-2.75,-8.39,-0.2,0.31,0.94
6.6877,3,-0.57,0.02,-0.04,-0.82,124.59,4.15,2.42,-0.03,0.07,-0.01,4.09,2.14,-5.49,-5.95,-0.13,0.09,0.98
6.6897,4,-0.83,0.14,-0.2,0.5,309.36,10.85,-26.57,0.21,0.03,-0.03,4.09,-28.38,-1.07,-0.15,-0.07,-0.27,0.95
6.7097,6,-0.512,0.04,-0.11,0.85,255.86,2.91,-13.63,0.08,-0.02,-0.02,4.09,-9.16,0,1.07,-0.11,-0.17,0.96
6.7127,1,-0.192,0.07,0.09,0.97,215.5,-10.02,9.11,0.06,-0.04,-0,4.09,0.31,0.76,-1.07,0.1,0.14,0.98
6.7697,7,-0.954,-0.01,0.07,-0.29,48.19,-7.55,-1.02,-0.06,-0.01,-0,0,0.15,2.59,-5.95,0.09,0.02,1
6.7707,2,1,0,0,0,0,0,0,0,0,0,4.09,0,0,0,0,0,0
6.7747,0,0.146,-0.09,0.01,-0.99,211.11,-10.15,-2.25,0.2,0.02,-0.01,4.09,0.31,-3.05,-0.15,-0.01,0.04,1.01
6.7767,5,-0.868,-0.08,-0.14,-0.47,72.21,9.68,15.86,-0.06,-0,0.02,4.09,-4.27,1.68,-3.36,-0.2,0.33,0.95
6.7807,3,-0.577,0.01,-0.04,-0.82,123.66,3.75,2.83,-0.02,0.08,0.02,4.09,3.66,-4.43,-7.32,-0.14,0.1,1
6.7817,4,-0.829,0.16,-0.2,0.5,309.66,10.21,-28.56,0.24,-0,-0.04,4.09,-15.26,-8.24,2.14,-0.08,-0.27,0.94
6.8027,6,-0.517,0.04,-0.12,0.85,256.49,2.92,-14.68,0.1,-0.03,-0,4.09,-12.66,-2.14,9,-0.12,-0.18,0.98
6.8037,1,-0.194,0.07,0.09,0.97,215.73,-9.88,9.17,0.05,-0.04,-0,4.09,1.07,0,-0.46,0.11,0.13,0.98
6.8777,7,-0.955,-0.01,0.06,-0.29,48.01,-7.25,-1.03,-0.03,-0.01,-0,0,-0.46,2.44,-0.15,0.1,0.01,0.99
6.8797,2,1,0,0,0,0,0,0,0,0,0,4.09,0,0,0,0,0,0
6.8827,0,0.145,-0.09,0,-0.99,210.95,-10.24,-2.02,0.19,0.01,-0.01,4.09,0.92,-0.15,-0.92,-0,0.03,1.01
6.8847,5,-0.868,-0.07,-0.14,-0.47,72.34,10.04,15.42,-0.07,-0.02,-0,4.09,-4.43,3.51,1.98,-0.19,0.32,0.93
6.8877,3,-0.582,0.01,-0.04,-0.81,122.87,3.73,2.97,-0.04,0.07,0.01,4.09,1.37,0.15,-3.36,-0.12,0.11,1
6.8897,4,-0.833,0.17,-0.2,0.49,310.85,9.47,-28.44,0.21,-0.04,-0.03,4.09,5.04,-12.66,11.75,-0.1,-0.28,0.94
6.9117,6,-0.526,0.05,-0.13,0.84,257.73,3.16,-15.56,0.12,-0.02,-0.01,4.09,-9.92,-3.97,11.14,-0.13,-0.17,0.97
6.9137,1,-0.195,0.07,0.09,0.97,215.86,-9.9,9.07,0.06,-0.04,-0,4.09,-0.46,-0.46,-1.07,0.1,0.14,0.98
6.9777,7,-0.955,-0.01,0.06,-0.29,47.92,-6.95,-1.04,-0.04,-0,-0,0,0.46,2.44,-1.83,0.09,0.01,0.99
6.9797,2,1,0,0,0,0,0,0,0,0,0,4.09,0,0,0,0,0,0
6.9837,0,0.143,-0.09,0,-0.99,210.72,-10.23,-1.78,0.19,0.01,-0.02,4.09,1.37,-2.59,-1.07,-0,0.03,1
6.9847,5,-0.866,-0.07,-0.14,-0.47,72.82,10.38,14.95,-0.07,-0.04,0,4.09,-8.7,2.29,2.14,-0.19,0.33,0.93
