0,5,0.89,0.09,0.15,0.42,66.4,10.35,17.03,-0,-0,0.01,4.09,-1.98,0,-4.88,-0.19,0.29,0.95
0.0225,0,-0.08,-0.01,0.04,1,203.24,0.49,4.37,-0,0,0.01,4.09,0.61,-0.76,0.61,-0,0.08,1
0.0251,4,0.851,-0.1,0.11,-0.5,312.22,4.53,-16.69,0,-0,0.01,4.09,-1.22,0.31,1.83,-0.08,-0.29,0.96
0.0304,7,0.974,0.02,-0.01,0.23,40.26,-1.19,2.06,0.01,-0,0,0,-0.61,0,0.46,0.03,0.04,1
0.0327,2,1,0,0,0,0,0,0,0,0,0,4.09,0,0,0,0,0,0
0.0542,6,0.474,0.01,0.08,-0.88,250.56,5.17,-7.36,-0.01,-0,0,4.09,-0.92,-0.61,-0.15,-0.08,-0.14,0.99
0.056,1,0.065,-0.03,-0.07,-0.99,201.29,-3.91,7.88,-0,-0,0,4.09,0.31,0.31,1.07,0.07,0.13,0.99
0.1007,3,0.686,-0.04,0.07,0.72,107.37,8.62,3.04,-0.02,0,0.01,4.09,0.15,0.15,1.37,-0.15,0.07,1
0.1027,5,0.891,0.09,0.14,0.42,66.03,10.44,16.74,-0.02,-0,0.02,4.09,-1.98,0.15,-1.37,-0.19,0.31,0.95
0.1248,0,-0.079,-0.01,0.04,1,203.19,0.46,4.41,-0,0,0.01,4.09,0.76,-1.07,0,-0,0.08,1
0.1271,4,0.852,-0.1,0.11,-0.5,312.37,4.53,-16.75,0.01,-0.01,-0,4.09,-0.31,0,-0.15,-0.08,-0.27,0.96
0.1321,7,0.974,0.02,-0.01,0.23,40.26,-1.23,1.97,-0,-0,0,0,-0.31,0,0.15,0.02,0.04,1
0.1345,2,1,0,0,0,0,0,0,0,0,0,4.09,0,0,0,0,0,0
0.1543,6,0.475,0.01,0.08,-0.88,250.57,5.09,-7.51,0,0,0.01,4.09,-1.68,-0.76,-0.61,-0.08,-0.13,0.99
0.156,1,0.066,-0.03,-0.07,-0.99,201.39,-3.88,7.79,-0,-0.03,-0,4.09,-2.59,-0.46,-2.44,0.06,0.11,0.99
0.1862,3,0.686,-0.04,0.07,0.72,107.36,8.66,3.13,-0,-0,-0,4.09,0.61,0,0,-0.15,0.06,0.99
0.1879,5,0.892,0.09,0.14,0.42,65.86,10.49,16.75,-0.02,0.01,0.03,4.09,1.98,1.98,0,-0.21,0.3,0.97
0.2253,0,-0.079,-0.01,0.04,1,203.12,0.43,4.48,-0,0,0.01,4.09,0.31,-0.31,0,-0,0.08,1
0.2272,4,0.85,-0.1,0.11,-0.5,312,4.75,-16.74,0.02,-0.1,0.06,4.09,-7.32,10.53,-28.53,-0.18,-0.23,1.03
0.231,7,0.973,0.02,-0.01,0.23,40.41,-1.11,1.94,0,-0,0,0,-0.61,0,1.53,0.02,0.04,1
0.2326,2,1,0,0,0,0,0,0,0,0,0,4.09,0,0,0,0,0,0
0.2555,6,0.473,0.01,0.08,-0.88,250.34,4.98,-7.66,-0,-0,0,4.09,-0.76,-0.31,-3.51,-0.09,-0.14,0.99
0.2573,1,0.062,-0.03,-0.07,-1,200.89,-3.8,7.29,-0.01,-0.02,0,4.09,-3.05,0.61,-7.48,0.07,0.11,0.99
0.3223,3,0.686,-0.04,0.07,0.72,107.38,8.68,3.27,0.01,0.01,0.01,4.09,-0.31,0,0.76,-0.16,0.05,0.99
0.3242,5,0.88,0.09,0.16,0.44,68.8,11.65,18.31,-0.12,0.16,0.11,4.09,30.52,45.01,75.07,-0.44,0.34,1
0.3295,0,-0.079,-0.01,0.04,1,203.1,0.32,4.52,-0,0,0.01,4.09,0.46,0,-0.15,-0.01,0.08,1.01
0.3312,4,0.797,-0.12,0.14,-0.58,301.55,4.63,-20.85,-0.16,-0.09,0.19,4.09,-88.65,52.03,-188.29,-0.23,-0.58,1.06
0.3345,7,0.973,0.02,-0.01,0.23,40.46,-1.07,1.92,-0.01,-0.01,-0,0,-1.53,0.76,-0.46,0.02,0.04,1
0.3362,2,1,0,0,0,0,0,0,0,0,0,4.09,0,0,0,0,0,0
0.3564,6,0.472,0,0.08,-0.88,250.19,4.8,-7.84,-0.01,0,0.01,4.09,0,-0.46,-0.15,-0.08,-0.14,1
0.3583,1,0.053,-0.03,-0.06,-1,199.9,-3.67,7.07,-0.01,-0.01,-0.05,4.09,-2.29,-4.43,-14.8,0.07,0.1,0.94
0.4252,3,0.685,-0.04,0.07,0.72,107.5,8.76,3.27,-0.01,-0.01,0,4.09,0.31,1.37,-1.22,-0.15,0.06,0.99
0.427,5,0.788,0.14,0.24,0.55,87.16,12.71,29.81,-0.26,0.14,0.4,4.09,138.09,130,223.69,-0.48,0.88,1.02
0.4322,0,-0.079,-0.01,0.04,1,203.13,0.33,4.54,-0,0,0.02,4.09,-1.22,0.31,-1.83,0,0.08,1.01
0.4339,4,0.671,-0.21,0.22,-0.68,283.51,0.61,-35.71,-0.32,-0.2,0.39,4.09,-202.94,43.18,-131.99,-0.19,-1.16,0.91
0.4372,7,0.974,0.02,-0.01,0.23,40.36,-0.99,1.57,0.01,-0.05,0,0,-7.02,0,-1.68,0.05,0.09,1
0.4389,2,1,0,0,0,0,0,0,0,0,0,4.09,0,0,0,0,0,0
0.4592,6,0.469,0.01,0.08,-0.88,249.87,4.69,-7.62,0.09,0.02,0.01,4.09,5.65,-3.51,-15.26,-0.12,-0.04,1.01
0.4612,1,0.041,-0.03,-0.05,-1,198.6,-4.05,6.1,0,-0.03,-0.14,4.09,-32.5,-7.78,-18.16,0.07,0.07,0.85
0.5222,3,0.683,-0.04,0.07,0.73,107.83,8.71,3.16,0.07,-0.04,0,4.09,-4.12,-0.31,15.11,-0.12,-0.03,0.99
0.5238,5,0.649,0.22,0.38,0.62,107.61,12.86,51.32,-0.25,-0,0.18,4.09,193.94,87.89,76.45,-0.23,1.06,0.5
0.528,0,-0.076,-0,0.04,1,202.76,0.06,4.18,-0.02,-0.03,0.01,4.09,-4.43,-6.1,-4.12,0.01,0.04,1.01
0.5298,4,0.551,-0.34,0.37,-0.67,274.44,-2.46,-59.83,-0.19,0.08,0.12,4.09,-236.82,23.5,-38.76,0.16,-1.05,0.4
0.5335,7,0.974,0.01,-0,0.22,40.05,-0.34,1.47,-0.18,-0.06,0.05,0,2.59,12.97,-10.99,-0.15,0.17,1.05
0.5354,2,1,0,0,0,0,0,0,0,0,0,4.09,0,0,0,0,0,0
0.5583,6,0.434,0.01,0.07,-0.9,245.43,4.41,-6.63,0.08,-0.1,0.07,4.09,13.43,17.24,-74.92,-0.21,-0.12,1.04
0.5603,1,0.018,-0.05,-0.03,-1,195.99,-5.29,3.22,0.01,0.04,0.19,4.09,-11.75,1.07,-22.89,0.11,0.14,1.16
0.6252,3,0.661,-0.05,0.06,0.75,111.21,8.62,1.96,0.14,0.01,0.03,4.09,-23.65,10.38,63.48,-0.18,-0.1,1.01
0.6272,5,0.585,0.29,0.5,0.57,112.7,14.64,70.03,-0.13,-0.14,0.07,4.09,153.81,18.01,-14.8,-0.12,1.03,0.26
0.6316,0,-0.074,0,0.03,1,202.56,-0.47,3.48,0.01,-0.03,-0.02,4.09,-5.49,-5.34,-2.9,-0.01,0.03,0.98
0.6332,4,0.492,-0.42,0.49,-0.59,274.54,-0.72,-79.84,-0.05,0.29,-0.03,4.09,-161.29,-12.82,50.51,0.31,-0.93,0.16
0.6593,7,0.978,0.02,0.04,0.21,37.86,3.44,3.48,-0.53,-0.17,0.09,0,47.91,74.16,-29.45,-0.44,0.49,1.03
0.6619,1,0.002,-0.05,-0.03,-1,194.08,-5.53,3.49,-0.05,0.04,0.06,4.09,14.04,-0.15,-10.53,0.15,0.08,1.04
0.7264,6,0.387,0.03,0.09,-0.92,239.35,6.69,-7.88,-0.24,-0.12,-0.1,4.09,-27.92,38.45,-19.99,-0.01,-0.38,0.84
0.7289,5,0.543,0.35,0.58,0.5,113.62,16.17,85.13,-0.08,-0.19,-0.08,4.09,112.76,-2.14,-28.08,-0.07,0.9,0.03
0.7333,3,0.607,-0.06,0.05,0.79,119.05,9.06,0.75,-0.16,0.05,-0.06,4.09,-4.12,12.97,72.48,-0.17,0.21,0.93
0.735,4,0.488,-0.45,0.55,-0.5,277.14,4.91,-90.84,-0.08,0.24,-0.3,4.09,-63.17,-33.42,66.99,0.18,-0.71,-0.07
0.7607,0,-0.075,-0,0.03,1,202.67,0.01,3.3,0.01,-0.01,-0,4.09,6.87,13.58,4.43,-0.01,0.05,1.01
0.7632,1,-0.01,-0.04,-0.04,-1,192.71,-4.85,4.39,-0.09,0.07,-0.04,4.09,-4.88,15.87,-17.55,0.17,0.14,0.94
0.8064,7,0.973,0.06,0.12,0.18,36.53,12.59,9.22,-0.07,0.24,0.33,0,71.11,109.71,-89.11,-0.45,0.02,1.26
0.8081,5,0.541,0.38,0.62,0.43,111.78,19.86,92.88,-0.04,-0.07,-0.4,4.09,42.11,-34.79,-25.48,-0.14,0.59,-0.06
0.8312,6,0.382,0.02,0.14,-0.91,238.33,8.75,-14.1,-0.23,0.09,0.06,4.09,-111.69,13.12,-37.54,0.07,-0.35,1.01
0.8339,4,0.529,-0.44,0.58,-0.44,280.51,13.21,-93.02,0.03,0.07,-0.37,4.09,14.5,-29.91,71.72,-0.08,-0.62,0.03
0.8703,3,0.569,-0.06,0.12,0.81,124.87,13.03,7.3,-0.22,0.08,0.14,4.09,95.06,59.97,62.87,-0.25,0.36,1.07
0.8721,1,-0.031,-0.03,-0.03,-1,190.39,-3.62,3.21,-0.11,0.04,0.03,4.09,-19.84,13.89,-20.9,0.17,0.11,1.02
0.9479,0,-0.075,-0.01,0.03,1,202.75,1.07,3.55,-0.06,0.1,0.1,4.09,-2.75,6.41,-0.31,0.06,0.17,1.1
0.9499,5,0.566,0.38,0.61,0.4,108.3,22.97,92.79,0.12,0.01,-0.28,4.09,-24.87,-29.75,-32.81,-0.29,0.67,0.1
0.9537,7,0.957,0.09,0.2,0.18,38.6,20.93,15.52,0.36,-0.06,-0.2,0,-2.44,57.83,74.46,0.05,0.22,0.87
0.9553,4,0.569,-0.4,0.58,-0.43,282.28,18,-89.12,0.2,0.06,-0.29,4.09,47.61,-12.21,64.39,-0.19,-0.61,0.26
0.959,6,0.331,-0.03,0.23,-0.91,232.43,6.01,-26.36,-0.19,0.07,0.19,4.09,-111.69,-28.99,-67.9,0.05,-0.61,1.01
0.9608,2,1,0,0,0,0,0,0,0,0,0,4.09,0,0,0,0,0,0
0.9803,3,0.516,-0.03,0.21,0.83,132.96,15.68,19.76,-0.21,-0.02,0.09,4.09,110.78,17.24,59.97,-0.19,0.54,0.94
0.9825,1,-0.044,-0.02,-0.02,-1,188.95,-2.15,2.94,-0.1,0.11,-0.02,4.09,9.16,12.51,-9.92,0.14,0.17,0.95
0.997,0,-0.072,-0.02,0.03,1,202.39,1.54,3.48,-0.07,0.05,-0.02,4.09,0.15,9.16,0,0.06,0.09,0.97
0.9995,5,0.591,0.38,0.59,0.4,105.34,23.75,89.15,0.34,0.08,-0.1,4.09,-28.38,-31.43,50.2,-0.44,0.81,0.36
1.0442,7,0.955,0.1,0.22,0.18,38.24,22.25,16.71,0.2,0.01,-0.35,0,11.75,-28.69,-90.03,-0.12,0.09,0.67
1.0469,4,0.602,-0.37,0.57,-0.42,284.22,21.46,-85.04,0.25,-0.14,-0.06,4.09,18.62,-24.57,14.19,-0.51,-0.77,0.32
1.0531,6,0.329,-0.1,0.31,-0.89,234.18,1.89,-38.02,-0.13,0.02,0.03,4.09,-111.69,-40.28,54.63,0.08,-0.64,0.79
1.0553,2,1,0,0,0,0,0,0,0,0,0,4.09,0,0,0,0,0,0
1.0753,3,0.496,0.02,0.29,0.82,135.77,15.34,31.01,-0.13,0,0.01,4.09,106.05,0.31,-11.14,-0.2,0.61,0.78
1.0772,1,-0.062,-0.01,-0.04,-1,186.88,-1.31,4.52,0.1,0.02,0.02,4.09,16.33,12.66,-12.21,-0.06,0.08,1.01
1.1028,0,-0.068,-0.02,0.03,1,201.9,2.28,3.66,-0.09,0.1,-0.06,4.09,3.66,6.71,-10.07,0.06,0.14,0.94
1.1054,5,0.574,0.42,0.55,0.44,102.94,14.87,87.4,0.22,0.1,-0,4.09,-5.49,-25.48,89.87,-0.33,0.89,0.27
1.1251,7,0.972,0.09,0.19,0.11,29.62,20.13,12.95,-0.13,0.33,-0.13,0,-19.38,-74.77,-31.59,-0.57,-0.09,0.84
1.1276,4,0.606,-0.39,0.53,-0.44,286.73,17.63,-82.98,0.2,-0.32,-0.28,4.09,36.47,-14.5,-68.21,-0.59,-0.48,0.31
1.1339,6,0.378,-0.14,0.38,-0.83,241.24,3.62,-47.7,0.05,0.23,-0.1,4.09,-89.42,-35.71,41.5,0.08,-0.55,0.74
1.1355,2,1,0,0,0,0,0,0,0,0,0,4.09,0,0,0,0,0,0
1.1822,3,0.508,0.05,0.36,0.78,133.94,16.66,40.23,-0.01,-0.07,-0.09,4.09,77.06,-14.5,-18.46,-0.19,0.57,0.69
1.1841,1,-0.071,-0,-0.05,-1,185.91,0.1,5.28,0.07,-0.1,-0.03,4.09,-0.15,1.83,-10.22,-0.06,-0,0.99
1.2371,0,-0.057,-0.03,0.04,1,200.68,2.76,4.4,-0.07,0.08,0.08,4.09,3.81,4.88,-8.54,0.03,0.16,1.07
1.2389,5,0.565,0.47,0.51,0.45,99.68,8.99,87.46,0.29,0,0.09,4.09,24.72,-32.2,46.23,-0.29,1.06,0.35
1.2432,7,0.98,0.08,0.14,0.12,29.05,14.87,10.98,0.12,0.01,-0.01,0,-31.13,-33.72,151.21,-0.08,0.09,0.92
1.2452,4,0.572,-0.42,0.5,-0.5,284.26,9.24,-81.53,0.13,0.19,-0.1,4.09,19.99,21.21,-128.33,0.06,-0.92,0.25
1.2496,6,0.394,-0.17,0.41,-0.8,244.81,2.81,-52.71,0.15,-0,-0.01,4.09,-22.58,-19.38,3.05,-0.16,-0.72,0.68
1.2514,2,1,0,0,0,0,0,0,0,0,0,4.09,0,0,0,0,0,0
1.2753,3,0.52,0.09,0.39,0.75,131.4,15.51,45.49,0.1,0.07,-0.02,4.09,21.51,-29.91,6.87,-0.36,0.61,0.68
1.2777,1,-0.082,0.01,-0.04,-1,184.71,1.21,4.71,0.08,0.03,0,4.09,0.46,7.48,-6.41,-0.1,0.08,0.98
1.2985,0,-0.052,-0.03,0.04,1,200.07,2.92,4.3,-0.05,-0.02,0.11,4.09,-5.49,-1.37,-0.15,-0,0.05,1.11
1.3004,5,0.547,0.51,0.5,0.44,96.97,5.5,91.14,0.05,-0.06,-0.04,4.09,23.04,-41.35,12.36,-0.11,0.98,0.02
1.3252,7,0.984,0.06,0.11,0.12,29.25,11.34,8.73,-0.05,-0.04,0.03,0,2.9,-38.6,-17.24,-0.11,0.1,0.92
1.3268,4,0.554,-0.44,0.46,-0.53,284.44,2.15,-79.37,-0.07,0.32,0.23,4.09,22.74,-44.4,-52.49,0.22,-1.36,0.15
1.331,6,0.405,-0.17,0.42,-0.8,245.96,4.12,-53.33,0.08,-0.14,-0.03,4.09,4.73,16.48,14.04,-0.22,-0.77,0.56
1.3327,2,1,0,0,0,0,0,0,0,0,0,4.09,0,0,0,0,0,0
1.3815,3,0.529,0.1,0.39,0.75,130.12,15.8,45.54,0.17,0.06,-0.05,4.09,-20.9,5.65,-16.94,-0.38,0.53,0.7
1.3832,1,-0.091,0.02,-0.04,-0.99,183.72,2.16,4.4,0.06,-0.01,0.01,4.09,-3.05,-0.15,-14.19,-0.1,0.06,1.01
1.4502,0,-0.054,-0.03,0.03,1,200.36,3.5,3.66,0.06,-0,-0.01,4.09,-1.83,9.77,1.07,-0.12,0.06,0.98
1.4525,5,0.556,0.52,0.5,0.41,94.79,7.71,92.83,0.15,-0.36,-0.19,4.09,-3.81,-40.74,7.32,-0.4,0.87,0.15
1.4572,7,0.988,0.06,0.08,0.12,28.37,8.46,8.15,0.03,-0.12,-0,0,2.59,-21.82,7.78,-0.09,0.24,0.97
1.4588,4,0.53,-0.48,0.43,-0.55,285.41,-4.55,-80.04,-0.02,0.38,0.33,4.09,-18.77,-48.68,-57.68,0.24,-1.17,0.2
1.462,6,0.407,-0.14,0.43,-0.79,244.53,7.47,-53.43,0.06,0.05,-0.01,4.09,1.37,30.52,13.58,-0.13,-0.69,0.64
1.4647,2,1,0,0,0,0,0,0,0,0,0,4.09,0,0,0,0,0,0
1.4702,3,0.537,0.07,0.38,0.75,129.97,18.21,42.96,0.16,-0.01,-0.01,4.09,-36.47,28.23,0.76,-0.36,0.52,0.77
1.4718,1,-0.101,0.02,-0.04,-0.99,182.53,2.94,3.93,0.08,0.01,0.02,4.09,-9.31,4.27,-20.29,-0.13,0.06,1.01
1.5354,0,-0.05,-0.04,0.03,1,199.96,4.97,3.41,0.07,0.02,0.01,4.09,-2.59,11.6,-12.05,-0.16,0.08,1
1.5371,5,0.517,0.56,0.46,0.45,94.18,-1.91,93.3,0.04,-0,0.43,4.09,-11.75,5.65,156.4,0.06,1.51,-0.07
1.5412,7,0.99,0.07,0.07,0.11,27.16,6.67,8.39,0.08,-0.07,0.03,0,7.78,-17.4,-8.7,-0.03,0.2,1.01
1.5428,4,0.505,-0.52,0.4,-0.56,287,-9.88,-82.29,-0.15,-0.14,0.36,4.09,-13.58,-34.79,79.5,0.08,-1.22,0.22
1.5478,6,0.396,-0.11,0.42,-0.81,242.08,8.77,-51.52,0.02,-0.02,0.06,4.09,15.41,33.87,-22.13,-0.18,-0.87,0.63
1.5501,2,1,0,0,0,0,0,0,0,0,0,4.09,0,0,0,0,0,0
1.5692,3,0.542,0.02,0.36,0.76,130.09,20.54,37.56,0.09,-0.03,0.05,4.09,-57.37,2.59,-31.43,-0.4,0.52,0.83
1.5709,1,-0.12,0.03,-0.03,-0.99,180.33,4.25,2.56,0.03,-0.01,-0.08,4.09,-7.48,10.68,-23.19,-0.09,0.01,0.9
1.6413,0,-0.037,-0.06,0.02,1,198.47,6.33,3.03,0.06,-0.07,-0,4.09,1.37,5.49,-7.32,-0.18,-0.01,0.99
1.6431,5,0.509,0.59,0.44,0.45,92.24,-4.21,94.55,0.35,-0.01,-0.21,4.09,11.9,-20.29,43.49,0.17,0.82,0.29
1.6495,7,0.991,0.07,0.06,0.1,25.47,5.92,8.69,0.02,0,0.02,0,4.73,-7.48,-6.87,-0.08,0.15,1.01
1.6513,4,0.53,-0.52,0.42,-0.52,290.31,-5.98,-83.89,0.25,0.03,0.04,4.09,-7.48,-12.97,-34.79,0.13,-1.14,0.33
1.6562,6,0.386,-0.09,0.42,-0.81,239.75,10.69,-50.42,-0.1,0.04,0,4.09,15.11,22.89,52.49,-0.09,-0.8,0.6
1.6584,2,1,0,0,0,0,0,0,0,0,0,4.09,0,0,0,0,0,0
1.6842,3,0.536,0,0.33,0.78,131.14,20.6,33.89,0.03,0.01,0.08,4.09,-19.99,-1.68,32.96,-0.45,0.55,0.87
1.6861,1,-0.134,0.04,-0.02,-0.99,178.72,4.54,1.46,-0.01,-0.07,-0.04,4.09,-11.44,-4.88,-15.56,-0.05,-0.01,0.96
1.7061,0,-0.036,-0.07,0.02,1,198.36,7.48,2.97,0.06,-0.01,0.03,4.09,3.81,9.46,2.75,-0.17,0.06,1.03
1.7078,5,0.48,0.62,0.42,0.45,89.85,-9.64,97.38,0.16,0.11,0.29,4.09,29.45,-16.02,9.92,0.4,1.13,-0.09
1.7435,7,0.991,0.07,0.06,0.09,25.43,5.97,9.09,0.03,0,-0,0,4.27,7.02,15.87,-0.07,0.19,0.99
1.746,4,0.507,-0.55,0.41,-0.52,291.13,-9.53,-86.24,0.19,-0.13,-0.01,4.09,-21.67,-3.51,-25.48,0.19,-1.07,0.21
1.7508,6,0.392,-0.07,0.42,-0.82,239.87,11.93,-48.84,0.12,0.08,-0.02,4.09,28.38,17.7,-27.92,-0.24,-0.64,0.73
1.7525,2,1,0,0,0,0,0,0,0,0,0,4.09,0,0,0,0,0,0
1.7772,3,0.527,-0,0.33,0.78,132.36,20.52,32.79,0.1,-0.02,-0.02,4.09,-29.3,-5.8,-18.62,-0.41,0.36,0.8
1.7791,1,-0.142,0.04,-0.01,-0.99,177.72,4.35,0.96,0.08,-0.03,0.07,4.09,10.83,0,7.93,-0.15,-0.03,1.04
1.8163,0,-0.034,-0.08,0.03,1,198.26,8.63,3.43,0.04,0.02,0.01,4.09,1.98,8.7,2.44,-0.17,0.07,0.98
1.8183,5,0.463,0.66,0.4,0.44,86.98,-12.17,100.48,0.28,-0.05,0.13,4.09,20.14,-23.65,14.5,0.37,1.1,0.05
1.8403,7,0.989,0.08,0.07,0.1,25.84,6.97,10.52,0.04,0,0.03,0,16.33,19.68,-15.87,-0.11,0.18,1.01
1.842,4,0.491,-0.57,0.41,-0.52,291.89,-10.96,-88.95,0.04,0,0.07,4.09,-28.99,-9.61,-17.85,0.22,-1.07,0.05
1.8465,6,0.36,-0.06,0.41,-0.84,235.47,11.71,-48.08,-0.09,-0.01,0.11,4.09,-1.68,13.73,22.58,-0.17,-0.85,0.7
1.8491,2,1,0,0,0,0,0,0,0,0,0,4.09,0,0,0,0,0,0
1.8853,3,0.525,-0.01,0.32,0.79,132.71,20.9,31.74,0.03,-0.02,0,4.09,-2.14,3.36,10.83,-0.37,0.47,0.81
1.887,1,-0.138,0.03,-0.02,-0.99,178.28,3.99,1.65,0,-0.05,-0.04,4.09,7.78,-10.83,9.92,-0.06,-0.03,0.96
1.9414,0,-0.033,-0.09,0.03,1,198.13,9.94,3.27,0.03,0.04,0.01,4.09,-3.51,17.7,-4.58,-0.2,0.09,0.98
1.9431,5,0.445,0.68,0.38,0.43,83.95,-14.32,103.95,0.16,-0.04,0.12,4.09,37.23,-30.52,34.18,0.36,1.05,-0.14
1.9498,7,0.986,0.1,0.1,0.08,24.41,10.34,13.04,-0.03,-0.1,0.05,0,38.76,49.44,4.73,-0.31,0.4,0.93
1.9518,4,0.473,-0.6,0.41,-0.5,293.26,-12.38,-92.46,0.02,0.02,0.22,4.09,-45.78,-21.82,-5.34,0.29,-1.17,-0.03
1.9552,6,0.376,-0.01,0.42,-0.83,235.57,16.99,-47.41,0.2,0.1,-0.15,4.09,17.24,39.22,9.46,-0.32,-0.44,0.7
1.9568,2,1,0,0,0,0,0,0,0,0,0,4.09,0,0,0,0,0,0
1.9832,3,0.521,-0.03,0.32,0.79,133.49,22.59,30.23,0.16,-0.04,-0.05,4.09,-40.44,14.19,-21.97,-0.42,0.29,0.84
1.9853,1,-0.126,0.02,-0.02,-0.99,179.59,2.73,2.08,0.01,-0.02,0.03,4.09,3.05,-12.36,17.4,-0.05,0.01,1.03
2.0391,0,-0.024,-0.1,0.02,0.99,197.03,11.27,2.57,0.08,-0.05,-0.01,4.09,-7.63,-6.56,-14.34,-0.26,-0.01,0.97
2.0409,5,0.41,0.73,0.36,0.4,78.5,-16.91,110.95,0.12,-0.06,0.37,4.09,68.21,-53.56,27.92,0.48,1.19,-0.36
2.0476,7,0.982,0.12,0.11,0.09,26.52,11.48,14.93,0.21,-0.11,0.08,0,-5.34,-5.04,12.66,-0.01,0.36,1.06
2.0504,4,0.45,-0.63,0.42,-0.47,295.8,-12.13,-99.03,-0.05,0.04,0.18,4.09,-75.68,-33.72,21.51,0.23,-1.06,-0.2
2.0538,6,0.322,0.01,0.43,-0.85,228.27,16.5,-48.29,0.03,-0.11,0.13,4.09,15.41,61.34,-61.19,-0.38,-0.88,0.63
2.0556,2,1,0,0,0,0,0,0,0,0,0,4.09,0,0,0,0,0,0
2.0757,3,0.511,-0.06,0.31,0.8,135.13,24.43,28.65,0.2,-0.14,0.11,4.09,-12.51,22.89,18.62,-0.45,0.26,1.01
2.0776,1,-0.109,0.01,-0.02,-0.99,181.59,0.87,2.02,-0.05,0.03,-0.06,4.09,0.46,-22.89,22.28,0.03,0.08,0.94
2.149,0,-0.021,-0.09,0.01,1,196.62,10.62,1.4,0.09,-0.07,0.04,4.09,-5.49,-10.22,7.02,-0.28,-0.04,0.99
2.1512,5,0.364,0.79,0.34,0.36,70.9,-18.52,120.54,0.18,0.03,0.01,4.09,73.7,-68.66,33.42,0.37,0.9,-0.34
2.1566,7,0.985,0.11,0.11,0.08,24.6,11.29,13.91,0.04,0.03,-0,0,-11.44,-7.02,-3.2,-0.16,0.2,0.96
2.1584,4,0.409,-0.68,0.43,-0.43,299.67,-14.01,-107.34,0.1,-0.08,0.17,4.09,-77.21,-42.27,-3.66,0.22,-1.1,-0.28
2.1652,6,0.297,0.04,0.43,-0.85,224.18,18.46,-48.34,0.04,-0.07,0.02,4.09,4.27,30.52,38.91,-0.4,-0.68,0.61
2.1675,2,1,0,0,0,0,0,0,0,0,0,4.09,0,0,0,0,0,0
2.1904,3,0.498,-0.08,0.31,0.81,137.14,26.32,27.75,0.1,-0.07,0.02,4.09,-6.41,19.99,-3.2,-0.45,0.33,0.87
2.1922,1,-0.09,-0.02,-0.01,-1,183.66,-2.06,1.86,-0.07,0.01,0.04,4.09,-8.09,-19.68,16.94,0.11,0.06,1.03
2.2092,0,-0.028,-0.09,0.01,1,197.34,9.94,1.07,0.08,-0.03,-0.05,4.09,1.83,-17.55,6.26,-0.24,0,0.92
2.211,5,0.337,0.84,0.32,0.3,63.56,-16.56,128.41,0.02,0.06,-0.05,4.09,34.64,-70.95,6.71,0.23,0.72,-0.53
2.2483,7,0.986,0.1,0.1,0.09,25.09,10.43,12.65,0.07,0.01,-0.02,0,-17.55,-10.07,16.78,-0.12,0.2,0.95
2.25,4,0.39,-0.71,0.44,-0.37,303.43,-10.69,-115.14,-0.03,-0.07,0.01,4.09,-57.07,-51.57,67.6,0.13,-0.81,-0.39
2.2543,6,0.287,0.06,0.44,-0.85,221.87,20.46,-49.77,0,-0.01,0,4.09,-11.44,17.55,-45.17,-0.36,-0.73,0.6
2.2559,2,1,0,0,0,0,0,0,0,0,0,4.09,0,0,0,0,0,0
2.2752,3,0.48,-0.09,0.33,0.81,140.06,27.11,29.77,0.05,-0.03,0.05,4.09,32.2,13.58,38.45,-0.48,0.41,0.83
2.2768,1,-0.082,-0.04,-0.01,-1,184.51,-4.34,2.01,-0.07,0.19,0.04,4.09,0.76,-18.92,3.97,0.11,0.23,1.04
2.3431,0,-0.03,-0.07,0.01,1,197.59,7.71,1.25,0.04,-0.02,-0.02,4.09,3.66,-31.13,6.87,-0.17,0.01,0.96
2.3447,5,0.332,0.86,0.3,0.25,58.66,-12.94,132.32,0.06,-0.03,0,4.09,18.16,-50.05,-19.99,0.3,0.68,-0.61
2.3484,7,0.987,0.09,0.09,0.1,26.61,9.42,11.56,-0.01,-0.1,0.05,0,-11.29,4.27,9,-0.17,0.3,0.98
2.35,4,0.382,-0.74,0.46,-0.32,306.2,-6.55,-120.79,-0.18,-0.19,0.13,4.09,-40.28,-25.63,-18.92,-0.05,-1.17,-0.66
2.3532,6,0.254,0.04,0.47,-0.85,218.48,17.58,-53.87,-0.06,-0.07,0.02,4.09,-43.95,-8.39,-43.03,-0.28,-0.85,0.52
2.355,2,1,0,0,0,0,0,0,0,0,0,4.09,0,0,0,0,0,0
2.3792,3,0.445,-0.05,0.37,0.82,145.08,24.31,37.17,0.02,-0.02,0.02,4.09,69.27,-7.63,68.82,-0.4,0.57,0.75
2.3809,1,-0.081,-0.06,-0.02,-0.99,184.55,-6.39,2.87,-0.06,0.02,-0.01,4.09,10.38,-16.17,9.16,0.16,0.06,0.99
2.4152,0,-0.035,-0.04,0.01,1,198.13,4.07,1.63,-0.09,0.03,0.01,4.09,1.98,-32.04,7.17,0.04,0.06,1.04
2.4171,5,0.331,0.87,0.31,0.2,56.72,-8.51,134.94,0.04,0.11,-0.01,4.09,27.01,-37.23,-27.01,0.05,0.8,-0.62
2.44,7,0.985,0.09,0.1,0.1,27.25,10.44,11.38,-0.22,0.02,0.12,0,-3.97,26.25,14.34,-0.43,0.24,1.03
2.4425,4,0.366,-0.75,0.47,-0.28,307.59,-4.43,-125.24,-0.16,0.01,-0.1,4.09,-48.52,-27.01,43.79,0.02,-0.62,-0.61
2.4956,6,0.231,0.01,0.5,-0.83,216.98,14.05,-59.47,-0.03,0.02,0.13,4.09,-53.25,3.81,-44.4,-0.22,-0.96,0.54
2.4989,1,-0.071,-0.07,-0.02,-1,185.71,-7.4,3.21,-0.02,0.02,0.13,4.09,0,23.96,18.92,0.18,0.09,1.13
2.5191,3,0.393,0,0.42,0.82,150.94,18.92,46.99,-0.12,0.06,0.14,4.09,89.87,-0.31,85.14,-0.32,0.9,0.65
2.5208,5,0.322,0.87,0.34,0.15,57.68,-2.85,138.25,0.06,0.18,0.04,4.09,48.37,-26.4,-58.14,-0.04,0.8,-0.67
2.5582,0,-0.045,-0.01,0.02,1,199.23,0.72,1.81,-0.13,0.03,-0.01,4.09,-4.58,-32.65,15.87,0.12,0.04,0.98
2.5599,4,0.345,-0.76,0.49,-0.24,307.96,-1.4,-130.46,0.06,0.47,0.09,4.09,-44.4,-18.01,12.05,0.41,-0.78,-0.83
2.563,7,0.979,0.09,0.13,0.13,30.16,13.76,12.35,-0.03,0.04,0.01,0,4.73,36.93,21.82,-0.28,0.18,0.96
2.5658,2,1,0,0,0,0,0,0,0,0,0,4.09,0,0,0,0,0,0
2.5815,6,0.212,-0.02,0.54,-0.81,216.17,11.17,-65.4,-0.1,-0.01,-0.1,4.09,-79.19,-2.44,-46.39,-0.04,-0.84,0.31
2.5839,1,-0.046,-0.04,-0.02,-1,188.63,-4.84,3.03,-0.13,0.06,-0.11,4.09,-0.46,23.35,29.91,0.2,0.12,0.88
2.6252,3,0.352,0.06,0.49,0.8,154.59,14.75,57.67,-0.08,-0.06,0.07,4.09,106.35,-3.81,24.72,-0.17,0.91,0.56
2.6269,5,0.295,0.87,0.38,0.1,60.08,2.32,143.59,0.01,-0.01,-0.12,4.09,44.4,-17.55,-47.91,0.15,0.48,-0.82
2.6496,0,-0.058,0.03,0.02,1,200.62,-3.4,1.69,-0.15,0.11,0.11,4.09,0.76,-35.4,18.16,0.23,0.13,1.1
2.6514,4,0.327,-0.77,0.51,-0.21,307.67,0.69,-134.44,-0.16,-0.04,0.04,4.09,-34.64,-9.46,25.79,-0.23,-0.6,-0.8
2.6547,7,0.974,0.08,0.16,0.14,32.34,16.36,12.22,0,-0.09,-0.01,0,-12.36,18.77,-6.71,-0.26,0.29,0.92
2.6564,2,1,0,0,0,0,0,0,0,0,0,4.09,0,0,0,0,0,0
2.6965,6,0.192,-0.08,0.59,-0.78,217.36,5.84,-73.16,-0.19,0.08,0.04,4.09,-65.92,-41.5,-20.75,0.05,-1.02,0.3
2.6987,1,-0.032,-0.04,-0.02,-1,190.28,-3.97,2.59,-0.03,0.07,-0.01,4.09,-0.92,3.51,12.97,0.08,0.11,1
2.7202,3,0.328,0.1,0.55,0.76,155.69,12.3,67.81,-0.13,-0.04,-0.01,4.09,84.53,-1.68,27.47,-0.08,0.94,0.31
2.7219,5,0.268,0.87,0.41,0.08,62.8,4.62,147.79,-0.14,-0.04,0.02,4.09,31.74,12.82,-33.11,-0.16,0.42,-0.92
2.7583,0,-0.07,0.05,0.02,1,201.94,-6.37,1.97,-0.13,0.07,0.02,4.09,1.83,-40.28,11.9,0.27,0.07,0.98
2.7601,4,0.298,-0.78,0.52,-0.19,306.88,0.39,-138.35,-0.35,-0.23,0.05,4.09,-31.59,44.1,-9,-0.18,-0.28,-0.92
2.7635,7,0.974,0.09,0.17,0.12,30,18.66,12.66,0.03,0.31,-0.13,0,24.26,26.09,-32.04,-0.32,-0.12,0.85
2.7656,2,1,0,0,0,0,0,0,0,0,0,4.09,0,0,0,0,0,0
2.7824,6,0.19,-0.13,0.63,-0.74,220.52,2.8,-80.39,-0.18,0,-0.06,4.09,-62.87,-31.74,-32.96,0.13,-0.95,0.08
2.7842,1,-0.02,-0.04,-0.03,-1,191.61,-4.06,3.37,-0.02,0.08,-0.06,4.09,8.54,-7.48,13.12,0.1,0.13,0.93
2.8272,3,0.291,0.14,0.61,0.73,157.24,8.65,77.03,-0.13,-0.05,-0.01,4.09,79.19,4.12,30.06,-0.01,0.98,0.16
2.8291,5,0.239,0.86,0.44,0.09,67.01,3.29,150.65,-0.34,-0.15,-0.45,4.09,11.9,50.66,-19.23,-0.13,0.1,-0.64
2.8509,0,-0.085,0.1,0.03,0.99,203.62,-11.37,1.95,-0.2,0.1,-0,4.09,-1.22,-51.73,19.68,0.43,0.11,0.92
2.8527,4,0.252,-0.79,0.51,-0.23,305.62,-6.01,-140.47,-0.03,0.14,-0.21,4.09,-15.11,68.21,-26.25,0.37,-0.28,-0.56
2.856,7,0.967,0.09,0.2,0.13,31.88,20.83,14.49,0.13,-0.01,-0.17,0,4.73,9.46,46.08,-0.2,0.2,0.81
2.8576,2,1,0,0,0,0,0,0,0,0,0,4.09,0,0,0,0,0,0
2.8807,6,0.174,-0.18,0.66,-0.71,222.92,-1.32,-86.69,-0.12,-0.03,0.11,4.09,-67.44,-19.84,-36.16,0.11,-1.12,-0.02
2.8831,1,-0.021,-0.04,-0.03,-1,191.44,-4.53,3.78,-0.07,0.08,0.04,4.09,-5.34,-1.37,-11.9,0.16,0.14,1.02
2.9478,3,0.25,0.18,0.65,0.69,158.06,4.19,85.45,-0.04,-0.13,0.08,4.09,88.04,2.44,61.49,0.06,1.12,0.11
2.9499,5,0.208,0.85,0.48,0.11,72.77,0.21,152.54,-0.05,0.2,-0.24,4.09,22.13,52.34,-38.6,-0.21,0.44,-0.67
2.9558,0,-0.099,0.14,0.03,0.98,205.29,-16.79,1.9,-0.04,0.01,0.02,4.09,3.2,-30.98,18.62,0.34,0.04,0.95
2.9582,4,0.218,-0.78,0.53,-0.25,302.51,-9.51,-141.93,0.03,-0.05,-0.28,4.09,-17.4,12.82,19.23,0.1,-0.48,-0.56
2.9619,7,0.965,0.09,0.19,0.15,34.48,20.18,14.88,-0.19,-0.08,0.05,0,-16.63,-7.48,1.37,-0.48,0.44,0.86
2.964,2,1,0,0,0,0,0,0,0,0,0,4.09,0,0,0,0,0,0
2.9812,6,0.181,-0.2,0.7,-0.66,225.73,-0.75,-94.11,-0.18,0.16,0.01,4.09,-76.45,-42.42,32.65,0.24,-0.97,-0.03
2.9832,1,-0.026,-0.04,-0.04,-1,190.92,-4.64,4.17,-0.08,-0.01,0.01,4.09,0.31,11.6,-3.51,0.16,0.07,0.99
3.0495,3,0.218,0.23,0.71,0.64,157.52,1.14,95.58,-0.02,-0.07,0.04,4.09,94.15,-19.23,-3.97,0.04,1.03,-0.05
3.0512,5,0.176,0.83,0.51,0.13,77.57,-1.92,154.94,-0.01,-0.05,-0.16,4.09,11.44,23.19,-17.09,0.08,0.34,-0.78
3.0551,0,-0.114,0.17,0.04,0.98,207.03,-19.41,1.88,0.04,-0.03,0.06,4.09,3.2,-3.66,18.62,0.32,0,1.02
3.0568,4,0.2,-0.78,0.54,-0.25,301.77,-10.19,-143.81,0,0.04,0.04,4.09,-12.21,8.54,-21.21,0.24,-0.57,-0.84
3.06,7,0.967,0.09,0.2,0.13,32.25,20.68,14.25,-0.18,0.12,0.14,0,19.07,21.82,2.29,-0.59,0.17,0.96
3.0616,2,1,0,0,0,0,0,0,0,0,0,4.09,0,0,0,0,0,0
3.0837,6,0.202,-0.25,0.73,-0.6,232,-0.57,-101.55,-0.03,0.06,0.02,4.09,-79.19,-89.57,-18.62,0.07,-0.98,-0.21
3.0857,1,-0.03,-0.03,-0.03,-1,190.47,-3.08,4.08,-0.2,0.11,0.04,4.09,-1.83,30.98,-5.19,0.27,0.21,0.98
3.1522,3,0.205,0.27,0.75,0.57,154.6,0.04,105.13,-0,-0.08,0.03,4.09,95.98,-45.47,6.1,0.05,1,-0.22
3.1539,5,0.166,0.83,0.51,0.13,77.97,-3.07,155.48,0.08,0.01,-0.09,4.09,-5.65,4.73,16.17,0.1,0.48,-0.78
3.159,0,-0.131,0.17,0.04,0.98,208.96,-19.95,1.88,-0.08,0.07,0.01,4.09,6.56,-3.51,15.11,0.43,0.07,0.9
3.161,4,0.209,-0.78,0.54,-0.25,301.78,-9.58,-142.94,0.01,-0.01,-0.09,4.09,17.09,-9.61,6.56,0.12,-0.58,-0.7
3.1644,7,0.957,0.11,0.22,0.15,35.36,23.25,17.56,0.08,-0.07,-0.17,0,22.28,26.25,11.29,-0.23,0.27,0.75
3.1661,2,1,0,0,0,0,0,0,0,0,0,4.09,0,0,0,0,0,0
3.1865,6,0.254,-0.29,0.76,-0.53,239.39,4.34,-108.23,-0.17,-0.08,-0.26,4.09,-51.12,-70.34,47,-0.04,-0.63,-0.33
3.1886,1,-0.038,-0.01,-0.05,-1,189.64,-1.44,5.24,-0.01,-0.11,-0.03,4.09,21.82,-2.14,-8.24,0.03,-0.03,0.99
3.2524,3,0.221,0.29,0.79,0.5,151.34,3.26,113.93,-0.1,0,-0.22,4.09,59.81,-40.44,-41.5,0.03,0.67,-0.39
3.2543,5,0.177,0.83,0.51,0.14,78.19,-2.67,154.24,0.16,0.02,0.06,4.09,-26.4,-3.66,-39.83,0.07,0.65,-0.91
3.2589,0,-0.141,0.17,0.04,0.97,210.12,-19.84,2.37,-0.13,0.04,-0,4.09,5.65,15.26,12.66,0.46,0.04,0.88
3.2606,4,0.222,-0.77,0.54,-0.25,301.67,-8.11,-142.02,0.02,-0.02,-0.1,4.09,6.56,-3.97,8.09,0.16,-0.59,-0.72
3.264,7,0.956,0.11,0.23,0.14,35.07,24.02,17.71,0.01,-0.03,-0.03,0,-3.66,-5.95,-43.64,-0.39,0.29,0.85
3.2655,2,1,0,0,0,0,0,0,0,0,0,4.09,0,0,0,0,0,0
3.2863,6,0.279,-0.31,0.76,-0.5,243.15,6.69,-110.74,-0.22,0.08,-0.11,4.09,-1.53,-35.55,-21.06,0.05,-0.82,-0.47
3.288,1,-0.042,-0.01,-0.07,-1,189.18,-1.15,7.65,0.18,0.03,0.1,4.09,8.09,11.6,-10.68,-0.16,0.13,1.11
3.3326,3,0.236,0.3,0.8,0.46,149.12,5.51,117.57,-0.16,0.09,-0.12,4.09,9.16,-30.82,21.06,-0.05,0.67,-0.5
3.3347,5,0.205,0.8,0.54,0.14,82.42,0.05,151.29,0.16,0.04,0.13,4.09,-20.6,-0.76,-36.62,0.14,0.57,-0.92
3.3564,0,-0.146,0.16,0.05,0.97,210.53,-19.46,2.99,-0.14,0.06,0.01,4.09,1.37,9.92,-1.37,0.49,0.07,0.9
3.3582,4,0.233,-0.77,0.55,-0.24,300.85,-6.92,-141.09,0.12,-0,0.04,4.09,12.82,-1.22,10.53,0.09,-0.75,-0.72
3.3614,7,0.962,0.1,0.22,0.11,31.05,23.95,16.01,-0.08,0.1,-0.03,0,-0.46,-17.55,6.56,-0.46,0.15,0.81
3.363,2,1,0,0,0,0,0,0,0,0,0,4.09,0,0,0,0,0,0
3.3993,6,0.285,-0.35,0.74,-0.49,247.58,4.46,-110.49,-0.11,-0.06,0.12,4.09,5.8,-7.02,-18.62,-0.07,-1.01,-0.52
3.401,1,-0.032,-0,-0.06,-1,190.38,-0.22,6.73,0.09,-0.16,-0.18,4.09,-14.04,-2.44,30.06,-0.09,-0.03,0.83
3.4533,3,0.234,0.32,0.8,0.46,147.94,4.68,118.08,-0.04,0.11,-0.04,4.09,-2.29,5.49,-8.24,-0.13,0.78,-0.47
3.455,5,0.228,0.78,0.56,0.14,84.84,2.16,148.99,0.17,-0,-0.01,4.09,-26.7,-10.83,-28.99,-0,0.64,-0.74
3.4587,0,-0.139,0.17,0.05,0.97,209.59,-19.91,3.66,-0.15,-0.09,-0.04,4.09,1.37,0.46,3.05,0.43,-0.08,0.86
3.4602,4,0.238,-0.76,0.55,-0.25,299.17,-6.83,-139.86,0.1,-0.25,0.06,4.09,-2.9,20.9,5.19,-0.01,-0.75,-0.7
3.4632,7,0.966,0.11,0.19,0.13,32.36,19.95,16.55,0.07,-0.1,-0.06,0,14.34,-91.71,17.24,-0.35,0.3,0.99
3.4653,2,1,0,0,0,0,0,0,0,0,0,4.09,0,0,0,0,0,0
3.4871,6,0.296,-0.33,0.76,-0.48,246.21,7.65,-111.59,-0.11,0.01,-0.26,4.09,-0.92,1.07,5.34,-0.03,-0.69,-0.34
3.4889,1,-0.009,0,-0.05,-1,192.98,0.38,6.03,0.13,0.04,-0,4.09,-2.29,10.38,9.61,-0.11,0.12,0.97
3.5192,3,0.226,0.32,0.79,0.47,148.43,3.52,117.24,0.13,0.02,0.03,4.09,-12.21,7.02,7.48,-0.17,0.96,-0.36
3.5209,5,0.256,0.77,0.57,0.14,86.33,4.11,146.03,0.12,0.03,-0.16,4.09,-28.08,1.37,-42.42,-0.03,0.56,-0.63
3.5573,0,-0.156,0.16,0.05,0.97,211.75,-19.52,2.86,0.1,-0.08,0.13,4.09,-7.32,12.66,29.75,0.26,0.03,1.07
3.559,4,0.232,-0.75,0.56,-0.26,297.39,-7.11,-139.95,0.13,0.17,0.12,4.09,1.98,2.44,23.04,0.29,-0.76,-0.76
3.5891,7,0.977,0.12,0.14,0.11,28.51,14.15,15.75,0.3,0.09,-0.22,0,-7.93,-54.02,18.77,0.09,0.17,0.77
3.5908,1,-0.003,0.01,-0.05,-1,193.77,1.67,5.65,0.08,0.03,0.01,4.09,-9.92,12.51,-1.37,-0.11,0.13,0.97
3.6373,6,0.286,-0.34,0.75,-0.49,246.8,5.53,-111.16,0.07,-0.01,0.04,4.09,11.44,-1.83,-17.85,-0.18,-0.97,-0.32
3.6391,5,0.274,0.74,0.59,0.15,89.51,5.94,143.96,0.25,0.08,-0.01,4.09,-29.91,-0.46,-29.91,-0.16,0.76,-0.66
3.6612,3,0.222,0.31,0.79,0.48,149.42,3.17,116.29,0.07,0.01,0.09,4.09,-12.51,5.49,-8.39,-0.13,0.99,-0.44
3.6628,4,0.234,-0.73,0.59,-0.26,294.42,-5.85,-139.62,0.15,-0.3,-0.04,4.09,4.58,8.85,26.55,-0.05,-0.76,-0.61
3.6661,0,-0.17,0.15,0.05,0.97,213.42,-18.38,2.62,0.11,0,0.15,4.09,2.9,-1.22,-5.95,0.26,0.07,1.12
3.6677,2,1,0,0,0,0,0,0,0,0,0,4.09,0,0,0,0,0,0
3.7052,7,0.982,0.11,0.08,0.13,29.61,7.82,14.07,0.19,-0.02,0.06,0,-28.84,-48.37,14.19,0.01,0.25,1.05
3.707,1,-0.011,0.03,-0.05,-1,192.93,3.71,5.23,-0,-0.03,-0.03,4.09,1.98,5.49,-8.54,-0.06,0.05,0.97
3.7292,6,0.283,-0.35,0.74,-0.51,247.35,3.67,-109.23,-0.01,0.04,0.13,4.09,21.82,1.68,-28.53,-0.02,-1.07,-0.34
3.7309,5,0.296,0.73,0.6,0.16,90.77,7.04,141.12,0.22,0.14,0.03,4.09,-28.38,2.59,-21.97,-0.13,0.87,-0.62
3.7465,3,0.228,0.3,0.79,0.49,149.57,3.69,115.24,0.16,-0.09,0.09,4.09,-2.44,-8.09,-16.94,-0.13,1.05,-0.3
3.7483,4,0.24,-0.72,0.6,-0.25,293.28,-4.23,-139.6,0.44,0.28,0.22,4.09,-0.61,-12.97,21.51,0.34,-0.89,-0.72
3.7515,0,-0.154,0.15,0.05,0.97,211.48,-18.29,3.47,-0.01,-0.1,-0.03,4.09,-3.05,6.87,-26.25,0.29,-0.05,0.93
3.753,2,1,0,0,0,0,0,0,0,0,0,4.09,0,0,0,0,0,0
3.8004,7,0.983,0.1,0.05,0.15,31.32,3.37,12.66,-0.07,-0.1,0.07,0,-15.41,-21.97,32.96,-0.09,0.35,1.01
3.8023,1,-0.017,0.04,-0.04,-1,192.29,4.69,5.04,0.01,-0.02,-0.03,4.09,-0.31,1.37,-7.48,-0.09,0.07,0.96
3.8241,6,0.288,-0.35,0.72,-0.52,247.92,3,-107.02,0.01,-0.06,0.04,4.09,11.44,-7.02,-8.54,-0.13,-1,-0.32
3.8257,5,0.31,0.7,0.62,0.16,93.62,9.03,139.87,0.16,-0.1,-0.16,4.09,-19.38,-4.43,-37.08,-0.17,0.58,-0.54
3.8604,3,0.243,0.28,0.8,0.48,150.74,6.68,115.34,0.16,-0.06,-0.03,4.09,3.97,-1.68,-35.71,-0.16,0.95,-0.26
3.8624,4,0.252,-0.72,0.61,-0.24,292.76,-2.31,-139.17,0.02,-0.05,-0.22,4.09,18.01,-21.51,8.85,-0.2,-0.53,-0.62
3.8655,0,-0.16,0.13,0.05,0.98,212.15,-15.38,3.23,0.1,-0.09,0.01,4.09,3.51,30.36,13.43,0.13,0.01,1.01
3.8671,2,1,0,0,0,0,0,0,0,0,0,4.09,0,0,0,0,0,0
3.8923,7,0.981,0.11,0.03,0.16,32.6,1.43,12.66,0.03,-0.01,0.04,0,4.88,-13.28,-7.48,0,0.22,1
3.894,1,-0.018,0.04,-0.04,-1,192.15,5.04,4.83,0.03,0.01,0,4.09,-5.95,-1.37,-4.27,-0.11,0.1,0.99
3.9381,6,0.294,-0.35,0.72,-0.52,248.18,3.56,-106.43,0.02,0.03,0.16,4.09,-1.68,-6.41,23.8,-0.05,-1.12,-0.29
3.9397,5,0.316,0.69,0.62,0.17,94.5,9.12,138.85,0.49,-0.05,0.11,4.09,-1.68,0.46,12.21,-0.03,1.07,-0.54
3.9648,3,0.26,0.26,0.8,0.48,151.54,9.52,114.75,0.09,-0.02,0.02,4.09,-15.56,-8.54,-16.78,-0.27,0.95,-0.33
3.967,4,0.25,-0.73,0.59,-0.23,295.84,-2.75,-140.23,0.35,-0.03,0.12,4.09,1.22,-8.09,-4.58,0.11,-0.65,-0.67
3.9701,0,-0.165,0.11,0.05,0.98,212.78,-13.3,3.62,0.05,-0.01,-0.06,4.09,1.22,12.97,-7.63,0.18,0.06,0.94
3.9727,2,1,0,0,0,0,0,0,0,0,0,4.09,0,0,0,0,0,0
3.9921,7,0.982,0.11,0.02,0.15,31.62,0.2,12.93,0.03,0.07,-0.03,0,-4.58,-11.75,-5.04,0.01,0.15,0.96
3.9937,1,-0.026,0.04,-0.04,-1,191.3,5.11,4.36,0.02,0,0.01,4.09,0,-7.17,-5.95,-0.11,0.07,1.01
4.0714,6,0.313,-0.33,0.73,-0.52,247.51,6.78,-105.86,0.03,0,0,4.09,6.26,8.85,19.84,-0.14,-0.96,-0.26
4.0731,4,0.253,-0.75,0.57,-0.22,298.08,-2.45,-140.63,0.15,0.06,-0.08,4.09,7.93,-10.53,-5.65,0.22,-0.75,-0.65
4.0763,3,0.277,0.25,0.8,0.47,152.03,12.18,114.27,0.13,-0.01,-0.02,4.09,-1.68,-9.31,-23.04,-0.29,0.89,-0.27
4.0778,2,1,0,0,0,0,0,0,0,0,0,4.09,0,0,0,0,0,0
4.0958,0,-0.163,0.1,0.05,0.98,212.54,-11.96,3.9,0.08,-0.08,-0.02,4.09,1.68,10.68,-4.27,0.1,-0,0.98
4.0979,1,-0.03,0.04,-0.04,-1,190.73,4.84,4.05,0.07,-0.01,0,4.09,-3.66,-9.46,-7.93,-0.14,0.05,1.02
4.1551,7,0.983,0.11,0.01,0.14,30.72,-0.73,12.7,0.08,-0.01,0,0,-2.75,-7.93,-14.5,0.09,0.19,0.97
4.1568,4,0.257,-0.74,0.58,-0.22,296.89,-1.28,-140.61,0.28,0.16,0.08,4.09,8.85,5.04,36.16,0.24,-0.87,-0.68
4.1616,6,0.319,-0.31,0.73,-0.52,246.36,7.97,-104.44,-0.04,0.02,0.16,4.09,3.36,7.63,6.87,-0.12,-1.14,-0.29
4.1636,2,1,0,0,0,0,0,0,0,0,0,4.09,0,0,0,0,0,0
4.2012,3,0.287,0.23,0.8,0.47,152.83,14.22,114.08,0.16,-0.06,0.02,4.09,2.44,5.49,-30.21,-0.32,0.95,-0.25
4.203,1,-0.034,0.04,-0.03,-1,190.35,4.91,3.64,-0.03,-0.02,-0.03,4.09,-1.83,-0.46,-0.46,-0.06,0.03,0.96
4.2584,0,-0.165,0.09,0.05,0.98,212.72,-10.96,3.91,0.01,-0.05,0,4.09,1.37,3.05,4.58,0.16,0.02,1
4.2603,4,0.27,-0.66,0.67,-0.19,285.76,6.37,-142,0.4,-0.04,-0.06,4.09,-27.47,17.4,139.16,-0.16,-0.86,-0.47
4.2635,7,0.985,0.11,0,0.13,29.22,-1.25,12.6,-0,-0.03,0.02,0,2.9,-0.46,-5.04,0.03,0.26,0.98
4.2655,2,1,0,0,0,0,0,0,0,0,0,4.09,0,0,0,0,0,0
4.2962,6,0.328,-0.28,0.74,-0.52,244.47,10.9,-104.15,-0.1,0.03,-0.19,4.09,17.09,13.73,31.13,-0.03,-0.79,-0.27
4.2981,1,-0.032,0.04,-0.03,-1,190.5,4.71,3.25,-0.01,-0.01,0.01,4.09,-1.98,-3.36,0.92,-0.07,0.05,1.01
4.3604,3,0.292,0.21,0.81,0.46,154.83,16.31,114.58,0.1,-0.06,0.05,4.09,-5.8,4.43,-23.96,-0.33,0.95,-0.3
4.3623,4,0.26,-0.61,0.73,-0.15,277.21,11.38,-146.85,0.4,-0.12,-0.21,4.09,-37.38,1.22,139.62,-0.4,-0.66,-0.4
4.366,0,-0.166,0.08,0.05,0.98,212.87,-10.1,4.39,0.05,-0.07,0,4.09,11.75,2.44,-3.51,0.12,0.03,0.99
4.3678,2,1,0,0,0,0,0,0,0,0,0,4.09,0,0,0,0,0,0
4.4122,7,0.985,0.11,0.01,0.13,28.58,-0.84,13.11,0.11,0.05,-0.01,0,1.37,5.8,-9.92,0.1,0.15,0.98
4.414,1,-0.035,0.03,-0.03,-1,190.19,4.12,3.14,0.05,0.04,-0.05,4.09,1.37,-13.12,-10.53,-0.12,0.08,0.95
4.4705,6,0.323,-0.29,0.73,-0.53,244.97,9.32,-103.4,0.19,-0.02,0.11,4.09,3.66,17.4,-28.69,-0.28,-1.11,-0.15
4.4734,4,0.23,-0.58,0.77,-0.11,271.35,13.15,-153.37,0.51,0.22,-0.53,4.09,-90.03,7.78,22.13,-0.01,-0.69,-0.24
4.4793,3,0.295,0.19,0.81,0.47,156.34,17.5,114.04,0.19,-0.01,-0.05,4.09,-11.29,12.97,14.5,-0.38,0.88,-0.24
4.4815,2,1,0,0,0,0,0,0,0,0,0,4.09,0,0,0,0,0,0
4.5035,0,-0.167,0.07,0.06,0.98,212.98,-9.42,5.2,0.08,-0.04,0,4.09,5.65,1.53,0,0.07,0.08,1
4.5055,1,-0.049,0.02,-0.03,-1,188.48,2.98,3.43,0.08,-0.04,-0.06,4.09,10.22,-12.97,-16.02,-0.12,0,0.95
4.5552,7,0.986,0.12,0.01,0.12,27.78,-0.13,13.31,0.01,0.01,0.01,0,4.27,13.43,-9.92,0,0.22,0.99
4.5571,5,0.132,0.53,0.83,-0.08,129.38,17.95,179.99,0.04,-0.17,-0.51,4.09,107.73,-18.92,-52.03,-0.02,0.1,-0.51
4.5616,6,0.33,-0.27,0.73,-0.53,243.62,11.49,-103.35,-0.03,0.02,-0.1,4.09,-1.07,-1.98,24.72,-0.15,-0.87,-0.21
4.5631,4,0.193,-0.56,0.8,-0.01,266.48,17.42,-165.9,0.32,0.28,-0.81,4.09,-158.23,-34.64,79.19,0.09,-0.36,-0.2
4.5661,3,0.292,0.18,0.81,0.48,157.65,17.57,112.85,0.04,-0.04,0.06,4.09,-3.2,4.12,-4.58,-0.34,0.93,-0.35
4.5677,2,1,0,0,0,0,0,0,0,0,0,4.09,0,0,0,0,0,0
4.5974,0,-0.168,0.06,0.06,0.98,213.06,-8.46,6.07,0.02,0.02,-0.02,4.09,6.1,7.48,-3.05,0.13,0.13,0.96
4.5993,1,-0.053,0.02,-0.03,-1,188.09,2.3,3.86,0.05,-0.06,-0.02,4.09,9.46,0.31,4.43,-0.08,-0,0.97
4.6336,7,0.985,0.12,0.03,0.12,28.1,1.79,13.75,0.1,0.05,-0.03,0,4.88,23.19,7.48,0.06,0.17,0.97
4.6354,5,0.13,0.47,0.86,-0.15,137.86,21.24,-172.01,-0.19,-0.25,-0.18,4.09,-10.53,-65,-25.02,-0.01,-0.13,-0.88
4.6593,6,0.332,-0.27,0.73,-0.53,243.87,11.56,-103.29,0.1,0.04,0.06,4.09,-12.05,-3.97,-30.82,-0.24,-1.04,-0.14
4.6611,4,0.186,-0.58,0.79,0.11,267.33,24.72,-177.23,-0.36,0.29,-0.15,4.09,-30.52,-85.75,-78.12,-0.07,0.18,-0.97
4.6645,3,0.29,0.18,0.81,0.48,157.58,17.33,113.02,0.16,-0.03,-0.06,4.09,0.92,-1.07,13.58,-0.37,0.84,-0.23
4.666,2,1,0,0,0,0,0,0,0,0,0,4.09,0,0,0,0,0,0
4.7024,0,-0.166,0.06,0.07,0.98,212.8,-7.83,6.63,0.04,-0.03,0.02,4.09,1.07,2.59,-4.88,0.1,0.1,1.01
4.7042,1,-0.043,0.01,-0.04,-1,189.13,1.27,4.2,0.03,0.12,0.16,4.09,-5.04,-3.66,0.92,-0.05,0.21,1.19
4.7363,7,0.984,0.12,0.05,0.12,28.95,3.46,14.22,0.06,0.01,-0.01,0,1.83,18.62,-1.98,0.01,0.23,0.96
4.7382,5,0.223,0.48,0.84,-0.12,134.85,29.6,179.71,-0.06,-0.03,-0.08,4.09,-134.74,-106.81,126.34,-0.46,-0,-0.82
4.7623,6,0.331,-0.27,0.74,-0.52,243.84,11.97,-104.56,0.08,-0.06,-0.14,4.09,-5.95,3.66,0,-0.29,-0.79,-0.18
4.764,4,0.283,-0.58,0.76,0.09,272.23,32.65,-167.46,-0.8,0.1,0.1,4.09,188.45,-64.39,71.11,-0.34,0.56,-1.21
4.7673,3,0.283,0.19,0.8,0.49,157.1,15.77,112.26,0.17,0.05,-0.13,4.09,-9.16,-2.14,46.08,-0.4,0.76,-0.24
4.7688,2,1,0,0,0,0,0,0,0,0,0,4.09,0,0,0,0,0,0
4.8051,0,-0.167,0.05,0.06,0.98,212.91,-7.43,6.21,0.09,-0.05,-0.03,4.09,-7.32,0.61,0.15,0.03,0.09,0.97
4.8067,1,-0.035,0,-0.03,-1,190.01,0.23,3.24,-0.28,0.07,-0.03,4.09,2.9,-20.9,3.51,0.26,0.13,0.96
4.8363,7,0.983,0.12,0.06,0.13,29.43,5.15,14.45,0.03,-0.05,0.02,0,1.68,21.36,-1.37,-0.04,0.28,0.96
4.8383,5,0.385,0.54,0.75,0,113.17,35.02,149.17,0.4,0.26,0.02,4.09,-257.42,-96.59,175.48,-0.82,0.7,-0.36
4.8683,6,0.308,-0.27,0.74,-0.53,241.62,9.76,-104.15,0.02,0.01,-0.12,4.09,27.16,36.93,-8.7,-0.14,-0.85,-0.2
4.8699,4,0.479,-0.49,0.72,-0.05,279.99,39.94,-134.2,0.11,-0.21,-0.48,4.09,370.64,-128.78,-204.16,-0.52,-0.39,-0.05
4.8729,3,0.245,0.22,0.79,0.52,156.52,9.04,110.24,0.2,0.05,-0.21,4.09,-48.68,36.01,65.77,-0.31,0.74,-0.17
4.8744,2,1,0,0,0,0,0,0,0,0,0,4.09,0,0,0,0,0,0
4.9162,0,-0.161,0.05,0.06,0.98,212.33,-6.65,5.65,0.05,-0.03,0.01,4.09,-4.27,14.04,-16.48,0.06,0.08,1.02
4.9179,1,-0.018,-0.02,-0.05,-1,191.86,-2.33,5.83,-0.14,0.16,0.01,4.09,24.57,-1.68,18.77,0.17,0.27,0.97
4.9402,7,0.982,0.12,0.08,0.12,29.39,6.97,14.66,0.12,-0.02,0.01,0,-0.31,19.38,-19.53,-0,0.23,0.99
4.9418,5,0.57,0.49,0.64,0.17,94.72,34.1,110.82,0.46,0.4,0.26,4.09,-285.34,-106.81,-4.43,-0.95,0.94,0.18
4.9786,6,0.287,-0.25,0.72,-0.58,238.03,7.18,-98.73,0.06,-0.07,-0.51,4.09,115.51,66.07,-44.86,-0.13,-0.51,-0.05
4.9802,4,0.654,-0.46,0.51,-0.33,300.98,21.24,-85.53,1.38,-0.23,0.69,4.09,325.78,-67.14,-308.07,-0.43,-1.57,1.6
4.9835,3,0.212,0.21,0.75,0.58,159.5,4.29,103.21,0.13,-0.13,-0.38,4.09,-109.71,37.84,31.89,-0.06,0.63,0.05
4.9857,2,1,0,0,0,0,0,0,0,0,0,4.09,0,0,0,0,0,0
5.0103,0,-0.155,0.03,0.05,0.99,211.7,-4.23,5.03,0.05,-0.13,-0.02,4.09,-4.73,35.55,-2.59,-0.01,-0.02,0.98
5.012,1,-0.02,-0.02,-0.06,-1,191.57,-2.64,7,-0.12,-0.04,-0.01,4.09,-4.27,11.44,-5.34,0.17,0.08,0.98
5.0484,7,0.983,0.12,0.09,0.11,27.45,9.32,14.45,0.17,0.02,0.03,0,5.95,24.72,-20.75,-0.03,0.15,1.02
5.0515,5,0.74,0.33,0.53,0.24,80.1,39.21,74.28,0.36,0.39,0.23,4.09,-272.98,-104.37,-28.69,-0.9,0.65,0.79
5.0722,6,0.237,-0.21,0.64,-0.7,230.98,0.46,-84.48,0.23,0.25,-0.31,4.09,197.6,82.86,-116.27,-0.05,-0.68,0.51
5.0739,4,0.69,-0.34,0.3,-0.57,294.79,1.15,-53.8,0.34,-0.06,1.14,4.09,316.47,27.92,-60.27,-0.05,-1.39,1.48
5.0771,3,0.184,0.2,0.68,0.68,162.55,-1.25,90.57,0.31,-0.37,-0.05,4.09,-143.74,42.72,57.53,-0.08,1,0.53
5.0787,2,1,0,0,0,0,0,0,0,0,0,4.09,0,0,0,0,0,0
5.1158,0,-0.166,-0.01,0.04,0.99,213.13,-0.09,4.06,0.1,-0.08,0,4.09,-3.36,34.18,12.21,-0.12,0.04,1.02
5.1196,1,-0.007,-0.01,-0.06,-1,193.12,-1.41,6.86,-0.1,-0.01,0.02,4.09,4.88,26.55,29.91,0.13,0.12,1.01
5.1392,7,0.984,0.1,0.12,0.09,25.91,11.99,13.26,0.14,0.05,-0.01,0,-5.65,23.35,9.31,-0.08,0.16,0.99
5.1409,5,0.833,0.17,0.37,0.37,73.24,29.42,40.47,0.57,0.08,0.34,4.09,-260.62,-75.23,142.36,-0.46,0.43,1.33
5.1763,6,0.154,-0.14,0.5,-0.84,217.82,-5.17,-62.07,-0.09,0.08,0.67,4.09,190.73,117.65,20.9,0.27,-1.44,0.8
5.1779,4,0.791,-0.15,0.16,-0.57,301.37,4.98,-24.94,-0.02,0,0.63,4.09,195.16,-11.44,143.28,-0.18,-0.69,1.4
5.181,3,0.167,0.15,0.59,0.78,168.24,-2.08,74.46,0.23,-0.26,0.28,4.09,-194.24,69.89,-77.97,-0.06,1.18,0.65
5.1828,2,1,0,0,0,0,0,0,0,0,0,4.09,0,0,0,0,0,0
5.2044,0,-0.167,-0.04,0.04,0.98,213.5,3.53,4.84,-0.09,0.11,0.19,4.09,21.21,45.17,-3.81,0.05,0.18,1.18
5.2062,1,0.03,0,-0.06,-1,197.47,0.06,7.28,-0.14,0.03,-0.06,4.09,7.78,9.61,46.54,0.14,0.14,0.98
5.2722,7,0.981,0.09,0.13,0.11,27.78,13.88,12.26,-0.23,0.15,0.08,0,-27.77,15.41,34.33,-0.53,0.13,0.99
5.2739,5,0.786,0.09,0.24,0.57,89.04,15.73,24.72,-0.17,-0.2,0.7,4.09,-150.45,11.9,154.11,-0.31,0.9,1.42
5.2778,6,0.259,-0.01,0.37,-0.89,222.48,10.01,-42.15,-0.29,0.23,0.25,4.09,227.36,-10.38,253.14,0.15,-0.82,0.99
5.2795,4,0.839,-0.04,0.11,-0.53,308.57,7.76,-11.07,-0.19,0.05,0.2,4.09,40.89,18.62,-6.26,-0.2,-0.42,1.12
5.2828,3,0.266,0.02,0.46,0.85,165.54,12.41,53.33,-0.14,0.11,0.38,4.09,-213.78,22.74,-194.55,-0.23,1.2,0.68
5.2856,2,1,0,0,0,0,0,0,0,0,0,4.09,0,0,0,0,0,0
5.3062,0,-0.151,-0.06,0.05,0.99,211.8,5.73,6.79,-0.12,-0.02,0.15,4.09,10.07,10.68,-1.68,-0.02,0.09,1.13
5.3079,1,0.076,0.01,-0.08,-0.99,202.75,-0.03,8.96,-0.05,0.25,-0.15,4.09,1.07,4.58,34.33,0.09,0.39,0.8
5.3529,7,0.975,0.08,0.15,0.14,32.54,15.3,11.99,-0.06,-0.15,0.01,0,24.87,26.25,79.8,-0.26,0.33,0.88
5.3549,5,0.779,0.04,0.19,0.6,91.14,14.12,17.87,-0.23,-0.08,-0.01,4.09,7.78,-29.14,-73.55,-0.22,0.52,0.86
5.3751,6,0.388,0.04,0.2,-0.9,238.42,13.55,-20.13,-0.3,0.02,-0.05,4.09,158.08,-98.11,27.62,-0.01,-0.56,0.85
5.3769,4,0.806,-0.03,0.12,-0.58,301.8,8.78,-11.3,-0.14,0.17,-0.09,4.09,-18.62,22.89,-106.81,-0.02,-0.36,0.86
5.38,3,0.408,-0.08,0.31,0.85,149.35,22.7,30.82,0.01,-0.15,0.11,4.09,-144.04,-49.59,-126.65,-0.33,0.42,0.95
5.3815,2,1,0,0,0,0,0,0,0,0,0,4.09,0,0,0,0,0,0
5.4191,0,-0.14,-0.05,0.05,0.99,210.48,5.43,6.51,-0.09,-0.01,-0.16,4.09,-4.43,-17.09,-6.56,-0,0.08,0.83
5.421,1,0.079,0,-0.07,-0.99,203.1,-0.17,8.52,-0.04,-0,0.11,4.09,-6.41,-7.02,-23.5,0.06,0.14,1.07
5.4453,7,0.967,0.09,0.16,0.17,36.59,16.31,14.31,0.13,0.01,-0.39,0,-15.11,-5.95,-15.26,-0.05,0.11,0.65
5.4471,5,0.824,0.06,0.19,0.53,81.92,14.03,17.86,-0.05,-0.03,0.05,4.09,33.11,-13.12,-52.95,-0.24,0.36,0.97
5.4707,6,0.422,0.01,0.12,-0.9,243.66,6.75,-11.98,-0.31,-0.07,-0.04,4.09,17.55,-53.56,71.87,0.07,-0.44,0.91
5.4727,4,0.752,-0.05,0.13,-0.64,291.98,7.69,-14.57,-0.09,0.29,-0.01,4.09,-14.34,6.1,-59.51,0.14,-0.38,0.96
5.4771,3,0.457,-0.08,0.23,0.85,141.42,20.5,20.1,-0.07,-0.16,0.18,4.09,-18.01,-60.88,-42.57,-0.27,0.33,1.04
5.4792,2,1,0,0,0,0,0,0,0,0,0,4.09,0,0,0,0,0,0
5.5242,0,-0.139,-0.04,0.05,0.99,210.29,4.06,6.65,-0,0.02,-0.03,4.09,3.66,-5.49,-6.41,-0.03,0.12,0.97
5.5258,1,0.056,0,-0.08,-1,200.47,-0.16,8.67,0.07,-0.01,0.04,4.09,-2.14,8.54,-36.93,-0.07,0.11,1.06
5.5482,7,0.974,0.08,0.13,0.16,34.67,13.66,12.07,0.21,0.04,-0.05,0,-27.77,-62.1,19.68,-0.05,0.1,1
5.5499,5,0.828,0.08,0.2,0.52,80.88,14.13,19.8,0.03,-0.05,-0.02,4.09,33.42,10.22,17.7,-0.16,0.3,0.89
5.5664,6,0.487,-0.02,0.1,-0.87,252.31,3.64,-11.02,0.14,0.09,0.2,4.09,1.37,-20.45,30.52,-0.07,-0.09,1.22
5.5684,4,0.741,-0.07,0.13,-0.66,290.25,5.28,-15.86,-0.07,0.18,-0.04,4.09,-25.79,-38.6,23.35,0.08,-0.35,0.92
5.5717,3,0.505,-0.05,0.18,0.84,134.27,15.5,15.49,-0.01,-0.01,0.15,4.09,1.07,-68.05,-64.09,-0.3,0.28,1.07
5.5734,2,1,0,0,0,0,0,0,0,0,0,4.09,0,0,0,0,0,0
5.6103,0,-0.134,-0.04,0.06,0.99,209.72,3.36,6.99,-0.08,0.09,0.02,4.09,-0.31,-14.8,0.46,0.02,0.2,1.01
5.6123,1,0.046,0.01,-0.07,-1,199.35,0.26,8.03,-0.13,-0.08,-0.09,4.09,-9.16,-14.5,-7.32,0.11,0.04,0.92
5.6443,7,0.979,0.06,0.06,0.18,35.83,5.6,8.25,0.07,0.23,0.03,0,-59.51,-78.74,51.57,-0.12,-0.02,1.08
5.6462,5,0.82,0.1,0.2,0.53,82.08,13.39,22.59,0.1,-0.06,0.01,4.09,31.28,-9.31,-11.29,-0.15,0.32,0.96
5.6723,6,0.474,-0.01,0.09,-0.88,250.6,3.35,-9.59,0.22,0.1,0.06,4.09,49.74,28.23,-49.74,-0.1,0.03,1.09
5.6741,4,0.778,-0.11,0.12,-0.61,297.74,2.7,-18.42,0.09,-0.03,0.01,4.09,-31.74,-44.86,102.54,-0.05,-0.21,1
5.6772,3,0.552,-0.02,0.16,0.82,127.51,12.09,13.81,0.1,-0.02,-0.03,4.09,-1.07,-42.42,-40.28,-0.23,0.08,0.97
5.6788,2,1,0,0,0,0,0,0,0,0,0,4.09,0,0,0,0,0,0
5.7244,0,-0.13,-0.03,0.06,0.99,209.13,2.56,6.98,-0.12,0.04,0.28,4.09,-6.71,-4.12,-15.56,0.04,0.15,1.28
5.7262,1,0.043,-0,-0.06,-1,198.94,-0.53,7.36,-0.03,-0.06,0.01,4.09,-2.9,1.98,0.61,0.05,0.04,1.01
5.7482,7,0.978,0.05,0.02,0.2,37.25,1.55,5.66,0.02,-0.15,-0.33,0,24.72,-24.72,119.32,0.08,0.18,0.66
5.7502,5,0.839,0.11,0.2,0.49,77.64,12.59,23.3,0.15,0.01,0.01,4.09,23.19,-16.63,-53.25,-0.16,0.27,0.96
5.7866,6,0.423,0.02,0.08,-0.9,243.84,6.35,-7.55,-0.09,0.08,-0.04,4.09,21.06,48.98,-105.13,0.01,-0.14,0.95
5.7876,4,0.861,-0.11,0.12,-0.48,314.57,5.85,-17.26,0.57,-0.76,-0.32,4.09,12.82,-3.81,96.59,-0.29,0.37,1
5.7906,3,0.562,-0.03,0.12,0.82,125.97,10.48,9.86,0.27,0.05,0.03,4.09,-60.73,13.28,42.11,-0.3,-0.02,0.95
5.7926,2,1,0,0,0,0,0,0,0,0,0,4.09,0,0,0,0,0,0
5.8106,0,-0.124,-0.04,0.05,0.99,208.52,3.31,6.2,-0.04,0.04,-0.13,4.09,2.59,8.09,9.16,-0,0.13,0.86
5.8116,1,0.04,-0,-0.06,-1,198.66,-0.59,7.08,-0.02,0.03,0.02,4.09,0.31,-0.76,0.46,0.02,0.15,1.02
5.8576,7,0.971,0.04,-0,0.24,41.24,-1.28,4.89,-0.2,0.01,0.08,0,-24.11,-13.12,-0.76,-0.14,0.15,1.08
5.8586,5,0.856,0.12,0.2,0.46,73.4,12.75,23.59,0.2,0.06,-0.02,4.09,18.01,-6.87,-7.32,-0.17,0.2,0.96
5.8816,6,0.368,0.05,0.09,-0.92,236.88,9.36,-7.79,-0.2,0.03,-0.11,4.09,-19.07,32.65,3.51,0.01,-0.23,0.89
5.8826,4,0.854,-0.11,0.12,-0.5,313.03,5.49,-17.38,0.14,-0.09,0.02,4.09,-13.12,10.38,-63.63,-0.1,-0.14,1.02
5.8876,3,0.532,-0.06,0.1,0.84,129.98,11.79,6.8,-0.1,-0.11,-0.04,4.09,-10.68,29.75,9.31,-0.06,0.15,0.96
5.8896,2,1,0,0,0,0,0,0,0,0,0,4.09,0,0,0,0,0,0
5.9106,0,-0.127,-0.04,0.06,0.99,208.9,3.53,6.97,-0.02,-0.09,0.05,4.09,3.81,6.26,3.81,-0.06,0.05,1.05
5.9126,1,0.037,-0,-0.06,-1,198.27,-0.57,7.19,-0.04,-0.03,-0.02,4.09,-0.15,0,-3.81,0.05,0.08,0.97
5.9846,7,0.975,0.03,-0.02,0.22,39.48,-3.25,3.19,-0.06,-0.02,-0.01,0,-9.61,-19.07,-19.68,0,0.08,0.98
5.9866,5,0.858,0.13,0.19,0.46,73.12,11.88,23.37,0.15,0.06,-0,4.09,1.53,-2.44,-1.98,-0.19,0.23,0.96
5.9936,6,0.39,0.05,0.09,-0.91,239.64,9.61,-7.67,-0.03,0.06,0.02,4.09,11.6,-25.02,28.53,-0.12,-0.11,1
5.9956,4,0.831,-0.1,0.12,-0.53,307.75,5.7,-17.55,0.02,0.08,-0.04,4.09,18.62,29.14,-6.87,-0.01,-0.3,0.92
6.0006,3,0.535,-0.06,0.11,0.84,129.54,12.4,7.23,-0.03,-0.1,-0.04,4.09,9.46,-5.19,-2.75,-0.11,0.11,0.95
6.0036,2,1,0,0,0,0,0,0,0,0,0,4.09,0,0,0,0,0,0
6.0126,0,-0.129,-0.04,0.06,0.99,209.05,3.16,7.06,0.05,0.05,0.01,4.09,2.59,-9.92,-2.9,-0.1,0.18,1
6.0156,1,0.039,-0.01,-0.06,-1,198.44,-0.99,6.96,-0.02,-0.01,0,4.09,-1.83,-5.8,1.22,0.04,0.12,1
6.0796,7,0.977,0.03,-0.03,0.21,38.47,-3.68,2.25,-0.07,-0,0.01,0,0,0.76,7.02,0.01,0.07,1.02
6.0806,5,0.859,0.12,0.17,0.47,73.29,10.82,21.9,0.05,0.01,0.02,4.09,-15.11,-7.63,-0.15,-0.18,0.34,0.95
6.0876,6,0.412,0.03,0.09,-0.91,242.5,7.42,-7.45,0.06,0.1,-0.04,4.09,-13.89,-21.21,27.62,-0.06,-0.02,0.94
6.0896,4,0.826,-0.07,0.13,-0.54,306.28,7.47,-15.25,0.06,0.09,-0.01,4.09,14.8,16.02,-29.6,-0.02,-0.25,0.97
6.0936,3,0.555,-0.04,0.1,0.82,126.88,10.91,7.16,0,-0.04,-0.01,4.09,18.31,-14.8,-42.11,-0.15,0.11,0.98
6.0956,2,1,0,0,0,0,0,0,0,0,0,4.09,0,0,0,0,0,0
6.1136,0,-0.115,-0.03,0.06,0.99,207.51,3.19,7.09,0,-0.02,0.02,4.09,-4.58,1.22,-24.72,-0.06,0.1,1
6.1146,1,0.04,-0.01,-0.06,-1,198.51,-1.44,7,-0.01,-0.01,0,4.09,0.15,-1.98,-0.31,0.03,0.11,0.99
6.1816,7,0.976,0.03,-0.03,0.21,38.78,-3.75,2.65,-0.03,-0.08,-0.01,0,1.07,3.36,-5.34,0.08,0.14,1
6.1826,5,0.865,0.1,0.16,0.47,72.36,10.26,19.41,0.01,0,0.03,4.09,-16.94,0.15,-1.53,-0.18,0.33,0.96
6.1886,6,0.439,0.01,0.08,-0.89,246.01,5.03,-7.96,0.01,-0.02,0.06,4.09,-8.7,-31.89,32.2,-0.13,-0.15,1.05
6.1906,4,0.814,-0.07,0.12,-0.56,303.8,6.84,-14.97,-0,0.08,-0.02,4.09,-4.12,-7.93,-8.39,-0.05,-0.28,0.94
6.1936,3,0.598,-0.03,0.1,0.79,120.7,10.13,7.11,0.15,-0.07,0,4.09,19.38,-8.7,-57.98,-0.14,-0.06,0.99
6.1956,2,1,0,0,0,0,0,0,0,0,0,4.09,0,0,0,0,0,0
6.2156,0,-0.097,-0.03,0.05,0.99,205.36,2.89,6.2,-0.05,-0.06,-0.02,4.09,-6.56,-9,-14.34,-0.01,0.04,0.99
6.2166,1,0.04,-0.01,-0.06,-1,198.48,-1.72,6.98,0,-0.01,0,4.09,0,-1.07,1.07,0.03,0.11,1
6.2816,7,0.976,0.03,-0.03,0.21,38.6,-3.75,3,0.02,0.05,-0.04,0,1.98,0,4.43,0.05,0,0.97
6.2826,5,0.863,0.09,0.15,0.47,73.07,10.06,17.82,-0.04,-0.02,0.03,4.09,-7.02,4.12,15.56,-0.18,0.36,0.95
6.2876,6,0.455,-0.01,0.09,-0.89,248.1,3.72,-9.13,-0.01,-0.16,0.11,4.09,-27.92,17.7,-6.41,-0.18,-0.27,1.05
6.2886,4,0.815,-0.09,0.12,-0.56,304.17,5.31,-15.62,-0.01,0.02,0.01,4.09,-12.51,-17.4,14.5,-0.08,-0.28,0.96
6.2916,3,0.624,-0.02,0.1,0.77,117,9.21,7.45,0.13,-0.05,-0.02,4.09,12.97,-10.22,-3.66,-0.14,-0,0.98
6.2936,2,1,0,0,0,0,0,0,0,0,0,4.09,0,0,0,0,0,0
6.3156,0,-0.093,-0.02,0.04,0.99,204.81,2.15,5.12,-0.03,-0.05,0.04,4.09,-6.71,-2.44,6.41,-0.03,0.04,1.04
6.3176,1,0.041,-0.01,-0.06,-1,198.65,-1.91,6.93,-0,-0,0,4.09,0,-1.07,1.83,0.03,0.12,0.99
6.3816,7,0.976,0.03,-0.03,0.21,38.64,-4,2.98,0.01,-0.01,-0,0,1.37,-0.46,-11.9,0.08,0.06,0.99
6.3826,5,0.86,0.09,0.15,0.48,73.95,9.7,17.39,-0.04,-0.03,0.02,4.09,0.61,-0.61,-2.75,-0.17,0.35,0.94
6.3876,6,0.45,0.01,0.11,-0.89,247.27,6.04,-10.57,0,0.11,-0.05,4.09,-4.43,22.13,-4.88,-0.01,-0.11,0.94
6.3896,4,0.823,-0.1,0.11,-0.55,306.04,4.35,-16.26,0.04,-0.05,0.01,4.09,-8.54,-10.53,5.49,-0.11,-0.23,0.98
6.3926,3,0.63,-0.01,0.1,0.77,116.03,8.12,7.64,0.07,-0.04,0.03,4.09,1.98,-3.97,-8.24,-0.12,0.06,1.02
6.3936,2,1,0,0,0,0,0,0,0,0,0,4.09,0,0,0,0,0,0
6.4156,0,-0.1,-0.02,0.04,0.99,205.65,2.38,4.38,0.01,0.01,-0,4.09,-5.19,3.97,0.31,-0.05,0.09,0.99
6.4166,1,0.043,-0.02,-0.06,-1,198.87,-2.09,6.93,-0.01,0.01,0,4.09,0,-0.76,2.9,0.04,0.13,0.99
6.4676,7,0.976,0.03,-0.03,0.21,38.57,-3.89,2.67,-0,0,0.01,0,-0.61,1.22,5.95,0.07,0.05,1.01
6.4696,5,0.859,0.09,0.15,0.48,74.18,9.41,17.66,-0.02,-0.01,0.02,4.09,10.83,-0.76,6.26,-0.16,0.33,0.95
6.4916,6,0.447,0.01,0.11,-0.89,246.85,6.84,-11.19,0.01,0.05,-0.03,4.09,-7.32,4.88,1.53,-0.08,-0.15,0.96
6.4926,4,0.826,-0.1,0.11,-0.54,306.77,3.87,-16.58,0.02,-0.05,0.01,4.09,-3.66,-5.04,8.54,-0.11,-0.24,0.97
6.4956,3,0.635,-0.01,0.09,0.77,115.36,7.59,6.6,0.04,-0.02,0.01,4.09,-6.1,-0.15,0.76,-0.13,0.07,1
6.4976,2,1,0,0,0,0,0,0,0,0,0,4.09,0,0,0,0,0,0
6.5246,0,-0.097,-0.03,0.03,0.99,205.24,2.7,4,-0.01,-0.02,0,4.09,-1.98,1.07,-3.36,-0.04,0.05,1
6.5266,1,0.046,-0.02,-0.06,-1,199.24,-2.22,6.96,0,-0,0,4.09,-0.15,-0.76,4.27,0.04,0.12,0.99
6.5946,7,0.975,0.03,-0.03,0.22,39.02,-3.8,2.82,0,-0.02,0,0,0.15,2.44,-2.44,0.08,0.06,1
6.5956,5,0.856,0.1,0.15,0.48,74.55,8.86,18.56,-0.01,0.01,0.01,4.09,11.29,-3.81,0,-0.16,0.32,0.95
6.5996,6,0.444,0.01,0.11,-0.89,246.52,6.85,-11.2,0.02,0.02,0.01,4.09,4.58,-0.92,-12.36,-0.12,-0.17,0.99
6.6016,4,0.832,-0.1,0.11,-0.53,308,4.14,-16.46,0.03,-0.04,0.01,4.09,-0.61,0.61,10.38,-0.1,-0.25,0.97
6.6056,3,0.635,-0.02,0.08,0.77,115.31,7.47,5.73,0.05,-0.03,0.01,4.09,-4.27,0.31,1.98,-0.11,0.04,1.01
6.6066,2,1,0,0,0,0,0,0,0,0,0,4.09,0,0,0,0,0,0
6.6206,0,-0.097,-0.03,0.03,0.99,205.28,2.52,3.71,-0.01,-0.01,0.01,4.09,-1.53,0,1.83,-0.04,0.06,1.01
6.6216,1,0.051,-0.02,-0.06,-1,199.79,-2.36,6.93,-0,0.01,-0,4.09,-0.15,-1.98,5.95,0.04,0.13,0.99
6.6686,7,0.976,0.03,-0.03,0.21,38.73,-3.82,2.76,0,0.01,-0,0,0,0.61,-1.37,0.07,0.04,1
6.6706,5,0.858,0.11,0.14,0.48,74.13,8.42,18.98,0,0.04,0.02,4.09,6.1,-3.97,-4.88,-0.18,0.31,0.96
6.6926,6,0.435,0.01,0.11,-0.89,245.37,6.49,-10.68,-0.02,0.01,-0,4.09,7.48,-0.46,-5.34,-0.09,-0.19,0.97
6.6936,4,0.835,-0.1,0.11,-0.53,308.5,4.46,-16.38,0.02,0.04,0.02,4.09,-1.53,3.66,-0.92,-0.03,-0.29,0.98
6.6976,3,0.631,-0.02,0.07,0.77,115.9,7.09,4.99,0.01,-0.01,0.01,4.09,-6.26,-0.15,13.28,-0.12,0.08,1
6.6986,2,1,0,0,0,0,0,0,0,0,0,4.09,0,0,0,0,0,0
6.7336,0,-0.096,-0.03,0.03,0.99,205.18,2.62,3.48,0,0,0.01,4.09,-0.46,2.29,-0.76,-0.05,0.06,1.01
6.7356,1,0.058,-0.02,-0.06,-1,200.54,-2.7,6.85,-0,-0,0.01,4.09,-0.15,-1.53,9,0.05,0.12,1.01
6.7876,7,0.976,0.03,-0.03,0.21,38.76,-3.67,2.77,0.01,-0,0.01,0,0.76,1.98,0.76,0.07,0.05,1
6.7886,5,0.86,0.1,0.14,0.48,73.59,8.3,18.67,0.01,0.04,0.01,4.09,-4.73,0,3.66,-0.17,0.29,0.95
6.7926,6,0.435,0.01,0.1,-0.89,245.34,6.39,-9.92,-0,0.03,-0.01,4.09,6.26,-2.29,1.68,-0.08,-0.16,0.98
6.7946,4,0.836,-0.1,0.11,-0.53,308.98,4.23,-16.67,0.02,0.06,-0.01,4.09,-5.49,-8.24,12.66,-0.01,-0.29,0.95
6.7976,3,0.627,-0.02,0.07,0.78,116.36,6.97,4.41,0,0,0.01,4.09,-2.29,1.68,-2.29,-0.12,0.07,0.99
6.7996,2,1,0,0,0,0,0,0,0,0,0,4.09,0,0,0,0,0,0
6.8216,0,-0.094,-0.03,0.03,0.99,204.96,2.82,3.3,0.01,0,0,4.09,-1.07,1.53,-0.31,-0.06,0.06,1
6.8236,1,0.058,-0.02,-0.06,-1,200.56,-3.04,6.7,-0.01,0.01,0.04,4.09,-1.37,-1.98,-3.2,0.06,0.13,1.03
6.8976,7,0.976,0.03,-0.02,0.21,38.63,-3.5,2.89,0.02,-0.02,0,0,0.92,1.53,-2.29,0.08,0.05,0.99
6.8986,5,0.857,0.1,0.14,0.49,74.46,8.12,17.88,-0.04,-0.01,0.02,4.09,-8.7,1.68,8.85,-0.15,0.35,0.95
6.9036,6,0.437,0.01,0.1,-0.89,245.71,5.88,-9.35,-0.01,0,0.01,4.09,2.29,-2.59,5.8,-0.1,-0.17,1
6.9056,4,0.841,-0.11,0.1,-0.52,310.15,3.42,-16.98,0.01,0.02,0,4.09,-2.9,-9.92,8.09,-0.04,-0.3,0.96
6.9086,3,0.632,-0.02,0.07,0.77,115.65,6.89,4.2,0.04,0,0,4.09,1.22,-1.83,-3.05,-0.13,0.04,0.99
6.9096,2,1,0,0,0,0,0,0,0,0,0,4.09,0,0,0,0,0,0
6.9196,0,-0.094,-0.03,0.03,0.99,204.92,2.94,3.18,0,0,0,4.09,-0.61,0.15,1.37,-0.06,0.06,1
6.9226,1,0.06,-0.02,-0.06,-1,200.82,-2.93,6.82,-0.02,-0,-0.02,4.09,-0.61,0.61,-1.83,0.07,0.11,0.98
6.9896,7,0.976,0.03,-0.02,0.21,38.55,-3.43,2.87,-0,0.01,0,0,0,0.92,-0.76,0.05,0.05,1
6.9906,5,0.856,0.09,0.13,0.49,74.85,8.04,16.88,-0.06,-0.01,0.01,4.09,-10.53,0.15,3.97,-0.16,0.34,0.93
6.9946,6,0.442,0.01,0.09,-0.89,246.27,5.89,-9.22,0.01,0.02,0.01,4.09,-1.37,1.83,4.27,-0.1,-0.14,0.99
6.9966,4,0.844,-0.11,0.1,-0.51,310.83,3.47,-16.94,0,-0.1,0,4.09,1.37,3.97,-6.56,-0.13,-0.26,0.96
6.9996,3,0.634,-0.02,0.06,0.77,115.4,6.65,4.16,0.02,0.01,0.01,4.09,1.37,-1.98,-2.59,-0.13,0.05,1
7.0006,2,1,0,0,0,0,0,0,0,0,0,4.09,0,0,0,0,0,0
7.0316,0,-0.094,-0.03,0.02,0.99,204.96,2.94,3.04,0,0.01,0.01,4.09,-1.22,-0.46,1.98,-0.05,0.06,1
7.0336,1,0.059,-0.02,-0.06,-1,200.66,-2.81,6.82,-0.01,0.02,0,4.09,2.14,0.46,2.44,0.05,0.14,0.98
7.0546,7,0.976,0.03,-0.02,0.21,38.43,-3.44,3.06,0.04,-0.03,0.01,0,5.65,-4.12,-7.17,0.1,0.06,1.01
7.0566,5,0.856,0.09,0.13,0.49,75.09,7.81,16.11,-0.08,-0.01,0.04,4.09,-3.05,-1.22,-0.15,-0.17,0.36,0.96
7.0876,6,0.445,0.01,0.1,-0.89,246.61,6.14,-9.38,0,0.01,0.01,4.09,-3.2,4.27,4.58,-0.1,-0.16,0.99
7.0896,4,0.847,-0.11,0.1,-0.51,311.24,3.75,-16.56,0.01,-0,0.03,4.09,-0.92,-0.46,10.83,-0.06,-0.27,0.99
7.0926,3,0.638,-0.02,0.06,0.77,114.84,6.39,4.19,0.02,0.01,0.01,4.09,1.37,-1.37,-4.27,-0.13,0.05,1
7.0936,2,1,0,0,0,0,0,0,0,0,0,4.09,0,0,0,0,0,0
7.1416,0,-0.094,-0.03,0.02,0.99,204.96,2.97,2.85,-0,0.01,0.01,4.09,-1.22,0.15,1.98,-0.05,0.06,1.01
7.1436,1,0.057,-0.02,-0.06,-1,200.4,-2.85,6.94,-0.01,-0.01,0.01,4.09,0.15,0,-1.98,0.05,0.1,1
7.1656,7,0.98,0.05,-0.02,0.19,35.99,-3.82,5.03,-0.19,-0.07,0.04,0,33.26,9.46,-42.11,-0.11,0.22,1.02
7.1666,5,0.855,0.09,0.13,0.49,75.25,7.67,16.37,-0.08,-0.01,0.02,4.09,6.71,-1.83,-1.37,-0.16,0.35,0.94
7.2046,6,0.448,0.01,0.1,-0.89,247.08,6.69,-9.8,-0,0.02,0.02,4.09,-4.58,6.41,9.92,-0.1,-0.16,0.99
7.2066,4,0.849,-0.11,0.1,-0.51,311.83,3.81,-16.75,0.01,0.03,-0.01,4.09,-2.29,2.29,-3.51,-0.03,-0.29,0.95
7.2116,3,0.64,-0.02,0.06,0.77,114.44,6.5,4,0.01,0.01,0.02,4.09,-1.83,3.2,-2.29,-0.13,0.06,1.01
7.2136,2,1,0,0,0,0,0,0,0,0,0,4.09,0,0,0,0,0,0
7.2246,0,-0.096,-0.03,0.02,0.99,205.14,3.23,2.7,-0.02,0.01,-0,4.09,-1.83,3.97,3.2,-0.04,0.06,1
7.2256,1,0.058,-0.02,-0.06,-1,200.52,-2.78,6.87,0.01,-0.01,0.01,4.09,-0.92,2.59,0.15,0.04,0.12,1
7.2636,7,0.983,0.06,-0.01,0.17,33.75,-2.56,6.87,0.13,0.06,-0.04,0,0.15,-1.07,2.44,0.13,0.02,0.97
7.2656,5,0.857,0.09,0.13,0.49,74.68,7.63,16.97,-0.03,0.01,0.01,4.09,4.88,-1.53,-4.73,-0.15,0.31,0.94
7.2876,6,0.454,0.02,0.1,-0.88,247.81,7.28,-9.64,0.01,0.05,-0.02,4.09,1.83,3.36,3.81,-0.1,-0.13,0.97
7.2896,4,0.846,-0.11,0.1,-0.51,311.09,3.77,-16.86,0,0.04,0,4.09,0.15,-0.61,-2.59,-0.03,-0.31,0.95
7.2946,3,0.642,-0.02,0.06,0.76,114.21,6.68,3.64,0.03,0,-0,4.09,-2.75,0.61,6.26,-0.12,0.04,0.99
7.2966,2,1,0,0,0,0,0,0,0,0,0,4.09,0,0,0,0,0,0
7.3256,0,-0.097,-0.03,0.02,0.99,205.28,3.38,2.52,-0.01,0.02,0,4.09,-1.53,-0.76,1.98,-0.05,0.06,1
7.3266,1,0.055,-0.02,-0.06,-1,200.2,-2.68,6.68,-0,0.03,0,4.09,-0.46,1.53,-6.87,0.06,0.15,0.99
7.3576,7,0.982,0.06,-0.01,0.18,34.2,-2.69,6.72,-0.04,-0.01,0,0,2.29,1.22,-2.44,0.03,0.14,0.99
7.3586,5,0.857,0.1,0.13,0.49,74.71,7.5,17.21,-0.04,-0.01,0.01,4.09,3.2,0,0,-0.14,0.33,0.95
7.4046,6,0.453,0.02,0.1,-0.89,247.66,6.95,-9.18,-0,0.02,0.01,4.09,5.49,-4.88,-3.81,-0.11,-0.16,0.99
