0,6,-0.988,0.07,0.1,0.1,2.96,-11.66,-7.05,-0.02,0,0,4.06,0.61,-2.44,-0.15,0.18,-0.13,0.98
0.0295,0,-0.021,0.06,0.03,1,196.26,-7.08,3.09,-0.02,0,-0,4.09,-0.31,0.31,0.92,0.14,0.06,0.99
0.0312,2,0.828,0.05,0.08,-0.55,306.57,10.62,0.4,-0.02,0,0.01,4.09,1.22,-1.07,-0.46,-0.19,-0.02,0.99
0.0377,5,-0.856,-0.05,-0.12,-0.5,75.46,9.25,12.53,-0.03,0,0.01,4.09,-0.76,-1.53,0.31,-0.18,0.24,0.97
0.0391,4,0.909,-0.11,0.13,-0.38,327.16,8.5,-17.58,-0.03,0,0.01,4.06,0,-0.76,-0.31,-0.16,-0.32,0.94
0.0839,7,0.905,0.06,-0.1,0.41,62.25,-13.96,1.71,-0.03,0.01,-0,0,-1.07,-1.37,0.31,0.21,0.05,0.97
0.0855,6,-0.987,0.07,0.1,0.1,2.96,-11.96,-7.03,-0.02,0,0,4.06,0.15,-0.92,-1.07,0.19,-0.13,0.98
0.1396,1,-0.013,-0.04,0.04,1,195.77,5,4.51,-0.07,0,0,4.09,0.31,1.37,0,-0.02,0.08,1
0.1413,2,0.828,0.06,0.07,-0.55,306.67,10.48,0.62,-0.02,0,0,4.09,3.05,-0.92,1.22,-0.19,-0.01,0.98
0.1465,0,-0.022,0.06,0.03,1,196.35,-7.11,3.07,-0.02,0.01,0.01,4.09,-0.31,-0.46,0.61,0.14,0.06,1
0.148,4,0.909,-0.11,0.13,-0.38,327.13,8.38,-17.46,-0.02,-0.01,-0,4.06,1.53,-1.98,-0.61,-0.16,-0.3,0.94
0.2027,5,-0.856,-0.05,-0.12,-0.5,75.46,9.17,12.5,-0.03,0.01,0.02,4.09,0.46,-0.15,0,-0.19,0.24,0.97
0.2042,6,-0.987,0.07,0.1,0.1,3.05,-12.14,-7.05,-0.03,0,0.01,4.06,0.15,-1.07,0.61,0.19,-0.13,0.98
0.2099,7,0.905,0.06,-0.11,0.41,62.32,-14.04,1.5,-0.02,-0,-0.01,0,-1.22,-1.07,2.75,0.22,0.04,0.96
0.2114,3,0.647,0.01,0.08,0.76,113.41,4.89,8.37,-0.03,0.01,0.02,4.06,-6.56,2.59,-4.43,-0.09,0.17,1
0.2366,1,-0.012,-0.04,0.04,1,195.67,5.03,4.49,-0.07,0.01,0,4.09,0.15,1.07,-0.31,-0.02,0.08,1
0.2382,2,0.829,0.06,0.07,-0.55,306.81,10.42,0.97,-0.04,0,0.01,4.09,4.58,-0.31,3.51,-0.2,-0.02,0.99
0.2445,0,-0.022,0.06,0.03,1,196.37,-7.16,3.05,-0.01,0.01,0,4.09,-0.31,-0.15,0,0.14,0.06,0.99
0.2463,4,0.909,-0.11,0.12,-0.38,327.22,8.2,-17.09,-0.05,-0.01,0.01,4.05,5.19,-2.9,2.75,-0.19,-0.31,0.95
0.299,5,-0.857,-0.05,-0.12,-0.5,75.39,9.19,12.59,-0.02,0,0.02,4.09,-0.15,0.15,0.31,-0.17,0.24,0.97
0.301,6,-0.987,0.07,0.1,0.1,3.1,-12.04,-7.1,-0.01,0,0.01,4.06,0,1.68,-0.46,0.2,-0.13,0.98
0.3065,7,0.905,0.06,-0.11,0.41,62.44,-14.18,1.26,-0.02,0.02,-0.01,0,-1.98,-1.53,0.92,0.22,0.02,0.96
0.308,3,0.65,0.01,0.08,0.76,112.98,5.38,7.59,-0.07,0.02,0.02,4.06,-11.75,7.02,-7.48,-0.11,0.2,0.99
0.3328,1,-0.011,-0.05,0.04,1,195.56,5.24,4.52,-0.06,0,0,4.09,0.15,2.29,-0.46,-0.03,0.08,1
0.3349,2,0.83,0.06,0.07,-0.55,307.14,10.56,1.56,-0.07,-0,0.01,4.09,8.54,2.14,2.9,-0.22,-0.04,0.99
0.3406,0,-0.022,0.06,0.03,1,196.35,-7.19,3.05,-0.01,0,0.01,4.09,0,0.31,-0.31,0.14,0.06,1
0.3424,4,0.913,-0.1,0.12,-0.38,327.99,8.21,-16.36,-0.07,-0.01,0.02,4.05,8.7,-4.27,15.26,-0.21,-0.33,0.95
0.3986,5,-0.857,-0.05,-0.12,-0.5,75.37,9.2,12.62,-0.01,0,0.01,4.09,0,-0.46,-0.46,-0.16,0.23,0.98
0.4005,6,-0.987,0.07,0.1,0.1,2.89,-11.87,-7.06,0.01,-0.01,0.01,4.06,-1.07,4.27,-0.31,0.22,-0.11,0.98
0.4048,7,0.904,0.06,-0.11,0.41,62.55,-14.26,1.05,-0.03,-0,0,0,-1.83,-1.22,0,0.23,0.04,0.97
0.4063,3,0.656,-0.01,0.08,0.75,112.08,6.48,6.44,-0.06,0,-0.01,4.06,-13.73,10.22,-9.31,-0.11,0.17,0.97
0.433,1,-0.01,-0.05,0.04,1,195.47,5.42,4.56,-0.05,0.01,0,4.09,0.76,3.51,-0.46,-0.05,0.08,1
0.4352,2,0.833,0.07,0.07,-0.55,307.86,10.98,2.58,-0.09,-0,-0,4.09,14.65,6.87,4.58,-0.23,-0.05,0.98
0.4397,0,-0.022,0.06,0.03,1,196.39,-7.13,3.1,-0.01,0,0.02,4.09,0,1.68,-0.46,0.14,0.06,1
0.4413,4,0.921,-0.09,0.12,-0.36,330.32,8.45,-14.97,-0.08,-0.05,0,4.05,14.65,-3.51,16.63,-0.25,-0.28,0.95
0.5476,5,-0.857,-0.05,-0.12,-0.5,75.29,9.2,12.49,-0,0,0.01,4.09,-0.46,-0.61,-1.07,-0.16,0.22,0.97
0.5495,6,-0.988,0.07,0.09,0.1,2.66,-11.48,-7.1,0.04,-0.01,0.01,4.06,-3.66,9.31,-0.46,0.24,-0.1,0.97
0.5546,7,0.904,0.06,-0.11,0.41,62.49,-14.36,0.92,-0.01,0.01,-0.01,0,-0.61,-0.46,0.92,0.24,0.01,0.96
0.5561,3,0.659,-0.02,0.08,0.75,111.57,7.5,5.28,-0.1,-0,-0.03,4.06,-16.78,11.44,-10.22,-0.11,0.19,0.95
0.5599,1,-0.01,-0.05,0.04,1,195.39,5.7,4.62,-0.06,-0,-0,4.09,0.15,1.53,-0.31,-0.04,0.08,0.99
0.5613,2,0.83,0.09,0.07,-0.55,307.71,11.71,4.22,-0.12,0,-0.05,4.09,21.97,5.8,-0.76,-0.24,-0.04,0.92
0.565,0,-0.021,0.06,0.03,1,196.32,-6.75,3.12,-0.02,-0,0.01,4.09,0,4.12,-0.92,0.14,0.05,1
0.5677,4,0.923,-0.08,0.11,-0.36,330.59,8.6,-13.27,-0.12,0,-0.06,4.05,18.92,1.53,-5.04,-0.23,-0.28,0.86
0.6446,5,-0.858,-0.05,-0.12,-0.5,75.07,9.08,12.33,-0.01,0,0.01,4.09,-1.98,-2.44,-3.05,-0.17,0.22,0.98
0.6461,6,-0.988,0.07,0.09,0.11,2.6,-10.64,-7.49,0.07,0.01,0.02,4.06,-6.71,14.8,8.7,0.26,-0.13,0.98
0.6512,7,0.904,0.06,-0.11,0.41,62.59,-14.42,0.8,-0.02,0,-0.01,0,-0.46,-0.92,0.76,0.23,0.02,0.96
0.6537,3,0.662,-0.04,0.07,0.74,111.03,8.93,3.07,-0.15,-0.01,-0.11,4.06,-27.47,17.85,-1.53,-0.1,0.21,0.84
0.6584,1,-0.01,-0.05,0.04,1,195.46,5.94,4.68,-0.05,0,0,4.09,0.31,1.53,0,-0.05,0.09,0.99
0.6598,2,0.826,0.11,0.06,-0.55,307.45,12.29,6.48,-0.1,-0.02,-0.18,4.09,29.6,3.51,-9.77,-0.23,0,0.78
0.6633,0,-0.021,0.05,0.03,1,196.25,-6.19,3.14,-0.03,0.01,0.02,4.09,0,7.48,-0.46,0.14,0.06,1.01
0.6647,4,0.921,-0.06,0.11,-0.37,329.65,8.7,-11.55,-0.12,-0.01,-0.21,4.05,11.6,5.49,-15.56,-0.2,-0.24,0.74
0.737,5,-0.86,-0.05,-0.12,-0.49,74.56,8.99,12.15,-0.04,0.01,0.03,4.09,0,-2.75,-3.2,-0.19,0.24,0.99
0.7384,6,-0.991,0.08,0.07,0.09,4.67,-8.64,-8.63,-0.07,0.01,0.08,4.06,-6.1,25.94,34.64,0.09,-0.18,1.06
0.7419,7,0.904,0.06,-0.11,0.41,62.54,-14.54,0.74,-0.01,0.01,0,0,0.76,0,0,0.24,0.01,0.97
0.7433,3,0.665,-0.07,0.06,0.74,110.12,11.19,-0.31,-0.11,-0,-0.28,4.06,-25.94,28.53,-14.65,-0.13,0.1,0.7
0.7471,1,-0.012,-0.05,0.04,1,195.64,6.08,4.77,-0.04,0,0,4.09,-0.15,0,0.15,-0.07,0.08,1
0.7487,2,0.823,0.13,0.04,-0.55,307.53,12.63,9.95,-0.08,-0,-0.32,4.09,32.2,4.12,12.36,-0.18,0.04,0.66
0.7542,0,-0.021,0.04,0.03,1,196.26,-5.22,3.18,-0.05,0,0.04,4.09,-0.46,15.11,-0.31,0.14,0.06,1.03
0.7557,4,0.915,-0.06,0.11,-0.38,327.72,9.17,-10.99,-0.09,0.01,-0.29,4.05,6.56,11.6,-21.82,-0.17,-0.2,0.66
0.8106,5,-0.863,-0.06,-0.12,-0.49,74.03,8.82,12.58,-0.06,-0.01,0.03,4.09,8.54,-3.81,-4.43,-0.19,0.28,0.97
0.8122,6,-0.993,0.09,0.03,0.07,6.28,-4.56,-9.96,-0.14,-0.01,0.03,4.06,-16.63,54.47,1.98,-0.04,-0.18,1.01
0.8158,7,0.904,0.06,-0.11,0.41,62.44,-14.48,0.88,0.01,-0,0,0,2.75,2.29,0.31,0.25,0.01,0.97
0.8182,3,0.679,-0.1,0.07,0.72,107.34,13.77,-2.6,-0.07,0.03,-0.26,4.06,-11.29,18.16,-46.08,-0.2,0.04,0.71
0.8445,1,-0.011,-0.05,0.04,1,195.52,6.23,4.71,-0,0.01,0.02,4.09,-0.61,0.76,-0.76,-0.1,0.1,1
0.8462,2,0.829,0.15,0.04,-0.54,309.51,13.15,12.31,-0.02,0.04,-0.29,4.09,0.15,9.31,28.38,-0.13,0.13,0.7
0.8521,0,-0.021,0.03,0.03,1,196.37,-3.07,3.22,-0.04,0,0.07,4.09,-0.61,35.25,0,0.09,0.05,1.07
0.8541,4,0.908,-0.04,0.11,-0.4,325.59,9.87,-9.94,-0.06,0.03,-0.21,4.05,17.7,11.75,-9.61,-0.15,-0.19,0.74
0.9396,5,-0.862,-0.06,-0.12,-0.49,73.98,8.56,13.41,-0.09,-0,-0.01,4.09,8.24,-3.66,9.77,-0.2,0.31,0.93
0.9411,6,-0.992,0.1,0,0.08,4.42,-0.95,-10.91,0.14,0.04,-0.09,4.06,-3.81,10.99,-11.14,0.18,-0.18,0.87
0.9446,7,0.905,0.06,-0.11,0.41,62.44,-14.16,1.21,0.04,0.01,-0,0,6.1,4.73,-1.22,0.26,-0.02,0.96
0.946,3,0.726,-0.12,0.06,0.67,99.18,14.5,-5.17,0.04,-0.08,-0.12,4.06,9.92,8.09,-112.46,-0.13,-0.13,0.89
0.9496,1,-0.009,-0.06,0.04,1,195.37,6.61,4.73,0.02,0.03,0.03,4.09,-1.07,2.59,-3.36,-0.15,0.11,1.02
0.9515,2,0.847,0.15,0.04,-0.51,313.78,13.01,12.95,-0.06,0.01,-0.13,4.09,-7.78,5.04,87.28,-0.22,0.14,0.86
0.956,0,-0.024,-0.02,0.03,1,196.79,1.8,2.99,-0.09,0,0.02,4.09,-2.9,65.92,0,0.05,0.06,1.02
0.9574,4,0.908,-0.03,0.12,-0.4,325.47,10.72,-8.82,-0.03,0.07,-0.06,4.05,-3.05,4.27,14.5,-0.16,-0.22,0.92
1.0416,5,-0.859,-0.07,-0.12,-0.49,74.61,8.29,14.34,-0.08,0.01,-0.07,4.09,3.05,-2.14,4.58,-0.19,0.29,0.85
1.0431,6,-0.992,0.09,0,0.09,4.02,-0.93,-10.52,-0.14,0.13,-0.03,4.06,10.07,-15.11,34.48,-0.13,-0.33,0.94
1.0483,7,0.904,0.06,-0.1,0.41,62.63,-13.73,1.68,0.08,0.04,0.01,0,9.61,6.41,9,0.26,-0.05,0.99
1.051,3,0.775,-0.13,0.05,0.62,90.12,13.82,-7.96,0.07,-0.01,-0.06,4.06,-4.43,3.81,-83.31,-0.21,-0.19,0.89
1.0557,1,-0.007,-0.07,0.04,1,195.23,8.11,4.75,0.03,0.02,0.07,4.09,2.14,26.55,-1.98,-0.18,0.11,1.05
1.0573,2,0.893,0.16,0.03,-0.42,325.02,11.06,14.66,0.08,0.05,-0.02,4.09,-7.63,12.05,123.29,-0.1,0.27,0.96
1.0626,0,-0.022,-0.08,0.02,1,196.85,9.55,2.93,-0.03,0.02,-0.02,4.09,-0.15,107.57,-9,-0.15,0.06,0.95
1.0644,4,0.918,-0.03,0.12,-0.38,328.66,11.5,-8.98,0.01,0.02,0.04,4.05,-11.75,0.76,59.97,-0.19,-0.15,1.01
1.1347,5,-0.86,-0.07,-0.12,-0.49,74.49,7.99,14.22,-0.11,0.01,-0.23,4.09,-6.41,-4.12,-8.09,-0.19,0.27,0.7
1.1368,6,-0.994,0.09,0,0.07,6.27,-1.07,-10.17,-0.16,-0.14,0.07,4.06,-2.75,12.97,-8.85,-0.07,-0.07,1
1.1417,7,0.907,0.07,-0.09,0.41,61.92,-12.33,2.94,-0.07,-0.01,0.05,0,18.92,20.29,-28.84,0.18,0.1,1.02
1.1432,3,0.826,-0.14,0.03,0.55,79.8,11.8,-11.11,0.02,-0.04,0.03,4.06,-4.73,0.15,-96.13,-0.18,-0.21,0.97
1.148,1,-0.006,-0.1,0.04,0.99,195.18,10.92,5.15,-0,-0.02,-0.08,4.09,2.29,26.25,-0.61,-0.17,0.06,0.89
1.1512,2,0.927,0.16,0.03,-0.34,335.18,8.95,16.35,0.06,0.07,0.02,4.09,-0.92,5.34,90.79,-0.06,0.25,0.98
1.1578,0,-0.011,-0.2,0.02,0.98,195.91,23.05,2.59,-0.08,-0.03,-0.14,4.09,-0.46,158.54,-16.48,-0.3,0.02,0.81
1.1594,4,0.927,-0.03,0.13,-0.35,331.77,13.06,-8.78,0.09,-0.04,0.07,4.05,-2.29,20.9,-15.26,-0.2,-0.05,1.04
1.221,5,-0.87,-0.06,-0.11,-0.48,72.36,7.98,12.63,-0.11,0.02,-0.23,4.09,-19.99,-2.29,-28.08,-0.18,0.25,0.71
1.2225,6,-0.993,0.09,0,0.08,4.61,-0.85,-9.72,-0.15,0.18,0.06,4.06,7.02,-7.78,14.8,-0.1,-0.38,1.02
1.2277,7,0.915,0.08,-0.06,0.39,59.9,-10.01,5.66,-0.04,-0.01,0,0,15.87,15.26,-10.38,0.17,0.16,0.98
1.2292,3,0.861,-0.14,0.02,0.49,72.22,9.1,-12.75,0.04,-0.01,0.09,4.06,2.75,-13.89,-58.59,-0.15,-0.28,1.04
1.2528,1,-0.003,-0.12,0.04,0.99,195.02,13.56,5.02,-0.13,0.06,-0.18,4.09,-4.88,30.52,-15.56,-0.05,0.12,0.8
1.2546,2,0.95,0.16,0.01,-0.27,343.38,6.41,17.34,0.17,0.02,0.13,4.09,-3.66,-0.76,59.2,0.03,0.43,1.07
1.26,0,0.009,-0.37,0.01,0.93,193.6,42.83,1.55,-0.01,-0.02,-0.2,4.09,2.75,177.46,-23.96,-0.54,-0,0.6
1.2615,4,0.91,-0.02,0.15,-0.39,326.85,15.23,-9.41,0.12,0.08,0.13,4.05,6.71,30.52,-66.83,-0.15,-0.17,1.14
1.3097,5,-0.882,-0.05,-0.11,-0.46,69.68,8.61,10.4,-0.05,-0,-0.19,4.09,-16.02,2.9,-19.99,-0.15,0.19,0.78
1.3112,6,-0.993,0.09,0,0.08,4.54,-0.84,-9.92,-0.04,-0.02,-0.04,4.06,-2.44,-4.88,1.37,-0.02,-0.14,0.94
1.3416,7,0.922,0.08,-0.05,0.37,57.62,-9.09,6.87,-0.05,-0.02,0,0,3.81,2.29,-36.01,0.13,0.15,0.97
1.3433,3,0.885,-0.12,0,0.45,66.93,6.79,-12.67,0.13,0.1,0.27,4.06,12.05,-14.65,-28.84,-0.16,-0.42,1.21
1.3486,1,0.01,-0.15,0.04,0.99,193.65,17.04,4.96,-0.17,-0.04,0.01,4.09,5.49,45.93,-12.36,-0.13,0.04,1.03
1.3521,2,0.959,0.16,0.01,-0.23,347.47,4.96,17.86,-0.03,0.05,0.22,4.09,9.92,1.07,42.88,-0.13,0.32,1.17
1.3572,0,0.017,-0.5,0.02,0.86,192.76,60.25,1.63,-0.1,-0.02,-0.11,4.09,6.26,158.08,-4.27,-0.73,-0.01,0.52
1.3587,4,0.891,-0.01,0.17,-0.42,322.11,16.88,-10.19,0.04,0.02,0.27,4.05,1.68,-0.46,9.16,-0.34,-0.18,1.21
1.4266,5,-0.894,-0.03,-0.11,-0.43,66.45,9.68,8.2,0.05,-0.02,-0.06,4.09,-14.34,10.99,-25.33,-0.11,0.11,0.94
1.4282,6,-0.993,0.09,0.01,0.08,5.39,-1.65,-9.87,-0.15,0.06,0.11,4.06,-7.17,-4.12,4.12,-0.13,-0.25,1.07
1.4318,7,0.932,0.08,-0.05,0.35,54.54,-8.39,7.15,-0.04,0.06,-0.03,0,2.14,-1.53,-17.24,0.06,0.11,0.98
1.4333,3,0.892,-0.12,-0.01,0.44,65.6,5.17,-12.34,-0.01,0.04,0.23,4.06,-2.14,-0.46,-18.77,-0.15,-0.22,1.17
1.4386,1,0.017,-0.2,0.05,0.98,193.2,22.78,5.62,-0.17,-0.06,-0.01,4.09,10.07,74.16,-3.97,-0.23,-0.01,0.99
1.4401,2,0.966,0.17,-0,-0.2,351.54,3.48,19.08,0.05,-0.01,0.23,4.09,-5.8,-11.14,-0.31,-0.05,0.43,1.15
1.4587,0,0.018,-0.61,0.02,0.79,193.94,75.82,3.29,-0,0.01,-0.11,4.09,-0.92,143.13,-3.51,-0.87,0.02,0.21
1.4603,4,0.868,-0.02,0.18,-0.46,316.21,17.52,-12.15,0.19,-0.28,0.46,4.05,3.36,55.54,-179.9,-0.55,-0.02,1.35
1.5486,5,-0.902,-0.01,-0.11,-0.42,64.31,11.03,7.07,0.02,-0.04,-0,4.09,-4.43,11.44,-16.78,-0.16,0.14,1
1.5519,6,-0.993,0.09,0.01,0.07,5.97,-1.75,-10.14,-0.09,0.08,0.11,4.06,-9.92,5.04,11.44,-0.04,-0.28,1.08
1.5558,7,0.934,0.09,-0.04,0.35,54.11,-7.93,7.56,-0.18,-0.12,0.11,0,15.72,8.24,24.26,0.1,0.33,1.07
1.5574,3,0.899,-0.12,-0.01,0.42,63.77,4.16,-12.74,-0.06,-0.04,0.1,4.06,4.88,-6.56,-6.56,-0.09,-0.2,1.11
1.5617,1,0.014,-0.26,0.06,0.96,194.41,30.25,7.44,-0.17,0,0.05,4.09,13.28,71.72,-3.66,-0.34,0.08,1.01
1.5633,2,0.963,0.16,-0.01,-0.22,348.98,3.37,17.83,-0.1,0.09,0.17,4.09,-8.39,-3.81,-9.61,-0.13,0.24,1.11
1.5674,0,0.015,-0.71,0.03,0.71,282,89.12,91.22,-0.02,0,-0.04,4.09,-1.68,134.58,-0.76,-0.97,0,-0
1.5694,4,0.768,-0.03,0.22,-0.6,295.01,17.1,-18.77,-0.37,0.08,0.22,4.05,-5.19,29.91,-25.79,-0.41,-0.55,0.96
1.6617,5,-0.909,-0.01,-0.12,-0.4,62.22,12.31,6.42,0.06,0.06,0.11,4.09,-8.39,12.21,-2.9,-0.24,0.04,1.12
1.6632,6,-0.995,0.09,0.01,0.05,8.03,-1.54,-10.05,0.03,-0.1,-0,4.06,2.75,-5.65,8.09,0.01,-0.08,1.03
1.667,7,0.929,0.09,-0.04,0.36,55.46,-7.75,8.2,-0.03,0.01,-0.02,0,-7.17,-2.29,0,0.08,0.16,0.96
1.6697,3,0.903,-0.1,-0.02,0.42,63.36,3.19,-11.62,-0.08,-0.14,0.11,4.06,17.7,-9,-6.56,0.01,-0.18,1.1
1.6745,1,0.013,-0.32,0.07,0.95,195.42,36.9,8.87,-0.11,0.01,-0.02,4.09,8.54,70.34,-7.63,-0.5,0.13,0.83
1.6759,2,0.961,0.15,0,-0.23,347.52,4.37,16.64,-0.1,-0.03,0.25,4.09,-13.43,20.29,-12.97,-0.19,0.29,1.15
1.6794,0,0.013,-0.78,0.02,0.62,8.9,77.15,177.86,0.07,-0.03,0.11,4.09,-0.31,118.71,-7.93,-1.06,-0.04,-0.32
1.6808,4,0.745,-0.02,0.23,-0.63,290.73,18.59,-19.88,0.01,0.37,-0.02,4.05,8.39,-18.62,75.84,-0.06,-0.17,1.04
1.7557,5,-0.895,0,-0.14,-0.43,65.79,14.05,6.66,0.2,0.08,0.2,4.09,-12.82,27.31,79.8,-0.21,0.02,1.23
1.7571,6,-0.995,0.09,0.01,0.05,8.14,-1.59,-10.2,0.02,-0.04,-0.02,4.06,3.51,-1.53,7.32,0.04,-0.14,0.97
1.7607,7,0.931,0.09,-0.04,0.35,55,-8.22,7.83,0.03,0.04,-0.09,0,-12.66,-5.04,22.58,0.17,0.06,0.89
1.7623,3,0.903,-0.09,-0.01,0.42,63.61,2.98,-10.21,-0.12,-0.06,-0.03,4.06,0.31,0.15,4.27,-0.09,-0.04,0.97
1.7663,1,0.016,-0.37,0.07,0.93,195.99,42.98,9.92,-0.05,0.04,-0.05,4.09,5.49,48.52,-5.49,-0.61,0.17,0.7
1.768,2,0.963,0.14,0.01,-0.23,348.14,5.31,15.78,0.16,-0.12,0.11,4.09,1.22,-12.97,-36.93,-0.05,0.46,1.04
1.7733,0,0.014,-0.84,0.02,0.55,11.68,66.52,-179.57,0.04,0.01,0.17,4.09,-1.98,84.53,-4.43,-1.06,0.01,-0.52
1.7749,4,0.741,-0.02,0.23,-0.63,289.98,18.05,-19.4,0.04,0.22,0.06,4.05,5.95,-24.26,-10.68,-0.29,-0.07,1.01
1.8508,5,-0.869,0.02,-0.15,-0.47,71.98,15.88,6.84,0.09,-0.05,0.34,4.09,-11.29,10.22,54.78,-0.29,0.1,1.3
1.8525,6,-0.995,0.08,0.01,0.05,8.86,-1.78,-9.37,-0.06,0.09,0.01,4.06,0.15,6.41,-3.36,0.04,-0.28,0.92
1.8566,7,0.933,0.08,-0.05,0.35,54.35,-8.74,6.95,0.07,0.05,-0.07,0,-1.07,-2.44,31.28,0.16,0.03,0.92
1.8581,3,0.9,-0.09,-0.02,0.43,64.63,2.52,-10.18,-0.11,0.03,0.16,4.06,-12.21,-7.17,23.35,-0.15,-0.15,1.19
1.8616,1,0.015,-0.4,0.08,0.91,197.07,47.36,11.11,-0.03,0.02,0,4.09,0.46,36.77,-4.27,-0.71,0.14,0.66
1.8631,2,0.956,0.14,0,-0.26,344.8,4.54,15.74,0.06,0.01,0.02,4.09,-3.66,-25.94,-41.5,-0.04,0.31,1.01
1.8667,0,0.014,-0.87,0.01,0.49,12.99,59.13,-178.8,0.01,0.06,0.2,4.09,-3.97,48.07,-10.22,-0.99,0.04,-0.63
1.8694,4,0.728,-0.03,0.2,-0.65,287.64,14.85,-18.72,0.43,0.2,-0.03,4.05,21.21,-27.31,-45.93,-0.19,-0.07,1.12
1.9646,5,-0.85,0.01,-0.15,-0.5,76.46,15.47,8.11,0.07,0.07,0.24,4.09,4.73,-7.32,23.65,-0.36,0.08,1.22
1.9663,6,-0.996,0.08,0.01,0.03,10.31,-1.94,-9.56,-0.12,-0.06,0.02,4.06,4.73,0.61,11.14,-0.09,-0.13,1.02
1.972,7,0.93,0.08,-0.05,0.35,55.22,-9.09,6.84,-0.02,-0.07,0.05,0,10.38,-1.98,29.91,0.2,0.17,1.01
1.9735,3,0.879,-0.1,-0.03,0.47,69.62,2.47,-11.96,-0.21,0.05,0.16,4.06,-34.64,-1.98,57.98,-0.2,-0.16,1.11
1.977,1,0.01,-0.42,0.07,0.9,198.01,50.17,11.25,-0.02,-0.01,0.02,4.09,-10.38,18.01,2.29,-0.77,0.13,0.66
1.9785,2,0.943,0.15,-0.02,-0.3,339.53,2.95,17.36,-0.11,0.06,0.28,4.09,49.74,-28.69,-53.56,-0.12,0.26,1.25
1.9821,0,0.018,-0.88,-0,0.47,15.87,55.75,-176.69,-0.03,-0.05,0.12,4.09,-2.29,20.14,-18.62,-0.93,-0.09,-0.6
1.9834,4,0.723,-0.05,0.18,-0.66,286.97,11.28,-18.72,0.02,0.03,0.25,4.05,-10.22,-45.62,29.3,-0.2,-0.42,1.19
2.0361,5,-0.827,0.01,-0.16,-0.54,81.64,15.73,9.43,-0.02,-0.44,0.08,4.09,10.68,8.09,-2.9,-0.02,0.12,1.04
2.0379,6,-0.996,0.09,0.01,0.03,10.93,-1.5,-10.01,0.03,0.03,-0.05,4.06,0.46,-1.07,10.68,0.03,-0.2,0.95
2.0429,7,0.926,0.09,-0.05,0.36,56.2,-9.45,7.12,-0.08,-0.04,0.07,0,4.43,-5.04,1.22,0.12,0.23,1.07
2.0443,3,0.851,-0.14,-0.05,0.5,74.78,3.17,-17.23,0.04,0.03,0.08,4.06,-78.43,4.12,96.59,-0.09,-0.29,1.01
2.0668,1,0.002,-0.44,0.06,0.9,198.98,51.74,10.62,0.05,-0.04,0,4.09,-3.66,2.44,3.66,-0.81,0.07,0.61
2.0688,2,0.927,0.18,-0.05,-0.32,336.03,1.87,21.87,0.03,0.03,-0,4.09,57.53,-24.26,-18.16,0.03,0.4,0.95
2.0742,0,0.015,-0.89,-0.01,0.46,17.09,54.8,-176.46,-0,-0.03,0.15,4.09,-10.22,-1.07,-4.88,-0.94,-0.08,-0.65
2.0758,4,0.742,-0.08,0.17,-0.64,290.69,8.8,-19.73,0.35,-0.11,0.05,4.05,-9.92,-29.45,25.63,-0.2,0.01,1.07
2.1542,5,-0.828,0.01,-0.16,-0.54,81.24,16.48,9.38,-0.03,0.09,0.09,4.09,-0.46,10.22,-12.21,-0.31,0.27,1.03
2.1557,6,-0.996,0.09,0.01,0.02,11.68,-1.02,-10.12,0.06,-0.06,-0.1,4.06,0.92,9.77,-5.65,0.06,-0.13,0.9
2.1594,7,0.92,0.1,-0.05,0.38,57.79,-9.18,8.3,0.07,-0.1,-0.1,0,6.71,9,0.76,0.28,0.11,0.83
2.1609,3,0.822,-0.19,-0.07,0.53,78.65,4.78,-23.6,0.28,0.04,0.18,4.06,-80.72,-8.39,43.33,-0,-0.75,0.98
2.1649,1,-0.001,-0.44,0.06,0.9,199.34,51.57,10.61,-0.08,-0.01,0.02,4.09,-2.75,-10.22,1.22,-0.75,0.11,0.69
2.1706,2,0.908,0.22,-0.08,-0.35,332.38,-0.02,27.26,0.16,-0.13,0.2,4.09,61.49,-46.08,-72.02,0.03,0.74,1.01
2.176,0,0.013,-0.88,-0.02,0.47,18.19,55.51,-176.12,-0.04,0.1,0.01,4.09,2.75,-13.43,-17.24,-0.86,0.04,-0.53
2.1778,4,0.749,-0.09,0.17,-0.63,292.16,7.9,-20.78,-0.04,-0.05,0.28,4.05,-24.41,-6.26,-5.49,-0.25,-0.47,1.19
2.2467,5,-0.826,0.02,-0.17,-0.54,81.53,17.17,9.14,0.16,-0.15,0.16,4.09,-21.21,5.04,5.34,-0.17,0.03,1.19
2.2483,6,-0.995,0.09,0,0.03,10.47,-0.46,-10.54,-0.03,0.09,-0.03,4.06,-4.58,10.22,-0.31,-0.01,-0.23,0.92
2.2523,7,0.921,0.1,-0.05,0.37,57.59,-9.05,8.44,-0.09,0.08,0.03,0,11.9,-0.76,26.55,0.04,0.18,1.04
2.2541,3,0.743,-0.27,-0.1,0.61,89.59,9.67,-32.03,-0.19,-0.03,0.14,4.06,-98.11,4.27,128.48,-0.23,-0.42,1.01
2.2576,1,-0.007,-0.43,0.05,0.9,199.56,50.82,9.58,0.01,-0.02,-0,4.09,-12.97,-10.83,4.12,-0.78,0.08,0.62
2.259,2,0.864,0.27,-0.12,-0.41,323.64,0.47,34.24,-0.14,0.1,0.12,4.09,95.52,-37.84,-56,0.02,0.54,0.98
2.2787,0,0.018,-0.88,-0.02,0.48,20.15,57.09,-174.36,-0.01,-0.04,0.13,4.09,-3.66,-26.7,1.07,-0.95,-0.09,-0.59
2.2802,4,0.742,-0.13,0.19,-0.63,291.78,7.15,-25.55,-0.1,-0.02,0.31,4.05,-68.51,1.37,2.29,-0.13,-0.57,1.1
2.3576,5,-0.812,0.03,-0.16,-0.56,84.43,16.54,7.63,0.06,-0.01,0.18,4.09,-25.33,-17.7,45.78,-0.31,0.02,1.09
2.3591,6,-0.995,0.09,-0,0.03,10.8,-0.12,-10.49,-0.22,0.05,0.12,4.06,3.2,14.04,12.51,-0.18,-0.25,1.02
2.3627,7,0.917,0.1,-0.04,0.39,59.03,-8.57,8.73,0.11,-0.04,-0.11,0,-2.14,6.1,8.7,0.21,0.09,0.89
2.364,3,0.676,-0.34,-0.13,0.64,95.61,14.81,-40.32,-0.14,-0.01,-0,4.06,-83.01,-4.43,53.41,-0.28,-0.52,0.82
2.3679,1,-0.014,-0.42,0.05,0.91,200.24,49.23,9.51,-0.02,0,-0.04,4.09,-7.78,-20.6,8.39,-0.71,0.1,0.63
2.3696,2,0.813,0.33,-0.17,-0.45,316.44,0.69,43.29,0.01,0.07,0.23,4.09,81.33,-44.25,-97.2,0.03,0.78,0.93
2.3731,0,0.012,-0.86,-0.02,0.5,19.93,60.45,-174.98,0.04,0.02,0.08,4.09,-2.44,-47.15,1.68,-0.93,-0.04,-0.54
2.3746,4,0.738,-0.16,0.24,-0.61,292.28,9.06,-32.75,-0.23,0.18,0.21,4.05,-78.74,25.79,38.45,-0.13,-0.96,0.92
2.4517,5,-0.765,0.03,-0.13,-0.63,93.89,13.26,7.07,0.05,-0.12,0.23,4.09,-17.7,-13.89,127.11,-0.15,0.13,1.21
2.4532,6,-0.996,0.09,-0.01,0.03,10.45,0.4,-10.1,-0.21,0.12,0.12,4.06,4.12,4.73,11.44,-0.21,-0.33,1.06
2.4569,7,0.912,0.1,-0.04,0.4,60.34,-8.39,9.04,-0.03,-0.02,-0.01,0,-0.92,11.14,1.83,0.14,0.18,0.95
2.4583,3,0.609,-0.39,-0.16,0.68,101.67,19.34,-46.03,-0.14,-0.02,-0.02,4.06,-66.83,-16.63,85.6,-0.32,-0.56,0.73
2.4622,1,-0.024,-0.4,0.05,0.92,200.92,46.57,8.97,-0.05,0,-0.01,4.09,-11.44,-32.5,10.99,-0.68,0.11,0.71
2.4638,2,0.759,0.36,-0.19,-0.5,308.82,4.22,48.67,-0.11,-0.02,-0.01,4.09,45.62,-24.57,-51.88,-0.13,0.69,0.7
2.4675,0,0.008,-0.84,-0.02,0.55,20.55,66.18,-174.63,0.02,-0,0,4.09,-3.51,-61.95,3.51,-0.93,-0.01,-0.42
2.4689,4,0.731,-0.19,0.31,-0.58,292.44,13.9,-41.04,0.11,-0.09,-0.03,4.05,-70.65,39.83,16.02,-0.25,-0.42,0.76
2.5558,5,-0.705,0.02,-0.11,-0.7,104.37,9.9,7.38,0.39,-0.15,0.09,4.09,-20.45,-12.66,123.14,-0.06,-0.21,1.15
2.5574,6,-0.995,0.09,-0.01,0.04,9.64,0.64,-10.06,-0.01,0.01,-0.07,4.06,-0.61,-0.76,-22.74,-0.02,-0.17,0.92
2.5609,7,0.912,0.1,-0.03,0.4,60.39,-8.03,9.24,-0.1,0.03,0.06,0,5.19,-1.98,-1.22,0.05,0.23,1.04
2.5623,3,0.544,-0.41,-0.17,0.71,108.3,23.57,-48.97,-0.05,0.09,-0.04,4.06,-35.71,-12.66,91.09,-0.46,-0.57,0.57
2.5658,1,-0.031,-0.37,0.04,0.93,201.2,43.35,8.37,-0.08,-0.01,0,4.09,-5.65,-33.26,3.2,-0.61,0.08,0.78
2.5674,2,0.722,0.4,-0.2,-0.53,305.51,7.89,52.56,-0.03,-0.05,-0.15,4.09,31.74,4.88,-40.28,-0.19,0.66,0.49
2.5712,0,0.004,-0.81,-0.02,0.59,21.55,72.29,-173.93,0.02,-0.04,-0.01,4.09,-5.49,-72.33,2.44,-0.94,-0.06,-0.32
2.5726,4,0.713,-0.22,0.37,-0.56,290.61,16.51,-48.3,-0.12,0.05,-0.13,4.05,-76.29,29.91,-9,-0.24,-0.74,0.47
2.6708,5,-0.645,0.01,-0.09,-0.76,113.81,7.44,7.88,-0.07,0.07,0.3,4.09,17.24,-17.55,77.06,-0.29,0.28,1.29
2.6724,3,0.481,-0.44,-0.15,0.74,114.01,30.77,-48.75,-0.18,0.04,-0.23,4.06,9.92,9.92,94.15,-0.41,-0.36,0.58
2.676,7,0.913,0.1,-0.03,0.39,60.18,-7.42,9.12,-0.02,-0.02,0.07,0,-6.41,-1.68,-28.08,0.13,0.2,1.03
2.6775,6,-0.995,0.08,0,0.06,7.66,-0.9,-9.54,-0.12,0.03,0.05,4.06,3.36,-2.75,-23.19,-0.1,-0.23,1.03
2.6811,1,-0.03,-0.34,0.05,0.94,200.67,39.51,8.15,-0.06,-0.07,-0.03,4.09,1.83,-44.1,1.68,-0.58,0.03,0.78
2.6825,2,0.697,0.42,-0.18,-0.55,304.06,12.84,53.69,-0.06,-0.14,-0.07,4.09,-10.99,33.11,-78.74,-0.36,0.67,0.51
2.6862,0,-0.003,-0.77,-0.02,0.64,22.94,79.63,-173.02,-0.08,0,0.1,4.09,-9,-84.08,9.31,-1.1,-0,-0.11
2.6876,4,0.688,-0.26,0.42,-0.53,288.78,18.17,-57.64,-0.17,-0.16,-0.07,4.05,-110.47,18.16,4.73,-0.43,-0.79,0.29
2.7543,5,-0.631,-0.03,-0.11,-0.77,115.69,5.6,12.07,-0.91,-0.13,0.25,4.09,56.92,-20.75,-129.39,0.18,0.87,1.16
2.7562,6,-0.993,0.08,0.01,0.08,5.18,-1.85,-9.57,-0.04,0.01,-0.04,4.06,0.46,-6.56,-15.26,-0.02,-0.17,0.93
2.7606,7,0.916,0.09,-0.03,0.39,59.62,-6.97,8.77,-0.01,-0.02,0.03,0,-8.39,-6.87,-9.77,0.07,0.24,1.05
2.7621,3,0.437,-0.45,-0.08,0.78,120.27,38.91,-41.01,-0.22,0.14,-0.23,4.06,90.79,18.62,75.23,-0.54,-0.12,0.54
2.7658,1,-0.035,-0.3,0.05,0.95,200.66,35,7.77,-0.2,0.04,0.08,4.09,-12.51,-43.79,4.88,-0.45,0.14,0.97
2.7674,2,0.686,0.43,-0.1,-0.58,303.46,20.95,49.1,-0.07,-0.07,-0.11,4.09,-87.89,52.34,-70.34,-0.4,0.53,0.52
2.7714,0,-0.007,-0.72,-0.02,0.7,53.04,87.77,-143.55,-0.08,0,0.1,4.09,-7.17,-103.91,-1.53,-1.1,-0.03,0.05
2.7729,4,0.65,-0.33,0.48,-0.49,287.83,17.67,-70.32,-0.09,0.09,-0.24,4.05,-137.18,-13.28,13.43,-0.18,-0.67,0.16
2.8619,5,-0.675,-0.05,-0.16,-0.72,108.83,8.18,17.79,-0.11,-0.06,0.04,4.09,70.5,27.77,-82.55,-0.05,0.44,0.93
2.8635,6,-0.992,0.08,0.01,0.1,3.25,-2.62,-9.37,-0.03,0.02,-0.02,4.06,0,-3.2,-23.96,0.03,-0.19,0.95
2.8671,7,0.911,0.09,-0.03,0.4,61.18,-6.99,8.18,0.14,0.02,-0.05,0,-19.38,-35.86,43.49,0.04,0.25,1.08
2.8686,3,0.443,-0.41,0.04,0.8,126.16,43.56,-23.97,-0.3,0.08,-0.2,4.06,151.98,-4.27,30.82,-0.48,-0.03,0.71
2.8724,1,-0.04,-0.26,0.04,0.96,200.65,30.21,6.68,-0.23,0.01,0.1,4.09,-13.28,-60.27,8.39,-0.34,0.1,1.08
2.8739,2,0.694,0.4,0.01,-0.6,302.86,29.62,38.14,-0.11,-0.02,-0.13,4.09,-132.45,63.17,-51.88,-0.46,0.29,0.61
2.8777,0,-0.013,-0.65,-0.03,0.76,187.78,81.07,-9.65,-0.16,0.01,0.01,4.09,-9.92,-121.15,-4.27,-0.95,-0.04,0.33
2.8791,4,0.62,-0.41,0.51,-0.43,290.2,16.66,-81.7,-0,-0.19,-0.35,4.05,-102.08,-20.75,-56.15,-0.34,-0.58,0.09
2.9457,5,-0.703,-0.07,-0.24,-0.67,104.31,14.41,25.07,-0.02,-0.02,0.06,4.09,79.19,50.66,-21.21,-0.37,0.39,0.83
2.9473,6,-0.99,0.08,0.02,0.11,1.17,-3.76,-9.16,0.13,0.01,-0.06,4.06,1.37,-12.05,-17.09,0.19,-0.13,0.93
2.9512,7,0.905,0.09,-0.04,0.42,62.9,-8.08,7.21,0.01,0.13,-0.02,0,-9.31,-2.44,63.32,0,0.04,0.97
2.9528,3,0.477,-0.34,0.15,0.8,129.54,42.73,-6.97,-0.25,-0.16,-0.18,4.06,139.77,-35.55,40.44,-0.38,0.06,0.78
2.9567,1,-0.045,-0.22,0.03,0.97,200.56,25.23,5.42,-0.18,-0.04,-0.06,4.09,-9.16,-51.12,7.32,-0.24,0.03,0.92
2.9583,2,0.71,0.34,0.15,-0.6,301.61,37.86,22.95,-0.08,0.05,-0.15,4.09,-122.99,52.64,-62.87,-0.5,0.17,0.67
2.9656,0,-0.021,-0.57,-0.03,0.82,193.4,69.94,-5.05,-0.14,-0.04,-0.11,4.09,-10.07,-128.17,5.65,-0.77,-0.08,0.48
2.9676,4,0.598,-0.46,0.53,-0.38,292.79,16.22,-89.55,0.05,-0.15,-0.59,4.05,-49.44,-4.58,-66.83,-0.07,-0.69,0.04
3.0758,5,-0.707,-0.08,-0.32,-0.63,103.21,19.98,33.15,-0.14,0.07,-0.08,4.09,95.98,38.6,-17.55,-0.41,0.6,0.63
3.0773,6,-0.988,0.08,0.04,0.12,0.21,-5.62,-8.38,0.17,-0.03,-0.02,4.06,3.97,-16.02,-14.95,0.28,-0.04,0.96
3.0816,7,0.9,0.08,-0.05,0.43,64.16,-8.83,6.04,0,0.04,-0.02,0,-2.75,-8.09,57.53,0.11,0.07,0.96
3.0832,3,0.476,-0.26,0.23,0.81,136.33,39.81,9.13,-0.21,-0.04,-0,4.06,90.64,-38.91,19.23,-0.52,0.28,0.81
3.0876,1,-0.046,-0.18,0.03,0.98,200.26,20.03,4.55,-0.17,0.05,0.07,4.09,-4.58,-46.23,-1.07,-0.2,0.11,1.06
3.0894,2,0.705,0.29,0.23,-0.6,296.89,42.61,10.19,-0.12,0.09,-0.17,4.09,-85.3,1.83,-16.94,-0.53,-0,0.66
3.0935,0,-0.033,-0.49,-0.03,0.87,197.12,58.69,-2.24,-0.13,0.06,-0.08,4.09,-2.14,-121.61,6.26,-0.7,0.02,0.62
3.0949,4,0.572,-0.5,0.54,-0.37,293.1,14.17,-94.42,-0.09,-0.35,-0.35,4.05,-38.6,32.35,-71.11,-0.14,-0.87,-0.18
3.1686,5,-0.701,-0.12,-0.4,-0.58,103.39,25.28,44.17,-0.09,0.16,-0.32,4.09,133.51,38.45,-24.72,-0.44,0.46,0.32
3.1704,6,-0.985,0.07,0.06,0.14,358.05,-8.04,-7.25,0.07,0.03,0.05,4.06,4.73,-18.31,-16.48,0.26,-0.1,1.05
3.1745,7,0.898,0.07,-0.05,0.43,64.81,-9.25,4.8,-0.13,0.01,0.03,0,-8.09,-5.65,20.45,0.08,0.16,1.02
3.176,3,0.492,-0.2,0.28,0.8,136.8,36,17.95,-0.16,-0.06,-0.01,4.06,89.87,-45.62,21.06,-0.48,0.4,0.83
3.1805,1,-0.043,-0.14,0.03,0.99,199.52,15.8,3.82,-0.16,-0.02,-0.05,4.09,-7.78,-33.26,-3.2,-0.12,0.02,0.96
3.1821,2,0.695,0.23,0.28,-0.62,290.08,43.19,-2.01,-0.21,0.02,0.06,4.09,-79.19,-1.37,-36.16,-0.72,-0.23,0.76
3.1861,0,-0.035,-0.39,-0.02,0.92,197.81,46.6,-1.48,-0.21,0.02,-0.13,4.09,2.75,-130.92,0.15,-0.48,-0.02,0.75
3.1877,4,0.554,-0.51,0.54,-0.37,292.16,13.06,-96.87,-0.09,0.18,-0.04,4.05,-0.31,-7.48,27.01,-0.1,-0.87,-0.23
3.2401,5,-0.681,-0.19,-0.48,-0.52,104.15,27.78,58.59,0.03,0.1,-0.28,4.09,148.62,-2.44,14.95,-0.39,0.72,0.2
3.2417,6,-0.984,0.07,0.07,0.15,357.31,-9.21,-6.9,0.03,-0.08,-0.01,4.06,-2.44,0.92,-12.36,0.19,-0.02,0.97
3.2455,7,0.893,0.07,-0.06,0.44,66.24,-9.71,3.94,-0.01,-0,-0.01,0,-3.05,-4.43,23.96,0.15,0.07,0.97
3.247,3,0.506,-0.13,0.32,0.79,136.52,32.42,26.6,-0.2,-0.08,-0.01,4.06,74.92,-46.08,-44.4,-0.35,0.5,0.74
3.2508,1,-0.039,-0.11,0.02,0.99,198.91,12.63,3.07,-0.13,0.03,0.04,4.09,-3.66,-23.19,-5.19,-0.1,0.08,1.04
3.2525,2,0.718,0.2,0.32,-0.58,292.69,43.85,-7.55,0.04,0.07,-0.06,4.09,-71.56,-5.65,35.1,-0.61,-0.08,0.72
3.2634,0,-0.034,-0.3,-0.02,0.95,197.8,35.5,-0.97,-0.3,0,-0.12,4.09,7.17,-111.08,2.59,-0.27,-0.04,0.89
3.265,4,0.564,-0.5,0.54,-0.37,292.6,13.74,-95.33,0.04,-0.25,-0.37,4.05,27.62,2.75,20.9,-0.37,-0.57,0.04
3.3637,5,-0.66,-0.27,-0.53,-0.45,102.77,27.15,71.45,-0.22,-0.38,0.26,4.09,129.7,-19.38,-12.51,-0.3,1.22,0.17
3.3652,6,-0.983,0.07,0.07,0.15,356.76,-9.59,-6.84,-0.01,-0,-0.07,4.06,1.37,-1.98,-0.92,0.14,-0.15,0.92
3.3686,7,0.89,0.07,-0.07,0.45,67.04,-10.24,3.24,0.05,0.06,0.01,0,-4.88,-8.09,10.53,0.16,-0.02,1
3.3701,3,0.558,-0.07,0.35,0.75,129.11,29.73,30.58,0.15,-0.17,-0.17,4.06,60.58,-65.77,0.46,-0.35,0.3,0.77
3.3736,1,-0.034,-0.1,0.02,0.99,198.24,10.88,2.74,-0.02,-0.02,0.01,4.09,4.58,-13.12,2.59,-0.17,0.03,1.01
3.3751,2,0.752,0.16,0.32,-0.55,298.15,41.75,-8.91,-0.03,0.11,-0.21,4.09,-42.57,-47.76,46.69,-0.5,0.12,0.61
3.3786,0,-0.035,-0.24,-0.01,0.97,198.07,27.45,-0.24,-0.41,0.06,-0.01,4.09,5.95,-62.26,3.66,-0.09,0.02,1.08
3.3801,4,0.57,-0.47,0.56,-0.37,289.67,16.78,-94.46,0.12,0.06,-0.13,4.05,13.28,50.35,1.37,-0.12,-0.9,0.01
3.4677,5,-0.635,-0.33,-0.58,-0.39,102.23,28.03,82.6,-0.07,-0.3,-0.03,4.09,94.91,2.9,6.41,-0.14,1,0.04
3.4693,6,-0.983,0.08,0.07,0.15,357.21,-9.74,-7.29,-0.11,0,0.01,4.06,-1.53,-2.29,7.93,0.08,-0.18,0.99
3.4728,7,0.887,0.06,-0.07,0.45,67.91,-9.98,2.91,0.11,-0.02,-0.04,0,1.37,5.34,20.6,0.26,-0.06,0.92
3.4743,3,0.543,-0.02,0.35,0.76,130.77,23.96,34.67,-0.21,0.04,0.24,4.06,17.7,-27.47,0.31,-0.44,0.84,0.82
3.4778,1,-0.036,-0.09,0.02,0.99,198.45,10.44,3.19,-0.03,0.05,0.04,4.09,7.63,4.43,1.98,-0.16,0.1,1.03
3.4793,2,0.751,0.11,0.32,-0.57,295.17,37.05,-13.84,-0.2,0.05,0.16,4.09,-30.67,-32.35,24.57,-0.7,-0.34,0.84
3.483,0,-0.036,-0.2,-0,0.98,198.39,23.11,0.5,-0.28,0.05,-0,4.09,5.95,-15.56,0.46,-0.15,0.04,1.02
3.4844,4,0.559,-0.46,0.56,-0.4,286.59,15.32,-93.09,0.16,0.02,0.09,4.05,24.11,9.61,-3.2,-0.34,-1.06,0.11
3.5797,5,-0.6,-0.38,-0.6,-0.36,103.14,26.19,91.07,-0.1,-0.19,-0.13,4.09,54.02,5.34,15.26,-0.28,0.86,-0.11
3.5813,6,-0.984,0.08,0.08,0.14,358.35,-10.21,-7.75,0.04,-0.01,-0.01,4.06,-0.15,-14.19,1.22,0.21,-0.1,0.98
3.585,7,0.882,0.06,-0.08,0.46,69.16,-10.81,1.73,-0.1,-0.08,0.05,0,-5.65,-0.15,-14.8,0.23,0.07,0.99
3.5864,3,0.576,-0.01,0.35,0.74,125.8,24.76,33.64,0.04,-0.06,-0.09,4.06,-5.49,-3.05,-18.46,-0.34,0.43,0.73
3.5899,1,-0.031,-0.1,0.03,0.99,198.07,11.58,4.09,0.02,0.03,0.07,4.09,6.1,17.09,-3.81,-0.2,0.1,1.03
3.5914,2,0.767,0.1,0.31,-0.55,298.12,35.85,-13.41,0.08,-0.03,0.13,4.09,-2.44,0.15,-20.14,-0.67,-0.16,0.91
3.5961,0,-0.034,-0.19,0,0.98,198.2,22.18,1.18,-0.23,0.02,0.03,4.09,5.49,14.34,-3.66,-0.16,0.02,1.05
3.5982,4,0.578,-0.43,0.57,-0.39,286.64,18.4,-91.3,0.03,-0.2,-0.05,4.05,23.96,-3.66,8.54,-0.4,-0.97,0.15
3.6671,5,-0.597,-0.39,-0.62,-0.33,103.03,28.51,94.11,-0.07,0.26,-0.44,4.09,7.48,-14.8,-8.39,-0.51,0.35,-0.09
3.6685,6,-0.984,0.08,0.09,0.14,359.12,-11.08,-7.75,-0.06,-0.08,0.1,4.06,1.37,-7.93,-5.19,0.14,-0.09,1.09
3.6721,7,0.884,0.05,-0.08,0.46,68.66,-11.11,0.97,0.04,-0.02,-0.01,0,-1.83,3.66,1.37,0.27,-0.07,0.94
3.6736,3,0.572,-0.01,0.34,0.74,126.25,24.18,33.35,0.69,0.07,-0.12,4.06,-48.22,19.53,-6.1,-0.43,-0.18,0.88
3.6781,1,-0.024,-0.12,0.04,0.99,197.35,13.24,4.56,-0.02,0.01,0.03,4.09,3.97,14.34,-5.95,-0.18,0.08,0.98
3.6795,2,0.762,0.1,0.31,-0.56,296.93,35.79,-14.19,-0.28,0.2,0.06,4.09,-4.88,7.63,8.09,-0.47,-0.5,0.8
3.6833,0,-0.03,-0.21,0.01,0.98,197.94,24.33,1.7,-0.22,0.05,0,4.09,4.43,48.68,-4.88,-0.21,0.06,1.01
3.6847,4,0.592,-0.42,0.58,-0.38,287.16,21.66,-90.91,0.03,-0.34,-0.09,4.05,37.99,4.58,-24.87,-0.48,-0.8,0.21
3.7568,5,-0.606,-0.38,-0.61,-0.33,102.12,29.37,93.09,-0,-0.24,-0.14,4.09,-17.4,5.95,90.48,-0.11,1.26,-0.03
3.7584,6,-0.983,0.08,0.09,0.14,359.06,-11.63,-7.68,-0.03,-0.04,0.02,4.06,1.83,-5.04,0.61,0.16,-0.1,1
3.762,7,0.885,0.05,-0.09,0.45,68.34,-11.47,0.4,0.01,0.03,0.09,0,-2.44,-10.07,0.92,0.17,-0.01,1.08
3.7635,3,0.562,-0.01,0.32,0.76,127.4,21.88,31.5,0.18,-0.07,-0,4.06,-12.36,-10.53,46.08,-0.35,0.34,0.86
3.7671,1,-0.02,-0.13,0.04,0.99,196.96,14.84,4.88,-0.15,0,-0.01,4.09,4.73,22.89,-0.61,-0.11,0.08,0.98
3.7688,2,0.764,0.09,0.32,-0.55,297.22,36.08,-15.23,-0.18,0.02,-0.03,4.09,-4.27,-1.22,3.36,-0.55,-0.41,0.68
3.7887,0,-0.03,-0.25,0.01,0.97,198.11,29,1.99,-0.12,0.08,-0.05,4.09,1.53,41.81,2.59,-0.36,0.11,0.87
3.7902,4,0.61,-0.4,0.57,-0.38,288.04,22.78,-87.8,-0.08,0.06,-0.13,4.05,31.59,0,3.36,-0.28,-0.62,0.02
3.8677,5,-0.597,-0.38,-0.62,-0.35,104.32,28.07,92.73,0.16,-0.03,-0.05,4.09,-12.82,16.78,0.76,-0.5,0.85,0.08
3.8693,6,-0.983,0.07,0.1,0.14,359.14,-12.53,-7.07,0.08,0.01,-0.06,4.06,6.71,-9.46,6.1,0.27,-0.1,0.89
3.8728,7,0.885,0.05,-0.09,0.45,68.4,-11.54,0.16,-0.16,0.03,0.04,0,-2.44,-1.98,0.92,0.1,0.13,1.03
3.8742,3,0.558,0.01,0.32,0.77,127.63,19.51,31.96,0.04,-0.13,0.06,4.06,20.14,-15.72,25.48,-0.32,0.47,0.94
3.8779,1,-0.022,-0.14,0.04,0.99,197.33,16.03,5.5,-0.14,-0,-0.01,4.09,1.22,15.11,6.1,-0.13,0.08,0.99
3.8794,2,0.765,0.08,0.33,-0.55,297.23,36.24,-16.93,-0.1,0.04,-0.01,4.09,-15.56,7.17,-29.45,-0.63,-0.3,0.8
3.8832,0,-0.035,-0.28,0.02,0.96,199.2,32.48,3.38,-0.2,0.04,-0.02,4.09,7.32,28.38,7.63,-0.36,0.07,0.93
3.8846,4,0.618,-0.38,0.56,-0.39,287.84,23.53,-85.84,-0.11,-0.05,-0.19,4.05,30.67,0,-10.99,-0.32,-0.68,-0.05
3.9701,5,-0.613,-0.35,-0.61,-0.35,104.24,30.35,90.02,0.15,-0.12,0.17,4.09,-31.13,-15.41,-41.5,-0.54,0.82,0.14
3.9716,6,-0.982,0.07,0.11,0.13,359.45,-13.89,-6.39,0.07,-0.03,-0.06,4.06,8.7,-11.75,-3.2,0.28,-0.06,0.91
3.9752,7,0.882,0.05,-0.09,0.46,69.1,-11.66,-0.06,-0.2,0.01,0.09,0,-3.97,-0.31,-7.17,0.11,0.18,1.09
3.9767,3,0.56,0.02,0.34,0.75,127.49,20.52,35.38,-0.11,-0.07,0.18,4.06,75.23,-7.32,-71.87,-0.31,0.7,0.9
3.9804,1,-0.03,-0.15,0.05,0.99,198.43,17.03,5.99,-0.17,0.02,0.04,4.09,3.36,17.4,10.07,-0.14,0.12,1.03
3.982,2,0.762,0.06,0.35,-0.54,296.25,37.17,-21.16,0.14,0.03,0.1,4.09,-56,17.7,19.23,-0.59,-0.19,0.85
3.9856,0,-0.035,-0.3,0.02,0.95,199.63,34.74,4.25,-0.12,0.07,-0.01,4.09,1.07,11.6,-5.95,-0.45,0.12,0.88
3.9871,4,0.643,-0.35,0.56,-0.39,288.88,25.97,-81.37,0.13,-0.07,-0.06,4.05,49.74,-18.16,65.46,-0.5,-0.68,0.31
4.0738,5,-0.628,-0.33,-0.6,-0.36,103.25,31.37,86.99,-0.17,0.3,-0.03,4.09,-40.13,-5.04,-47.45,-0.54,0.41,0.37
4.0753,6,-0.982,0.07,0.12,0.13,0.19,-15.19,-5.84,-0.05,-0.01,0.03,4.06,4.58,-7.63,10.22,0.24,-0.09,0.99
4.0803,7,0.881,0.04,-0.1,0.46,69.31,-11.91,-0.79,-0.14,-0.09,0,0,-9.61,-1.37,-14.04,0.22,0.16,0.94
4.0818,3,0.598,0.04,0.39,0.7,121.88,23.65,40.41,0.09,-0.2,-0.18,4.06,62.71,-8.09,-47.3,-0.18,0.39,0.71
4.087,1,-0.032,-0.16,0.05,0.99,198.8,18.03,6.65,-0.14,0.06,0.03,4.09,1.22,7.63,-7.48,-0.17,0.17,1.01
4.0888,2,0.767,0.03,0.38,-0.52,297.06,37.93,-26.26,0.21,0,-0.14,4.09,-51.42,-23.5,-13.73,-0.49,-0.12,0.73
4.0929,0,-0.029,-0.31,0.02,0.95,198.81,35.52,4.14,-0.01,-0.07,-0.01,4.09,-6.26,-10.68,-2.75,-0.54,0,0.82
4.0944,4,0.665,-0.31,0.55,-0.4,289.37,28.55,-76.69,0.57,-0.1,0.19,4.05,8.7,43.79,-38.15,-0.59,-0.96,0.94
4.1836,5,-0.632,-0.32,-0.6,-0.37,103.61,31.66,85.57,-0.21,-0.38,0.2,4.09,-14.19,7.63,-67.14,-0.44,0.67,-0.07
4.1851,6,-0.981,0.06,0.13,0.13,0.19,-16.17,-5.1,0.04,-0.04,-0.01,4.06,2.44,-5.65,-8.39,0.27,-0.06,0.94
4.1907,7,0.884,0.04,-0.1,0.45,68.55,-12.68,-1.16,0.04,0.01,-0.08,0,-7.17,-6.26,-1.53,0.22,-0.06,0.88
4.1921,3,0.603,0.04,0.36,0.71,120.93,22.04,36.97,0.71,-0.14,-0.41,4.06,-208.44,10.83,136.26,-0.24,-0.15,0.91
4.196,1,-0.026,-0.16,0.05,0.99,198.16,18.33,6.36,-0.09,-0.05,-0.02,4.09,-3.36,-5.65,-0.46,-0.22,0.07,0.96
4.1975,2,0.761,0.03,0.33,-0.56,294.93,32.7,-22.49,0.56,0.03,-0.33,4.09,197.75,-62.87,-138.55,-0.27,0.17,0.85
4.201,0,-0.025,-0.3,0.02,0.95,198.08,34.27,3.21,-0.16,-0.04,-0.04,4.09,-3.66,-25.48,-5.04,-0.42,0,0.87
4.2024,4,0.606,-0.33,0.63,-0.35,280.72,32.7,-91.38,1.01,0.27,-0.4,4.05,-179.6,92.16,191.65,-0.19,-0.46,0.9
4.2698,5,-0.627,-0.32,-0.58,-0.41,104.91,28.34,82.44,0.16,-0.1,-0.03,4.09,-5.19,10.22,16.63,-0.4,0.85,0.29
4.2713,6,-0.979,0.06,0.14,0.13,359.29,-17.07,-4.53,-0.04,-0.01,-0.03,4.06,2.75,-8.39,-17.09,0.24,-0.08,0.94
4.275,7,0.883,0.04,-0.11,0.45,68.82,-13.47,-2.03,0.02,-0.01,-0.05,0,-6.56,-20.45,10.83,0.23,-0.04,0.93
4.2766,3,0.531,-0.06,0.22,0.82,131.08,19.47,17.52,-0.04,-0.05,0.34,4.06,-278.93,29.3,-5.19,-0.43,0.3,1.2
4.2802,1,-0.029,-0.16,0.05,0.99,198.42,18.11,6.18,-0.03,0,-0.08,4.09,-1.07,-0.46,3.05,-0.28,0.09,0.88
4.2818,2,0.71,0.12,0.18,-0.67,286.5,25.06,-4.47,-0.1,0.11,0.37,4.09,250.7,-64.85,-7.93,-0.48,-0.19,1.26
4.2855,0,-0.024,-0.27,0.01,0.96,197.68,31.64,2.76,-0.11,-0.02,-0.03,4.09,1.07,-36.62,0.46,-0.44,0.02,0.86
4.287,4,0.595,-0.24,0.73,-0.22,268.19,49.91,-107.43,-0.13,-0.11,-0.86,4.05,74.62,-30.98,42.57,-0.17,0.02,-0.23
4.3737,5,-0.623,-0.32,-0.58,-0.42,105.63,26.93,81.3,0.05,-0.03,0.17,4.09,-32.35,-5.49,34.18,-0.46,1.09,0.19
4.3752,6,-0.977,0.06,0.15,0.14,358.6,-18.3,-4.19,-0.02,-0.01,0.01,4.06,3.2,-10.22,1.98,0.3,-0.06,0.96
4.3787,7,0.881,0.03,-0.12,0.46,69.09,-14.35,-3.07,-0,0.02,0.02,0,-10.07,-16.17,-2.44,0.24,-0.06,1
4.3802,3,0.441,-0.18,0.06,0.88,140.1,22.17,-3.01,-0.59,0.05,0.04,4.06,-130.92,36.77,116.27,-0.09,0.57,0.99
4.3837,1,-0.031,-0.16,0.05,0.99,198.64,18.52,6.38,-0.03,0.03,-0.01,4.09,0.46,1.83,0,-0.28,0.13,0.94
4.3851,2,0.679,0.21,0.01,-0.7,284.95,18.04,17.21,-0.4,-0.05,0.09,4.09,195.62,-92.47,-17.09,-0.41,-0.11,1.07
4.3888,0,-0.029,-0.23,0.02,0.97,198.23,26.82,3.37,-0.05,0.01,-0.02,4.09,1.98,-63.78,11.14,-0.4,0.07,0.9
4.3901,4,0.678,-0.24,0.59,-0.36,286.25,39.37,-76.42,-0.06,0.19,-0.6,4.05,272.37,-209.2,-172.12,-0.12,-0.44,0.04
4.4779,5,-0.663,-0.28,-0.56,-0.41,101.8,30.72,75.07,0.16,-0.06,-0.08,4.09,-58.29,-46.69,-142.21,-0.41,0.75,0.41
4.4789,6,-0.976,0.06,0.16,0.14,358.76,-19.28,-3.95,0.01,-0.02,0.12,4.06,1.22,-9.61,3.97,0.37,-0.05,1.05
4.4839,7,0.88,0.03,-0.13,0.46,69.39,-15.11,-4.07,-0.04,-0.02,0.04,0,-4.88,-3.97,-1.83,0.27,-0.03,1.01
4.4859,3,0.431,-0.19,0.03,0.88,140.69,21.15,-6.57,-0.51,0.09,-0.46,4.06,49.13,-72.17,-134.58,0.02,0.31,0.81
4.4909,1,-0.034,-0.17,0.05,0.98,199.04,18.81,6.57,-0.06,0.03,0.01,4.09,-0.76,-4.27,6.1,-0.27,0.14,0.96
4.4929,2,0.674,0.21,-0.1,-0.7,283.79,9.27,24.82,-0.5,0.03,-0.23,4.09,-37.38,-61.95,135.96,-0.09,-0.04,1.01
4.4969,0,-0.024,-0.18,0.03,0.98,197.55,20.63,3.77,-0.28,0.03,-0.04,4.09,5.65,-50.05,-19.23,-0.06,0.08,0.99
4.4979,4,0.755,-0.18,0.31,-0.55,296.27,16.49,-39.47,-0.01,-0.38,-0.05,4.05,347.29,-139.31,-134.74,-0.45,-0.31,0.66
4.5919,5,-0.727,-0.19,-0.57,-0.33,93.66,45.43,67.11,1.21,-0.43,0.43,4.09,66.68,94.6,-139.77,-0.43,0.95,1.62
4.5929,6,-0.976,0.06,0.16,0.13,359.47,-19.68,-4.18,0.09,-0.07,-0.04,4.06,-4.73,-7.02,-0.61,0.32,0.07,0.95
4.5969,7,0.878,0.03,-0.14,0.46,69.66,-15.91,-4.68,-0.09,-0.01,0.05,0,-9.16,-8.24,-15.72,0.24,0.01,1.04
4.5979,3,0.578,-0.08,0.06,0.81,122.98,11.68,0.44,0.4,-0.4,0.35,4.06,55.39,-88.96,-224.91,-0.05,-0.6,1.42
4.6019,1,-0.033,-0.16,0.05,0.98,198.96,18.57,6.9,-0.13,0.07,0.06,4.09,5.04,0,-12.36,-0.22,0.16,1.01
4.6039,2,0.782,0.09,-0.02,-0.62,297.84,4.41,9.61,-0.41,0.18,0.05,4.09,-223.08,47.45,223.08,0.1,0.16,1.24
4.6089,0,-0.002,-0.14,0.03,0.99,194.72,16.01,3.41,-0.26,0.04,-0.06,4.09,3.2,-41.05,-36.47,-0.01,0.11,0.98
4.6099,4,0.651,-0.01,0.04,-0.76,275.27,2.16,-3.93,-2.57,-0.09,1.54,4.05,195.77,107.42,-217.9,0.08,-2.65,1.93
4.6859,5,-0.636,-0.2,-0.71,-0.23,115.14,54.35,98.64,0.48,0.15,-0.72,4.09,114.75,174.71,60.42,-0.25,0.02,0.24
4.6879,6,-0.975,0.06,0.17,0.13,359.55,-20.37,-4.4,-0.02,-0.07,0.1,4.06,-1.98,1.07,-12.97,0.25,-0.02,1.11
4.6929,7,0.883,0.03,-0.15,0.44,68.24,-16.64,-5.25,0.01,0,-0.01,0,-13.28,-9.61,-18.46,0.28,-0.09,0.95
4.6939,3,0.602,-0.07,0.03,0.79,119.49,9.02,-2.22,0.1,-0.1,-0.27,4.06,-11.9,28.84,112.3,-0.02,-0.1,0.7
4.6979,1,-0.018,-0.17,0.05,0.98,197.26,19.02,6.88,-0.11,-0.06,-0.06,4.09,2.75,3.05,-18.62,-0.21,0.04,0.93
4.6989,2,0.8,0.1,-0.03,-0.59,301.72,4.65,11.26,-0.31,0.08,-0.16,4.09,68.21,13.58,-155.18,-0.09,-0.18,0.89
4.7029,0,0.019,-0.1,0.03,0.99,192.23,11.4,3.3,-0.14,-0.06,0.06,4.09,-0.15,-34.48,-7.63,-0.05,0,1.04
4.7049,4,0.728,0,0.05,-0.68,287.47,4.89,-3.82,-0.12,-0.02,-0.13,4.05,-87.43,-23.65,292.21,-0.09,-0.16,0.9
4.7799,5,-0.57,-0.23,-0.74,-0.28,124.2,45.02,105.4,-0.52,-0.06,-0.76,4.09,-174.56,-48.37,-6.41,-0.07,0.28,-0.59
4.7809,6,-0.976,0.06,0.16,0.13,359.33,-19.66,-4.65,-0.01,-0.01,-0.14,4.06,2.9,10.53,-6.87,0.28,-0.06,0.81
4.7849,7,0.885,0.02,-0.16,0.44,67.59,-17.61,-6.07,0.03,0.04,0.02,0,-5.19,-8.39,3.05,0.3,-0.15,0.99
4.7859,3,0.578,-0.08,0.04,0.81,123.07,9.73,-1.35,-0.32,0.03,0.03,4.06,9.61,-13.58,-28.23,-0.11,0.29,1.03
4.7909,1,-0.01,-0.17,0.06,0.98,196.41,19.18,6.87,-0.05,-0.05,-0,4.09,6.26,-7.32,-0.46,-0.29,0.07,0.96
4.7929,2,0.778,0.14,-0.01,-0.61,298.51,8.7,13.1,-0.29,0.01,-0.06,4.09,-10.68,37.38,73.85,-0.19,-0.05,0.96
4.7989,0,0.013,-0.06,0.03,1,192.79,7.17,3.33,-0.03,-0.11,0.05,4.09,6.56,-24.72,12.82,-0.08,-0.04,1.06
4.7999,4,0.824,-0.05,0.11,-0.55,305.46,6.99,-11.22,-0.2,0.07,-0.07,4.05,-67.75,15.87,40.74,-0.12,-0.36,0.86
4.8309,5,-0.738,-0.11,-0.52,-0.42,95.13,41.64,53.62,0.02,0.28,0.13,4.09,-322.11,-280.61,78.74,-0.97,0.49,0.48
4.8319,6,-0.976,0.06,0.16,0.13,359.15,-19.5,-4.31,-0.35,0.13,0.11,4.06,-11.9,22.58,3.51,0.12,-0.29,1.1
4.8869,7,0.883,0.02,-0.16,0.44,68.06,-17.81,-6.66,0.02,-0.04,0.05,0,1.83,-1.22,9,0.36,-0.11,0.98
4.8879,3,0.624,-0.06,0.06,0.78,116.65,9.45,1.7,0.09,-0.1,0.31,4.06,56,15.11,-62.56,-0.13,-0.08,1.3
4.8929,1,-0.016,-0.16,0.06,0.99,197.09,18.31,7.64,-0.05,-0.05,0.06,4.09,4.88,-14.95,14.8,-0.29,0.09,1.03
4.8939,2,0.807,0.11,0.05,-0.58,303.56,12.4,7.03,0.16,0.18,0.18,4.09,-122.68,31.13,-56.76,-0.07,0.22,1.13
4.8979,0,0.008,-0.03,0.03,1,193.22,3.89,3.39,-0.09,-0.02,-0.09,4.09,2.75,-27.16,1.83,0.02,0.04,0.89
4.8999,4,0.828,-0.06,0.14,-0.54,306.71,9.43,-14.91,0.06,0.23,0.27,4.05,-28.08,34.64,-2.9,0.06,-0.38,1.21
4.9909,5,-0.811,-0.01,-0.2,-0.55,84.69,17.96,14.27,0.28,-0.68,1.28,4.09,-365.3,-254.67,-111.69,-0.06,0.55,2.39
4.9929,6,-0.977,0.06,0.15,0.14,358.34,-18.04,-4.93,-0.03,0.03,-0.02,4.06,-4.88,12.51,4.27,0.27,-0.13,0.94
4.9979,7,0.882,0.02,-0.16,0.44,68.43,-17.39,-6.42,0.06,-0.02,-0.06,0,1.98,11.9,5.19,0.33,-0.13,0.86
4.9989,3,0.644,-0.05,0.08,0.76,113.78,10.14,2.86,0.06,-0.04,-0.12,4.06,3.51,5.04,4.58,-0.14,-0.04,0.87
5.0039,1,-0.024,-0.15,0.06,0.99,198.01,17.22,8.03,-0.01,0.04,-0.07,4.09,0,-21.36,-1.53,-0.27,0.17,0.87
5.0059,2,0.789,0.05,0.09,-0.61,298.78,11.59,-1.9,-0.08,-0.01,-0.1,4.09,-31.13,-5.95,32.96,-0.2,-0.09,0.87
5.0119,0,0,0.01,0.03,1,193.98,-0.67,3.12,-0.23,-0.05,0.03,4.09,-5.95,-42.57,1.53,0.24,-0.06,1.22
5.0129,4,0.799,-0.11,0.19,-0.56,301.82,10.18,-22.76,0.09,0.08,-0.06,4.05,-115.05,3.81,-45.93,-0.08,-0.31,0.91
5.0649,5,-0.834,0.1,-0.01,-0.54,79.51,7.38,-8.89,-0.75,0.12,0.13,4.09,12.97,-1.07,-31.89,-0.58,0.31,1.08
5.0659,6,-0.977,0.07,0.14,0.14,358.12,-17.49,-5.18,-0.08,0.05,0.01,4.06,0.15,2.14,1.07,0.25,-0.18,0.97
5.0729,7,0.883,0.02,-0.16,0.44,67.95,-17.66,-6.43,0.03,-0.02,0.1,0,-1.53,-21.06,-17.55,0.34,-0.14,1.07
5.0749,3,0.632,-0.06,0.09,0.77,115.43,11.84,3.82,-0.11,-0.04,0.07,4.06,4.73,24.26,14.95,-0.17,0.16,1.06
5.0799,1,-0.023,-0.14,0.06,0.99,197.83,15.91,7.95,0,0.06,0.16,4.09,-4.12,-1.22,-19.84,-0.33,0.19,1.11
5.0809,2,0.812,0.04,0.09,-0.57,303.18,11.54,-2.48,0.01,0.01,0.11,4.09,1.07,4.12,9.92,-0.22,-0.07,1.1
5.0869,0,-0.002,0,0.03,1,194.24,-0.57,3.43,-0.1,0.07,-0.11,4.09,-2.9,-6.1,10.99,0.09,0.13,0.89
5.0899,4,0.812,-0.18,0.22,-0.51,306.85,10.24,-31.62,0.21,-0.02,0.02,4.05,-69.73,-41.81,116.58,-0.13,-0.35,0.96
5.1629,5,-0.823,0.02,-0.07,-0.56,83,8.52,2.61,-0.22,-0.16,0.01,4.09,164.03,35.86,164.95,-0.05,0.41,0.96
5.1639,6,-0.978,0.07,0.14,0.14,358.82,-17.37,-5.78,-0.11,-0.04,0.01,4.06,0.31,0,4.43,0.2,-0.1,1
5.1679,7,0.891,0.02,-0.15,0.43,66.18,-16.75,-5.85,0.04,-0.38,-0.18,0,6.26,-6.26,-37.84,0.49,-0.18,0.68
5.1689,3,0.62,-0.06,0.11,0.77,117.38,13.57,5.48,-0.17,-0.05,0.01,4.06,21.67,25.94,14.5,-0.15,0.25,0.98
5.1729,1,-0.017,-0.14,0.06,0.99,196.98,16.11,7.2,-0.07,0.02,-0.27,4.09,-16.94,-3.36,-9.16,-0.15,0.12,0.71
5.1749,2,0.815,0.04,0.1,-0.57,303.73,11.42,-2.79,-0.13,0.06,-0.06,4.09,-7.48,-10.38,20.6,-0.17,-0.17,0.92
5.1949,0,-0.015,0.01,0.03,1,195.72,-1.09,3.68,-0.14,0.01,-0.02,4.09,-0.76,8.09,14.19,0.16,0.07,0.98
5.1959,4,0.868,-0.18,0.22,-0.41,320.2,13.7,-30.69,0.19,-0.31,-0.26,4.05,25.33,-23.19,76.14,-0.3,-0.07,0.76
5.2919,5,-0.844,-0.02,-0.14,-0.52,78.14,12.72,10.44,0.47,-0.01,-0.08,4.09,32.04,5.95,-273.74,-0.04,-0.46,1.08
5.2929,6,-0.979,0.07,0.14,0.13,359.46,-17.14,-5.9,-0.07,0,-0.01,4.06,0.46,-1.83,3.51,0.23,-0.12,0.96
5.2989,7,0.894,0.03,-0.16,0.42,64.77,-18.7,-4.86,-0.08,0.16,0.4,0,-8.39,26.55,6.41,0.16,-0.14,1.16
5.3009,3,0.613,-0.05,0.14,0.78,118.54,14.28,9.09,-0.18,-0.04,-0.03,4.06,43.64,-0.15,7.02,-0.16,0.32,0.92
5.3069,1,-0.005,-0.13,0.04,0.99,195.31,14.69,5.1,-0.28,0.04,0.38,4.09,2.75,-23.5,-7.63,-0.05,0.18,1.45
5.3089,2,0.824,0.03,0.1,-0.56,305.6,11.2,-3.68,-0.03,0.02,0,4.09,-10.38,5.19,25.63,-0.18,-0.1,0.98
5.3139,0,-0.008,0.01,0.03,1,194.97,-1.61,3.51,-0.21,0.02,0,4.09,-6.1,7.78,-23.65,0.26,0.07,0.97
5.3149,4,0.881,-0.14,0.18,-0.41,321.38,11.76,-24.12,0.12,-0.19,0.03,4.05,87.13,-10.22,-53.25,-0.28,-0.23,1
5.3829,5,-0.89,-0.04,-0.17,-0.42,66.57,15.45,12.72,-0.09,-0.09,0.33,4.09,74.77,32.5,28.23,-0.29,0.36,1.14
5.3839,6,-0.979,0.07,0.14,0.13,0.02,-17.06,-5.96,-0.06,0.01,-0.01,4.06,2.44,-1.37,5.8,0.24,-0.12,0.96
5.3879,7,0.9,0.03,-0.15,0.41,63.62,-16.74,-4.05,0.14,0.04,-0.07,0,11.6,7.32,5.34,0.33,-0.18,0.83
5.3899,3,0.62,-0.01,0.17,0.77,117.78,12.95,15.08,-0.12,-0.05,0.02,4.06,80.57,-29.45,-23.5,-0.16,0.35,0.95
5.3939,1,0,-0.12,0.05,0.99,194.69,13.77,5.44,-0.08,0,-0.2,4.09,-7.78,-8.54,-6.1,-0.09,0.09,0.84
5.3959,2,0.826,0.03,0.1,-0.55,305.95,11.37,-3.54,0.08,-0.02,0,4.09,18.16,0.92,-30.67,-0.18,0.01,0.99
5.3989,0,-0.001,0.03,0.03,1,194.09,-3.07,3.85,-0.08,-0.02,-0.05,4.09,6.56,-8.09,6.87,0.11,0.06,0.96
5.4009,4,0.863,-0.09,0.14,-0.48,314.92,9.39,-16.9,-0.03,0.07,0.07,4.05,55.69,12.05,-73.09,-0.13,-0.37,0.99
5.4899,5,-0.857,-0.13,-0.24,-0.44,72.32,17.15,26.86,-0.11,-0.2,0.24,4.09,163.88,32.81,29.3,-0.26,0.73,1.05
5.4919,6,-0.98,0.07,0.14,0.12,0.73,-17.01,-5.99,-0.06,-0.02,-0.01,4.06,2.75,-1.22,4.12,0.23,-0.1,0.96
5.4949,7,0.903,0.03,-0.15,0.4,62.57,-17.01,-3.51,-0.04,-0.03,0.01,0,0.46,-5.34,-13.28,0.28,-0.01,0.98
5.4969,3,0.632,0.06,0.21,0.74,115.45,10.43,22.99,-0.03,-0.05,0.06,4.06,84.84,-31.28,-6.41,-0.12,0.43,0.96
5.4999,1,0.003,-0.11,0.04,0.99,194.18,12.54,4.89,-0.18,-0.03,0.04,4.09,3.66,-3.51,4.58,-0.06,0.05,1.05
5.5019,2,0.813,0.05,0.08,-0.57,303.58,11.37,-0.61,-0.06,0.04,0.01,4.09,41.35,3.2,-6.41,-0.18,-0.07,0.99
5.5049,0,-0.008,0.03,0.04,1,194.86,-3.55,4.14,-0.15,-0.01,-0.01,4.09,0,-0.92,10.07,0.21,0.06,0.97
5.5069,4,0.84,-0.06,0.12,-0.52,309.18,8.23,-13.93,-0.13,0.13,0.01,4.05,21.97,-2.29,-26.7,-0.08,-0.42,0.93
5.6009,5,-0.799,-0.27,-0.33,-0.42,77.94,17.9,47.99,0.05,-0.11,0.41,4.09,229.03,42.72,46.84,-0.31,1.03,0.91
5.6019,6,-0.981,0.07,0.14,0.12,1.46,-16.99,-5.91,-0.04,-0.02,-0.01,4.06,1.98,-0.76,4.58,0.26,-0.09,0.95
5.6059,7,0.902,0.03,-0.14,0.41,62.88,-16.63,-3.32,-0.1,0,-0.01,0,6.26,9,10.07,0.23,0.01,0.97
5.6079,3,0.644,0.12,0.24,0.72,112.27,7.93,30.28,-0.04,-0.07,0.03,4.06,68.82,-39.98,-35.71,-0.07,0.54,0.84
5.6119,1,-0.005,-0.1,0.04,0.99,195.09,11.74,5,-0.14,0.01,0,4.09,-1.98,-1.98,10.68,-0.07,0.1,1
5.6149,2,0.81,0.07,0.07,-0.58,303.15,11.29,1.81,-0.06,0.05,-0,4.09,14.65,-8.09,-12.05,-0.17,-0.04,0.98
5.6189,0,-0.021,0.04,0.04,1,196.3,-4.9,3.98,-0.08,0.01,0.01,4.09,0.61,-3.97,13.58,0.15,0.09,0.99
5.6209,4,0.845,-0.05,0.1,-0.52,309.95,6.41,-11.4,-0.15,0.1,-0,4.05,21.06,-20.14,19.07,-0.09,-0.37,0.93
5.6929,5,-0.69,-0.44,-0.43,-0.39,83.75,14.26,74.75,0.22,-0.08,0.25,4.09,284.73,14.5,71.56,-0.15,1.16,0.48
5.6939,6,-0.981,0.06,0.14,0.11,1.67,-16.91,-5.72,-0.04,-0.03,-0,4.06,0.31,1.68,0.61,0.25,-0.07,0.96
5.6979,7,0.899,0.04,-0.14,0.41,63.89,-16.22,-2.97,-0.04,0,-0.02,0,3.51,2.59,5.04,0.24,-0.02,0.95
5.6989,3,0.668,0.18,0.26,0.67,106.58,6.13,36.21,0.04,-0.01,-0.01,4.06,48.68,-33.42,-29.91,-0.1,0.54,0.82
5.7029,1,-0.013,-0.1,0.05,0.99,196.1,10.97,5.5,-0.11,0.02,-0.01,4.09,2.59,-2.29,9.61,-0.08,0.11,0.99
5.7039,2,0.804,0.06,0.06,-0.59,301.86,9.77,1.88,-0.07,0.01,-0.01,4.09,-2.29,-16.48,-2.44,-0.19,-0.03,0.98
5.7089,0,-0.033,0.05,0.04,1,197.6,-5.96,4.15,-0.05,0.02,0,4.09,3.36,-5.34,10.83,0.15,0.09,0.99
5.7099,4,0.851,-0.06,0.08,-0.52,311.17,4.53,-10.31,-0.23,0,0.02,4.05,-3.97,-19.38,6.56,-0.19,-0.38,0.95
5.7769,5,-0.539,-0.62,-0.48,-0.3,83.05,8.4,103.99,0.32,0.04,-0.13,4.09,294.65,-39.67,23.8,-0.06,0.88,0.06
5.7779,6,-0.982,0.06,0.14,0.11,1.59,-16.65,-5.59,-0.04,-0.01,0,4.06,-0.76,2.44,-1.98,0.24,-0.1,0.96
5.7829,7,0.897,0.04,-0.14,0.42,64.5,-16.11,-2.92,-0.07,0,-0.01,0,1.68,1.53,5.34,0.24,0.01,0.97
5.7839,3,0.683,0.21,0.27,0.65,102.81,5.23,39.55,0.03,-0.01,-0.02,4.06,21.67,-25.63,-25.48,-0.07,0.6,0.77
5.7889,1,-0.02,-0.09,0.05,0.99,196.86,10.59,5.7,-0.12,0.01,0,4.09,-0.15,1.22,7.93,-0.06,0.1,1
5.7919,2,0.806,0.05,0.06,-0.59,302.02,8.7,1.23,-0.03,-0.03,0.03,4.09,-8.54,-4.27,2.14,-0.2,0,1.02
5.8089,0,-0.04,0.06,0.04,1,198.34,-6.76,4.41,-0.04,0,0,4.09,1.68,-6.26,6.56,0.16,0.07,0.98
5.8109,4,0.862,-0.07,0.08,-0.5,313.73,3.93,-11.26,-0.06,-0.33,0.05,4.05,-17.85,4.12,32.2,-0.37,-0.11,1.03
5.8869,5,-0.402,-0.74,-0.51,-0.17,79.03,9.52,128.95,-0.02,0.01,-0.43,4.09,200.65,-46.69,-15.11,-0.12,0.38,-0.39
5.8879,6,-0.982,0.06,0.14,0.12,1.28,-16.51,-5.56,-0.05,-0.02,-0,4.06,-0.61,2.9,1.53,0.23,-0.09,0.96
5.8929,7,0.895,0.04,-0.14,0.42,65.1,-16.18,-2.85,-0.05,-0,-0.01,0,0.31,-1.68,3.2,0.25,0,0.96
5.8949,3,0.694,0.23,0.27,0.63,99.9,4.59,41.45,0,0,-0.02,4.06,16.17,-15.26,-11.75,-0.07,0.65,0.74
5.8979,1,-0.026,-0.09,0.05,0.99,197.55,10.38,5.86,-0.11,-0.01,-0.02,4.09,-0.61,1.53,6.71,-0.07,0.08,0.97
5.8999,2,0.807,0.05,0.07,-0.58,302.2,9.72,0.64,-0.03,0.02,-0,4.09,-3.51,13.28,2.59,-0.16,-0.03,0.98
5.9029,0,-0.042,0.06,0.04,1,198.62,-7.48,4.46,-0.05,-0,0.01,4.09,0,-5.34,0.31,0.18,0.07,1
5.9049,4,0.871,-0.07,0.09,-0.48,315.93,5.25,-12.38,-0.07,-0.04,-0.01,4.05,-19.53,19.99,-6.41,-0.15,-0.26,0.94
6.0009,5,-0.315,-0.8,-0.51,-0.07,75.16,12.15,144.15,-0.05,-0.1,-0.24,4.09,120.24,-46.08,39.98,-0.1,0.35,-0.71
6.0029,6,-0.982,0.06,0.14,0.12,1.24,-16.39,-5.59,-0.05,-0,0,4.06,-0.46,-0.15,3.97,0.24,-0.1,0.97
6.0079,7,0.892,0.04,-0.14,0.43,65.68,-16.33,-2.88,-0.05,-0.02,0,0,0.76,-2.59,4.73,0.26,0,0.97
6.0099,3,0.697,0.25,0.27,0.62,98.53,4.06,43.09,-0.01,-0.02,0.01,4.06,12.82,-7.17,-3.36,-0.05,0.7,0.72
6.0159,1,-0.031,-0.09,0.05,0.99,198.18,10,5.77,-0.08,0.01,0,4.09,-1.37,0,5.8,-0.09,0.11,1
6.0179,2,0.807,0.05,0.07,-0.58,302.37,10.46,-0.11,-0.06,0.02,-0.01,4.09,-9.92,4.12,2.9,-0.18,-0.07,0.98
6.0229,0,-0.037,0.07,0.04,1,197.98,-8.42,4.4,-0.03,-0.02,0.01,4.09,-1.68,-7.63,-9,0.18,0.06,0.99
6.0249,4,0.861,-0.08,0.11,-0.49,313.94,6.03,-13.89,-0.09,0.07,-0.02,4.05,-17.09,8.7,-10.22,-0.1,-0.34,0.92
6.0949,5,-0.254,-0.86,-0.45,-0,65.8,13.05,153.43,-0.04,0.01,-0.12,4.09,79.96,-49.74,78.28,-0.24,0.34,-0.77
6.0959,6,-0.982,0.06,0.14,0.11,1.62,-16.45,-5.66,-0.04,0.01,-0,4.06,0,-1.83,4.27,0.24,-0.11,0.96
6.1019,7,0.891,0.04,-0.14,0.43,66.13,-16.4,-2.8,-0.04,-0.02,-0.02,0,-0.15,-1.07,0.76,0.27,-0,0.95
6.1029,3,0.697,0.26,0.27,0.61,97.65,3.45,44.44,0.03,0.01,-0.03,4.06,6.41,-2.59,3.97,-0.07,0.65,0.71
6.1079,1,-0.035,-0.09,0.05,0.99,198.56,9.81,5.83,-0.08,0.02,-0.02,4.09,-1.07,0.31,0,-0.09,0.11,0.98
6.1099,2,0.813,0.05,0.08,-0.57,303.5,10.56,-1.07,-0.02,0,-0.02,4.09,-9.46,-1.68,18.01,-0.18,-0.03,0.96
6.1139,0,-0.027,0.08,0.04,1,196.85,-9.18,4.37,-0.04,-0.02,0.01,4.09,-0.46,-3.51,-13.28,0.2,0.06,0.99
6.1159,4,0.864,-0.09,0.11,-0.48,314.82,6.02,-14.98,-0.06,0,-0.02,4.05,-14.19,-9.92,28.99,-0.13,-0.3,0.94
6.2069,5,-0.226,-0.9,-0.38,0.04,56.78,13.72,157.14,-0.06,0.03,-0.08,4.09,40.89,-31.43,87.59,-0.28,0.32,-0.82
6.2089,6,-0.982,0.06,0.14,0.11,2.1,-16.58,-5.81,-0.04,-0.01,0.01,4.06,0,-1.37,3.81,0.24,-0.1,0.97
6.2139,7,0.891,0.04,-0.14,0.43,66.01,-16.51,-2.69,-0.06,-0,0.01,0,-0.92,-0.46,-4.12,0.25,0,0.98
6.2159,3,0.693,0.26,0.27,0.61,98.32,2.93,44.17,0.03,0.02,-0.02,4.06,-21.97,13.43,15.56,-0.05,0.65,0.74
6.2199,1,-0.032,-0.08,0.05,0.99,198.2,9.51,5.66,-0.08,0,0,4.09,-1.68,-3.05,-4.58,-0.09,0.09,1
6.2219,2,0.821,0.04,0.08,-0.56,305.09,10.35,-1.1,-0.01,-0,0.01,4.09,2.59,-2.75,12.82,-0.19,-0.03,1
