0,4,-0.899,0.09,-0.12,0.41,323.78,7.87,-15.18,-0,-0,0.01,3.89,3.05,-5.49,1.83,-0.14,-0.26,0.96
0.0739,7,-0.892,-0.08,0.17,-0.41,63.69,-21.24,0.09,-0,0,-0,0,0.92,-0.15,3.66,0.36,0,0.93
0.0754,2,-0.841,-0.06,-0.07,0.53,309.43,10.11,1.42,-0.02,-0,0.01,4.06,8.85,-3.81,6.1,-0.18,0.02,0.99
0.0789,1,0.013,0.03,-0.03,-1,195.67,3.2,2.98,-0.02,-0,-0,4,0,0,3.66,-0.04,0.05,0.99
0.0803,3,-0.651,-0.03,-0.08,-0.75,112.71,3.17,9.16,-0.03,-0,0.01,3.91,-14.8,1.83,-8.7,-0.05,0.19,0.99
0.0853,5,0.856,0.09,0.12,0.49,75.05,6.75,16.53,-0,-0.01,0.01,4.09,-0.15,1.22,1.07,-0.11,0.29,0.96
0.0871,6,0.99,-0.1,-0.09,-0.04,9.97,-10.83,-11.02,-0.02,0,0.01,3.92,-2.29,10.68,0.76,0.17,-0.2,0.98
0.0907,0,0.064,-0.08,-0.02,-0.99,201.3,-9.6,1.44,-0,0.01,0.01,4.04,1.83,1.68,3.66,0.17,0.03,1
0.0921,4,-0.901,0.09,-0.11,0.41,324.06,7.27,-14.64,-0.02,-0.01,0.01,3.89,5.8,-6.87,-0.15,-0.15,-0.26,0.96
0.1878,7,-0.891,-0.08,0.17,-0.42,64.05,-21.22,0.18,-0,0.01,-0,0,2.29,-1.22,4.73,0.36,0,0.93
0.1894,2,-0.843,-0.06,-0.06,0.53,309.89,9.72,2.64,-0.03,-0.02,-0,4.06,12.66,-4.12,2.59,-0.2,0.01,0.98
0.1929,1,0.017,0.03,-0.03,-1,196.03,3.13,2.95,-0.01,0.01,0.01,4,-0.46,-0.76,4.88,-0.04,0.06,1.01
0.1943,3,-0.659,-0.02,-0.07,-0.75,111.51,3.55,7.34,-0.06,0.01,0,3.91,-21.82,2.9,-16.78,-0.06,0.19,0.98
0.1996,5,0.856,0.09,0.12,0.49,75.05,6.7,16.35,0,-0,0.01,4.09,-3.51,-1.53,-1.22,-0.12,0.28,0.97
0.2025,6,0.991,-0.1,-0.08,-0.04,9.8,-9.27,-11.4,-0.03,0,0.02,3.93,-5.8,21.36,0.92,0.13,-0.2,0.99
0.2119,0,0.067,-0.08,-0.02,-0.99,201.68,-9.43,1.6,-0,0,0.01,4.04,1.37,1.98,3.51,0.17,0.03,1
0.214,4,-0.902,0.09,-0.1,0.41,324.32,6.63,-14.06,-0.05,-0.01,-0.01,3.89,8.24,-9.31,2.14,-0.16,-0.27,0.94
0.2788,7,-0.889,-0.08,0.17,-0.42,64.52,-21.26,0.17,-0.01,-0,0,0,2.44,0.61,4.12,0.36,0.01,0.94
0.2804,2,-0.843,-0.07,-0.05,0.53,309.95,9.65,3.95,-0.09,-0.01,-0.05,4.06,16.63,-1.22,-4.12,-0.2,-0.01,0.93
0.2851,1,0.02,0.03,-0.03,-1,196.41,3.16,2.97,-0.01,0.01,0,4,0,-0.61,4.12,-0.05,0.06,1
0.2865,3,-0.674,-0,-0.06,-0.74,109.38,4.38,4.81,-0.07,-0.01,-0.04,3.91,-27.77,8.39,-21.97,-0.06,0.15,0.94
0.2899,0,0.071,-0.08,-0.02,-0.99,202.09,-9.17,1.73,-0,-0,0.02,4.04,1.53,4.43,4.58,0.16,0.03,1.01
0.2913,6,0.992,-0.11,-0.05,-0.05,9.41,-6.5,-12.21,-0.02,0.01,0.04,3.92,-12.21,40.74,6.56,0.09,-0.24,1.01
0.2947,5,0.856,0.09,0.12,0.49,74.97,6.62,15.91,-0,0,0.02,4.09,-3.81,-0.76,1.22,-0.12,0.28,0.98
0.2962,4,-0.91,0.08,-0.09,0.4,326.42,5.95,-12.77,-0.09,-0.04,-0.08,3.89,12.36,-12.82,24.11,-0.19,-0.24,0.87
0.3888,7,-0.888,-0.08,0.16,-0.42,64.82,-21.19,0.41,-0,-0,0,0,4.12,2.59,4.73,0.36,0.01,0.93
0.3905,2,-0.842,-0.09,-0.04,0.53,310.07,9.49,5.92,-0.15,-0.02,-0.2,4.06,28.08,-1.68,2.59,-0.21,-0.04,0.77
0.3939,1,0.023,0.03,-0.03,-1,196.72,3.02,2.97,-0,0.01,0,4,-0.61,-1.22,2.44,-0.05,0.06,1
0.3953,3,-0.68,0.02,-0.04,-0.73,108.36,5.43,1.78,-0.06,-0.02,-0.17,3.91,-37.23,20.9,21.82,-0.04,0.1,0.8
0.3988,0,0.076,-0.07,-0.02,-0.99,202.64,-8.43,1.87,-0,0.01,0.02,4.04,1.22,9.77,3.66,0.15,0.04,1.01
0.4016,6,0.992,-0.12,-0,-0.04,9.39,-0.72,-14.09,-0.03,0.03,0.05,3.92,-25.48,81.18,32.2,-0.02,-0.29,1
0.4056,5,0.856,0.09,0.12,0.5,75.08,6.44,15.35,-0.01,-0.01,0.01,4.09,-6.1,-2.75,-0.46,-0.11,0.28,0.96
0.407,4,-0.916,0.07,-0.08,0.39,327.96,4.99,-11.37,-0.14,-0.03,-0.27,3.89,8.7,-9.46,4.12,-0.18,-0.22,0.67
0.4811,7,-0.886,-0.08,0.16,-0.43,65.18,-21.15,0.7,0.01,0.01,-0,0,4.88,1.68,3.81,0.37,0,0.93
0.4831,2,-0.844,-0.11,-0.02,0.52,311.12,8.69,9.7,-0.12,0,-0.55,4.06,39.98,-6.41,32.5,-0.11,-0.02,0.43
0.4882,1,0.024,0.03,-0.02,-1,196.86,2.88,2.9,0.01,0.01,0.01,4,-1.22,-0.92,1.53,-0.06,0.06,1.01
0.4902,3,-0.659,0.06,-0.03,-0.75,111.26,7.89,-2.07,-0.11,0.02,-0.54,3.91,-47,32.65,18.92,-0.07,0.08,0.44
0.4941,5,0.858,0.08,0.11,0.5,74.81,6,14.56,-0.01,-0.02,0.01,4.09,-8.85,-7.17,-4.27,-0.1,0.27,0.97
0.4956,6,0.987,-0.14,0.08,-0.01,11.65,8.41,-16.13,0.18,-0.07,-0.13,3.92,-15.11,66.07,55.08,0.05,-0.2,0.87
0.5001,0,0.078,-0.06,-0.02,-0.99,202.93,-7.18,1.97,-0.01,0,0.03,4.04,0.31,15.72,1.83,0.14,0.04,1.02
0.5021,4,-0.917,0.07,-0.07,0.39,327.97,4.06,-10.84,-0.12,-0.04,-0.54,3.89,-1.22,2.9,-20.29,-0.13,-0.14,0.44
0.5818,7,-0.886,-0.09,0.16,-0.43,65.37,-20.92,1.18,0.01,0.01,-0,0,7.02,1.68,2.14,0.36,0,0.94
0.585,2,-0.854,-0.14,-0.01,0.5,314.06,8.41,13.14,0.13,0.04,-0.35,4.06,4.88,23.5,8.7,0.02,0.22,0.64
0.5897,1,0.025,0.03,-0.02,-1,197,2.96,2.84,0.03,0.01,-0.01,4,-1.22,-1.98,1.22,-0.08,0.06,0.99
0.5912,3,-0.656,0.1,-0.03,-0.75,110.96,11.32,-5.29,-0,-0,-0.35,3.91,-8.24,17.4,-17.09,-0.13,-0.05,0.68
0.5963,5,0.862,0.08,0.1,0.49,73.91,5.28,13.43,-0.03,-0.01,0,4.09,-12.97,-12.21,-12.05,-0.1,0.27,0.96
0.5978,6,0.978,-0.15,0.14,0.03,15.06,16.98,-17.11,-0.24,-0.14,0.1,3.92,-26.25,105.44,-6.87,-0.31,0.03,0.93
0.6044,0,0.079,-0.04,-0.02,-1,203,-5.29,1.96,-0.02,0.02,0.04,4.04,0.15,27.01,-0.76,0.11,0.05,1.03
0.6065,4,-0.914,0.07,-0.07,0.39,327.08,4.45,-10.66,-0.08,-0.1,-0.2,3.89,14.04,17.24,7.48,-0.18,-0.15,0.8
0.6968,7,-0.885,-0.09,0.15,-0.43,65.39,-20.42,2.15,0,0.01,0.01,0,12.36,7.32,-1.53,0.34,0.02,0.95
0.6983,2,-0.862,-0.13,-0.02,0.49,315.8,9.28,12.04,-0.01,-0.08,-0.07,4.06,-17.55,7.32,44.86,-0.23,0.22,0.88
0.7046,1,0.025,0.02,-0.02,-1,196.96,2.58,2.72,0.07,0.01,0.01,4,-0.92,-4.73,2.14,-0.12,0.06,1.01
0.706,3,-0.68,0.1,-0.03,-0.72,107.13,10.95,-5.72,0.12,-0,-0.1,3.91,41.81,-3.66,-71.11,-0.18,-0.22,0.87
0.7105,5,0.873,0.07,0.08,0.48,71.68,4.24,12.01,-0.08,0,-0.02,4.09,-13.12,-15.87,-18.01,-0.12,0.25,0.93
0.7119,6,0.962,-0.16,0.22,-0.02,7.19,25.02,-20.19,-0.17,0.11,-0.13,3.92,-1.22,99.03,-8.39,-0.5,-0.34,0.6
0.7161,0,0.077,-0.01,-0.02,-1,202.87,-1.78,2,-0.03,0.01,0.05,4.04,-1.53,52.34,-6.56,0.06,0.03,1.04
0.7201,4,-0.907,0.05,-0.09,0.41,325.07,7.29,-9.66,-0.08,0,-0.04,3.89,-3.51,38.76,-23.96,-0.21,-0.22,0.96
0.7908,7,-0.887,-0.1,0.14,-0.43,65.05,-19.18,4,0.01,0.04,0.03,0,27.47,16.78,-8.7,0.31,0.04,0.99
0.7923,2,-0.894,-0.13,-0.04,0.43,323.86,9.94,11.47,0.11,0,0.28,4.06,-20.9,23.65,73.7,-0.16,0.33,1.23
0.7957,1,0.028,0.03,-0.03,-1,197.32,2.79,3.02,0.12,0.03,0.02,4,4.88,3.66,11.29,-0.18,0.09,1
0.7981,3,-0.724,0.08,-0.04,-0.68,100.41,9.96,-3.37,0.07,0.02,0.28,3.91,33.87,-14.65,-65.16,-0.24,-0.17,1.23
0.8041,5,0.875,0.07,0.07,0.47,71.33,3.24,10.86,-0.17,0.01,-0.17,4.09,-10.99,-6.26,2.44,-0.16,0.29,0.78
0.8062,6,0.944,-0.15,0.29,-0.01,7.19,33.57,-20.22,-0.04,-0.03,-0.15,3.92,2.14,72.17,10.83,-0.52,-0.24,0.63
0.8105,0,0.072,0.04,-0.01,-1,202.34,4.61,1.7,-0.08,-0,-0.01,4.04,-3.66,99.79,-5.65,-0,0,0.98
0.8121,4,-0.893,0.04,-0.13,0.43,321.74,11.59,-10.76,0.1,-0.03,0.23,3.89,-7.32,51.27,-49.59,-0.22,-0.11,1.2
0.8843,7,-0.893,-0.12,0.09,-0.42,63.39,-15.93,8.49,-0.13,0.06,0.06,0,63.32,56.61,-38.45,0.16,0.23,1.03
0.8869,2,-0.908,-0.13,-0.05,0.4,328.05,11.25,10.97,0.04,0.03,0.19,4.06,-9.31,11.9,25.94,-0.19,0.23,1.15
0.8909,1,0.038,0.03,-0.03,-1,198.5,3.74,4,0.05,-0.01,-0.23,4,8.24,1.37,9.46,-0.1,0.03,0.79
0.8923,3,-0.761,0.07,-0.05,-0.64,94.22,9.25,-2.66,0.18,-0.01,0.35,3.91,5.34,-7.93,-54.17,-0.17,-0.26,1.35
0.8959,0,0.068,0.15,0,-0.99,202.1,16.98,1.04,-0.12,-0.01,-0.33,4.04,-5.8,171.36,10.22,-0.11,-0.02,0.62
0.8973,6,0.926,-0.15,0.35,-0.01,4.55,39.66,-21.78,0,0.29,0.04,3.92,-1.07,45.62,24.26,-0.61,-0.57,0.66
0.9017,5,0.87,0.06,0.07,0.48,72.49,3.23,10.24,-0.18,0.03,-0.48,4.09,5.19,14.8,20.75,-0.15,0.22,0.46
0.9041,4,-0.842,0.04,-0.18,0.51,309.84,15.01,-14.85,0.22,-0.04,0.24,3.89,-25.63,67.9,-209.05,-0.26,-0.11,1.23
0.9968,7,-0.901,-0.14,-0.01,-0.41,62.24,-5.98,15.27,0.37,0.02,-0.4,0,56,88.96,-59.97,0.31,-0.12,0.57
0.9983,2,-0.913,-0.12,-0.06,0.39,329.36,11.55,10.08,0.06,-0.02,0.43,4.06,-10.38,6.26,3.2,-0.25,0.31,1.36
1.0033,1,0.043,0.05,-0.03,-1,199.19,5.66,4.06,0.06,0.11,0.01,4,-7.78,37.23,-11.14,-0.15,0.21,1.07
1.0051,3,-0.77,0.06,-0.04,-0.63,92.86,7.75,-2.91,0.18,0,0.38,3.91,-19.38,-18.46,43.18,-0.14,-0.2,1.35
1.0086,5,0.862,0.07,0.09,0.5,74.3,4.74,11.45,-0.08,0.01,-0.39,4.09,8.7,23.04,3.97,-0.11,0.18,0.63
1.01,6,0.909,-0.16,0.39,0.01,5.18,44.66,-23.53,0.03,0.01,-0,3.92,-36.77,27.47,25.02,-0.7,-0.23,0.67
1.0134,0,0.064,0.31,0.02,-0.95,202.04,35.84,0.76,0,0.1,-0.38,4.04,5.19,174.26,-20.45,-0.39,0.08,0.52
1.0148,4,-0.74,0.06,-0.22,0.63,290.09,14.47,-22.85,0.17,0.04,0.43,3.89,-21.36,22.13,-8.7,-0.29,-0.29,1.34
1.0908,7,-0.889,-0.17,-0.07,-0.42,64.27,-1.19,21.6,-0.26,-0.03,0.03,0,55.69,70.34,42.42,-0.12,0.77,0.94
1.0922,2,-0.919,-0.12,-0.06,0.37,331.1,11.76,9.91,-0.01,0,0.3,4.06,-4.58,5.95,25.48,-0.27,0.19,1.24
1.0958,1,0.032,0.1,-0.05,-0.99,198.37,11.53,5.64,-0.13,-0.08,-0.3,4,18.77,35.4,-3.51,-0.03,-0.07,0.74
1.0972,3,-0.755,0.07,-0.02,-0.65,95.35,7.06,-4.49,-0.36,0.02,0.18,3.91,-0.76,6.56,3.66,-0.21,0.24,1.19
1.1015,5,0.857,0.05,0.1,0.5,75.37,7.19,11.5,-0.08,0.06,-0.06,4.09,-6.71,34.18,-5.04,-0.19,0.18,0.9
1.1037,6,0.894,-0.17,0.41,0.03,6.35,48.38,-25.08,0.07,-0.24,-0.01,3.92,-6.87,23.19,8.24,-0.73,-0.08,0.68
1.1072,0,0.044,0.43,0.03,-0.9,199.27,51.55,-0.81,0.16,-0.07,-0.24,4.04,3.05,151.98,7.17,-0.74,-0.05,0.36
1.1087,4,-0.739,0.07,-0.24,0.63,290.14,15.46,-24.26,0.12,-0.08,0.27,3.89,-0.76,-0.61,13.89,-0.47,-0.35,1.18
1.1979,7,-0.868,-0.19,-0.16,-0.43,68.53,6.24,27.85,-0.2,-0.04,0.04,0,46.84,74.92,-4.12,-0.14,0.51,0.91
1.1995,2,-0.92,-0.12,-0.07,0.37,331.87,12.92,9.8,0.06,-0.06,0.33,4.06,3.2,29.14,-40.13,-0.27,0.3,1.27
1.207,1,0.033,0.12,-0.06,-0.99,198.69,13.3,6.91,-0.08,0,0.04,4,2.44,1.83,4.27,-0.16,0.12,1.02
1.2097,3,-0.764,0.06,-0.03,-0.64,93.9,7.45,-3.49,0.26,0.09,0.48,3.91,18.77,6.1,0.61,-0.23,-0.37,1.44
1.2144,5,0.854,0.03,0.12,0.51,76.21,10.16,10.31,0.12,-0.05,0.27,4.09,-15.87,31.59,4.43,-0.14,0.14,1.23
1.2163,6,0.884,-0.17,0.43,0.03,5.91,51.11,-25.57,0.21,0,0.17,3.92,7.48,-2.59,-1.22,-0.77,-0.36,0.81
1.2251,0,0.041,0.52,0.03,-0.85,198.85,63.38,-1.09,0.18,0.05,0.01,4.04,3.05,106.05,0.46,-1,0.04,0.31
1.2286,4,-0.716,0.06,-0.24,0.65,285.97,15.42,-25.3,-0.15,0.51,0.36,3.89,1.53,-11.75,-3.51,0.14,-0.7,1.24
1.2919,7,-0.846,-0.21,-0.22,-0.44,72.43,10.93,33.4,-0.07,-0.32,0.19,0,33.57,43.64,-30.36,0,0.84,0.89
1.2937,3,-0.762,0.07,-0.03,-0.64,94.15,7.6,-4,0.26,0.1,0.63,3.91,-37.84,3.51,32.35,-0.28,-0.36,1.58
1.2973,1,0.033,0.12,-0.06,-0.99,198.87,13.78,8.04,-0.07,-0,0.16,4,13.89,4.88,-7.48,-0.21,0.15,1.12
1.2987,2,-0.919,-0.14,-0.07,0.36,332.31,13.2,11.78,0.31,-0.09,0.46,4.06,41.81,-27.47,-31.13,-0.21,0.54,1.33
1.3052,5,0.848,0.02,0.14,0.51,77.34,12.71,10.3,0.19,-0.02,0.3,4.09,17.4,18.92,14.5,-0.13,0.09,1.31
1.3067,4,-0.695,0.09,-0.25,0.67,283.14,13.09,-28.42,0.26,-0.24,0.52,3.89,-36.32,-15.11,-41.96,-0.55,-0.36,1.4
1.3101,0,0.035,0.58,0.03,-0.81,197.52,71.45,-1.97,0.16,-0.01,0.18,4.04,-1.98,81.02,0.61,-1.19,-0,0.21
1.3114,6,0.892,-0.16,0.42,0.02,5.63,49.31,-24.67,0.23,0.03,0.15,3.92,18.62,-53.41,-28.23,-0.72,-0.4,0.85
1.4058,7,-0.845,-0.21,-0.26,-0.42,71.8,15.9,36.51,-0.09,-0.19,0.04,0,32.65,20.6,-12.82,-0.18,0.81,0.71
1.4073,3,-0.747,0.12,-0.01,-0.66,95.79,9.36,-9.54,-0.01,0.02,0.43,3.91,-84.84,24.11,1.83,-0.25,-0.26,1.39
1.4108,1,0.027,0.13,-0.07,-0.99,198.34,14.6,8.9,-0.04,0,0.01,4,13.43,-1.83,-2.9,-0.22,0.16,1
1.4123,4,-0.66,0.13,-0.26,0.69,278.6,9.17,-32.87,-0.01,0.11,0.5,3.89,-22.28,-13.43,-19.07,-0.14,-0.79,1.16
1.4158,5,0.83,0.04,0.16,0.53,80.93,12.8,14.22,0.15,-0.09,0.4,4.09,61.34,-0.31,93.08,-0.17,0.28,1.38
1.4181,6,0.917,-0.16,0.37,0.01,6.37,42.3,-22.49,0.21,0.02,-0.05,3.92,17.24,-101.01,-28.69,-0.48,-0.3,0.78
1.4228,0,0.036,0.63,0.03,-0.78,197.96,77.57,-1.75,0.24,-0.09,0.25,4.04,-4.12,51.88,14.04,-1.28,-0.03,0.02
1.4243,2,-0.897,-0.18,-0.03,0.4,327.73,11.39,18.32,-0,0.02,0.39,4.06,89.42,-26.4,17.55,-0.26,0.42,1.3
1.5029,7,-0.847,-0.21,-0.29,-0.39,70.13,19.42,38.64,0.06,0.19,0.04,0,23.5,12.97,-15.72,-0.45,0.48,0.81
1.5047,2,-0.872,-0.24,0.02,0.43,324.1,9.37,26.12,-0.08,0.08,0.24,4.06,92.01,-37.84,-68.82,-0.19,0.43,1.14
1.5088,5,0.807,0.08,0.19,0.55,85.19,11.92,20.4,-0.04,0.12,0.08,4.09,19.07,5.95,79.04,-0.33,0.42,0.97
1.5103,3,-0.718,0.18,0.03,-0.67,98.31,11.98,-17.67,-0.1,-0.03,0.23,3.91,-92.16,18.01,66.83,-0.24,-0.28,1.15
1.5138,0,0.047,0.65,0.03,-0.76,205.36,80.44,4.99,0.26,0.06,0.17,4.04,-5.95,11.9,10.53,-1.23,0.1,-0.04
1.5153,6,0.946,-0.15,0.28,-0.01,6.72,32.38,-20.6,-0.15,0.17,-0.26,3.92,16.63,-95.37,-20.45,-0.53,-0.39,0.48
1.5197,1,0.029,0.12,-0.08,-0.99,198.66,13.87,10.27,-0.02,-0.03,0.06,4,10.68,-16.63,6.26,-0.24,0.16,1.04
1.5213,4,-0.632,0.16,-0.27,0.71,275.56,6.17,-36.32,-0.02,-0.02,0.25,3.89,-39.52,-2.14,-57.37,-0.15,-0.75,0.98
1.5968,7,-0.842,-0.22,-0.32,-0.38,70.66,21.55,40.44,0.1,-0.09,0.04,0,9.61,12.66,3.51,-0.28,0.66,0.79
1.5984,2,-0.827,-0.29,0.06,0.48,317.09,9.87,33.5,0.06,-0.03,0.07,4.06,72.78,-11.14,-78.28,-0.17,0.63,0.84
1.6052,5,0.756,0.09,0.19,0.62,94.66,9.39,22.16,-0.4,-0.58,0.41,4.09,5.95,2.59,35.4,0.29,1.01,1.19
1.6067,3,-0.661,0.25,0.05,-0.7,103.91,16.74,-25.46,-0.13,0,-0.11,3.91,-81.94,36.32,61.95,-0.27,-0.28,0.83
1.6126,1,0.034,0.11,-0.09,-0.99,199.17,12.61,10.59,-0.04,-0.02,0.31,4,-12.97,-7.02,3.51,-0.24,0.25,1.32
1.6141,6,0.966,-0.16,0.21,-0.02,8.06,23.22,-19.59,0.12,-0.17,0.12,3.92,7.17,-123.29,-8.24,-0.45,-0.11,1.16
1.62,0,0.049,0.64,0.03,-0.76,204.96,80.01,4.18,0.21,0.08,0.29,4.04,-0.31,-2.9,-13.43,-1.3,0.12,0.03
1.6224,4,-0.559,0.21,-0.29,0.75,267.37,0.54,-42.14,-0.03,-0.04,-0.06,3.89,-57.53,17.85,-114.75,0.01,-0.63,0.67
1.6908,7,-0.84,-0.22,-0.32,-0.38,71.11,21.2,41.02,0.12,-0.13,0.21,0,-12.66,-27.01,2.14,-0.26,0.76,0.94
1.6922,2,-0.774,-0.34,0.06,0.53,310.23,15.02,37.75,-0.05,0.01,-0.49,4.06,42.42,16.17,-45.47,-0.15,0.25,0.4
1.6961,1,0.037,0.12,-0.08,-0.99,199.41,13.21,9.4,-0.1,0.04,0.6,4,-6.56,23.5,-8.85,-0.27,0.28,1.55
1.6976,3,-0.61,0.32,0.08,-0.72,107.28,21.46,-32.49,-0.04,0.02,-0.3,3.91,-55.85,3.05,37.38,-0.25,-0.28,0.53
1.7026,5,0.758,0.1,0.19,0.62,94.08,9.08,23.1,0.25,0.07,0.66,4.09,25.48,-13.58,-43.64,-0.41,0.27,1.5
1.7041,6,0.981,-0.13,0.14,-0.02,9.12,15.06,-16.29,-0.35,0.21,0.08,3.92,18.77,-39.22,-54.47,-0.62,-0.56,0.91
1.7083,0,0.042,0.64,0.04,-0.77,198.12,79.66,-2.7,0.18,0.01,0.45,4.04,0.61,7.93,-15.26,-1.46,0.01,0.08
1.7097,4,-0.508,0.26,-0.31,0.76,263.64,-4.41,-48.16,0.01,0.01,-0.36,3.89,-73.55,-21.21,-43.79,0.03,-0.45,0.44
1.7968,7,-0.858,-0.22,-0.27,-0.38,67.62,17.59,37.14,0.25,-0.14,0.09,0,-44.25,-84.84,0.76,-0.1,0.56,0.96
1.7982,2,-0.747,-0.36,0.05,0.55,307.91,18.9,39.61,0.07,-0.02,-0.37,4.06,11.14,10.68,-102.23,-0.22,0.4,0.41
1.8021,1,0.032,0.15,-0.07,-0.99,199.15,17.18,8.81,-0.14,0.01,0.32,4,-3.51,52.95,-13.28,-0.25,0.19,1.27
1.8048,3,-0.582,0.34,0.09,-0.73,109.38,23.56,-35.48,-0.07,-0.08,-0.36,3.91,-4.58,5.8,40.59,-0.17,-0.31,0.55
1.8092,5,0.769,0.12,0.19,0.6,91.6,8.57,25.06,0.11,0.01,0.53,4.09,27.92,-20.6,6.1,-0.21,0.61,1.42
1.8107,6,0.979,-0.14,0.15,-0.03,7.84,16.45,-16.76,-0.32,-0.07,0.14,3.92,-7.93,75.53,10.38,-0.62,-0.24,0.95
1.814,0,0.032,0.64,0.05,-0.76,189.42,79.96,-11.21,0.23,0.03,0.33,4.04,-0.61,8.54,-14.65,-1.33,0.01,-0
1.8154,4,-0.462,0.32,-0.35,0.75,262.4,-9.26,-56.32,-0.09,-0.01,-0.46,3.89,-83.16,-25.79,-25.48,0.05,-0.52,0.2
1.9068,7,-0.889,-0.2,-0.18,-0.37,62.13,10.35,29.62,0.09,0.07,-0.11,0,-87.13,-86.06,-7.63,-0.14,0.34,0.79
1.9084,2,-0.709,-0.36,0.01,0.6,301.28,25.07,35.51,-0.25,-0.04,-0.32,4.06,-53.71,3.05,-66.99,-0.41,0.14,0.61
1.912,1,0.027,0.2,-0.07,-0.98,198.97,22.33,8.87,-0.09,-0.03,-0.57,4,2.44,31.74,-6.71,-0.08,0.02,0.39
1.9135,3,-0.554,0.34,0.07,-0.76,113.8,25.7,-32.99,-0.2,0.02,-0.38,3.91,41.2,-18.31,39.83,-0.26,-0.12,0.59
1.917,5,0.764,0.15,0.2,0.59,91.59,6.98,28.15,-0.14,0.01,0.39,4.09,29.75,-5.95,-0.46,-0.2,0.72,1.12
1.9184,6,0.963,-0.14,0.22,-0.06,2.76,23.87,-19.17,0.71,0.01,-0.3,3.92,0,65.77,-24.72,0.26,-0.31,0.92
1.922,0,0.025,0.63,0.06,-0.77,184.47,78.32,-16.19,0.32,0,-0.06,4.04,-2.59,-49.9,-9.92,-0.95,-0.01,-0.13
1.9233,4,-0.422,0.38,-0.39,0.73,262.65,-12.97,-64.89,-0.28,-0.01,-0.36,3.89,-67.44,-20.9,-7.78,0.22,-0.66,0
1.9909,7,-0.912,-0.16,-0.1,-0.37,58.5,3.86,21.23,-0.26,0.03,-0.29,0,-67.9,-101.17,-5.19,-0.24,0.38,0.64
1.9924,2,-0.7,-0.32,-0.04,0.64,296.36,28.14,26.7,-0.34,-0.04,-0.22,4.06,-72.94,-0.46,-30.67,-0.47,-0.01,0.71
1.9958,1,0.026,0.18,-0.06,-0.98,198.41,20.7,7.29,-0.12,-0.05,-0.47,4,-35.55,-71.26,0.61,-0.08,0.03,0.62
1.9972,3,-0.554,0.31,0.04,-0.77,116.76,25.68,-25.9,-0.36,-0,-0.23,3.91,81.33,-14.95,10.99,-0.25,0,0.81
2.0008,5,0.746,0.19,0.21,0.6,93.45,5.37,32.8,-0.14,0,0.02,4.09,57.98,-9.92,44.71,-0.13,0.67,0.79
2.0027,6,0.956,-0.15,0.25,-0.06,2.31,27.09,-20.57,0.23,0.13,-0.25,3.92,-33.72,-6.41,25.18,-0.15,-0.32,0.71
2.0062,0,0.021,0.57,0.06,-0.82,188.27,69.7,-12.44,0.34,0.08,-0.17,4.04,8.54,-127.87,-26.25,-0.88,0.06,0.02
2.0076,4,-0.401,0.42,-0.41,0.7,264.53,-15.36,-71.43,-0.2,0,-0.27,3.89,-34.03,-25.79,3.66,0.27,-0.71,0.06
2.0949,7,-0.925,-0.14,-0.01,-0.35,55.36,-5,14.94,-0.36,-0.2,0.37,0,-54.47,-51.27,14.5,-0.03,0.72,1.16
2.0964,2,-0.711,-0.28,-0.09,0.64,295.17,28.8,19.17,-0.24,0,-0.09,4.06,-71.41,-4.73,-9.46,-0.48,0.03,0.82
2.1002,1,0.02,0.13,-0.03,-0.99,196.83,14.66,3.45,-0.09,0.06,-0.14,4,-13.58,-42.11,-23.96,-0.13,0.1,0.8
2.1016,3,-0.57,0.25,-0.02,-0.78,118.21,24.73,-16.65,-0.23,-0.07,-0.11,3.91,101.78,-25.02,15.72,-0.26,-0.04,0.88
2.1051,0,0.001,0.46,0.06,-0.89,188.65,54.49,-10.79,0.12,-0.06,-0.31,4.04,17.4,-177,-31.28,-0.61,-0.14,0.32
2.1065,6,0.958,-0.16,0.24,-0.02,7.32,26.94,-20.39,-0.13,-0.16,-0.08,3.92,-0.46,-39.52,70.5,-0.58,-0.14,0.75
2.1103,5,0.708,0.23,0.24,0.62,97.6,3.1,39.27,-0.08,-0.08,-0.19,4.09,66.38,12.51,16.48,-0,0.57,0.56
2.1118,4,-0.394,0.46,-0.42,0.68,267.62,-16.99,-75.94,-0,-0.05,-0.12,3.89,-15.72,-18.46,-5.8,0.24,-0.87,0.19
2.2036,7,-0.93,-0.11,0.03,-0.35,54.31,-8.24,11.06,-0.15,-0.06,0.08,0,-25.94,-11.29,-44.25,0.12,0.25,1.01
2.2052,2,-0.719,-0.24,-0.12,0.64,293.65,28.28,12.49,-0.24,-0.01,0,4.06,-51.88,-14.04,0.15,-0.53,-0.05,0.9
2.2088,1,0.002,0.08,-0.01,-1,194.42,9.55,1.38,-0.11,-0.04,-0.09,4,-19.38,-79.04,-13.43,-0.03,-0.01,1
2.2103,3,-0.573,0.19,-0.08,-0.79,121.16,23.09,-5.81,-0.23,-0.17,0.04,3.91,93.54,-23.5,26.86,-0.19,0.09,1.08
2.2142,5,0.68,0.27,0.29,0.62,99.77,3.12,46.59,-0.07,-0.11,-0.43,4.09,73.85,7.63,-18.92,0.05,0.45,0.31
2.2156,6,0.966,-0.15,0.21,0.01,11.45,23.77,-18.51,-0.18,-0.13,0.51,3.92,-15.11,6.71,18.31,-0.71,-0.24,1.25
2.2212,0,-0.015,0.31,0.05,-0.95,189.83,36.1,-7.32,0.02,0.04,-0.19,4.04,28.08,-152.44,-14.8,-0.49,-0.05,0.64
2.2228,4,-0.393,0.48,-0.42,0.66,269.68,-17.65,-78.49,0,-0.07,-0.05,3.89,-9.16,-10.83,-3.97,0.22,-0.91,0.17
2.2949,7,-0.93,-0.11,0.07,-0.34,53.76,-11.32,9.14,0.04,0.18,0.02,0,-0.46,-57.83,1.07,0.12,0.04,1.03
2.2964,2,-0.729,-0.19,-0.14,0.64,292.85,26.69,6.74,-0.08,0.11,0.26,4.06,-61.34,-21.51,-11.6,-0.46,0.04,1.19
2.3001,1,0.005,0.03,-0.01,-1,194.6,3.7,0.75,-0.13,-0.12,-0.07,4,14.04,-45.17,25.18,0.07,-0.12,0.91
2.302,3,-0.544,0.13,-0.13,-0.82,127.69,21.41,4.66,-0.35,0.04,0.29,3.91,47.15,-24.26,51.88,-0.38,0.44,1.2
2.3071,5,0.656,0.31,0.33,0.6,101.05,3.49,53.96,-0.24,-0.03,-0.46,4.09,71.87,11.75,12.36,-0.06,0.62,0.13
2.3086,6,0.965,-0.16,0.21,0.04,15.35,24.3,-18.28,0.65,-0.4,-0.69,3.92,-22.13,6.41,-23.96,0.56,0.21,0.58
2.3122,0,-0.025,0.21,0.03,-0.98,190.18,23.55,-4.64,-0.09,-0.06,-0.11,4.04,21.06,-123.14,-0.76,-0.26,-0.13,0.86
2.3138,4,-0.392,0.48,-0.42,0.66,270.19,-18.37,-78.55,0.14,0.04,0.02,3.89,41.2,8.85,21.51,0.31,-0.91,0.34
2.4118,7,-0.923,-0.1,0.08,-0.36,56.11,-12.88,7.17,0.25,-0.08,-0.11,0,-26.4,-4.73,25.33,0.43,0.01,0.81
2.4134,2,-0.743,-0.14,-0.16,0.64,293.14,24.59,0.78,0,0.01,-0.07,4.06,-59.51,-11.44,41.35,-0.38,0.05,0.86
2.42,1,0.028,-0,-0.02,-1,197.23,-0.44,1.98,-0.06,0.01,0.15,4,8.24,-3.66,14.65,0.07,0.05,1.14
2.422,3,-0.552,0.09,-0.15,-0.82,127.35,18.05,9.25,0.17,0.02,-0.18,3.91,67.29,-29.45,-20.6,-0.33,-0.04,0.77
2.4259,0,-0.017,0.13,0.02,-0.99,191.81,14.69,-2.49,-0.05,0.02,-0.04,4.04,17.55,-72.94,11.29,-0.19,-0.02,0.94
2.4273,6,0.973,-0.16,0.17,0.04,15.28,19.74,-18.07,0.01,0.24,0.22,3.92,1.83,-40.74,6.41,-0.38,-0.55,1
2.4311,5,0.623,0.35,0.36,0.6,102.72,2.01,60.89,-0.34,-0.09,-0.33,4.09,55.85,-9.61,-0.76,0.04,0.75,0.05
2.4325,4,-0.419,0.46,-0.4,0.68,270,-16.51,-73.81,0.3,0.01,-0.1,3.89,58.14,5.65,30.36,0.19,-0.76,0.54
2.5072,7,-0.916,-0.1,0.12,-0.37,56.62,-17.65,6.09,-0.17,0.05,0.08,0,-10.68,30.82,39.98,0.18,0.18,1
2.5089,2,-0.768,-0.11,-0.18,0.61,296.79,23.95,-3.66,0.26,0.08,0.08,4.06,-66.83,-11.14,-8.24,-0.31,0.13,1.04
2.514,1,0.043,-0,-0.03,-1,198.93,-0.68,3.44,-0.22,-0.23,-0.16,4,26.7,-12.36,39.22,0.21,-0.19,0.86
2.5159,3,-0.541,0.04,-0.2,-0.82,129.38,16.06,16.88,-0.1,-0,0.07,3.91,52.49,-25.94,40.89,-0.26,0.39,0.95
2.5201,5,0.615,0.38,0.38,0.58,101.5,2.04,65.24,-0.18,-0.05,-0.19,4.09,25.33,-7.48,0.61,-0.02,0.82,0.19
2.5225,6,0.975,-0.16,0.14,0.04,15.8,17.12,-18.74,-0.01,0.14,0.02,3.92,2.29,4.27,-41.05,-0.28,-0.49,0.88
2.5266,0,-0.003,0.08,0.01,-1,193.63,9.55,-0.79,-0.08,-0.06,-0.04,4.04,12.21,-46.69,28.84,-0.06,-0.07,0.97
2.5281,4,-0.443,0.43,-0.37,0.69,269.59,-15.18,-68.52,0.42,0,0,3.89,61.19,26.4,-3.97,0.17,-0.76,0.73
2.6,7,-0.896,-0.09,0.12,-0.42,63.22,-17.39,4.04,-0.15,-0.14,-0.04,0,3.97,-1.22,77.82,0.29,0.32,0.89
2.6017,2,-0.771,-0.05,-0.21,0.6,296.14,22.38,-10.86,0.07,0.1,-0.05,4.06,-65.16,-8.7,14.8,-0.26,-0.13,0.92
2.6074,1,0.087,-0.02,-0.05,-0.99,203.92,-2.91,5.99,-0.26,-0.03,-0.04,4,25.79,-13.12,56.3,0.29,0.05,0.95
2.6089,3,-0.543,-0.01,-0.22,-0.81,128.93,12.79,21.75,0.17,0.01,-0.02,3.91,43.64,-32.2,-25.79,-0.3,0.18,0.92
2.6145,5,0.613,0.39,0.39,0.57,101.05,2.41,66.85,-0.04,0.05,-0.04,4.09,3.51,7.32,-1.37,-0.09,0.88,0.34
2.616,6,0.975,-0.17,0.14,0.02,13.8,16.54,-19.94,0.2,0.05,-0.12,3.92,-14.95,-0.61,39.22,-0.06,-0.28,0.81
2.7023,0,0.027,0.05,0,-1,197.16,5.76,0.05,-0.13,-0.01,0.06,4.04,1.83,-40.44,36.93,0.02,0.01,1.06
2.7039,2,-0.776,0,-0.24,0.58,296.76,21.43,-17.67,0.19,0,-0.04,4.06,-50.81,-14.19,-28.23,-0.32,-0.11,0.92
2.709,7,-0.879,-0.09,0.13,-0.45,67.89,-17.76,2.16,-0.17,-0.23,0.02,0,2.29,-11.44,12.21,0.42,0.25,0.99
2.7104,3,-0.539,-0.04,-0.23,-0.81,129.06,10.3,24.65,0.06,0.03,0.05,3.91,13.28,-12.36,36.16,-0.24,0.41,0.93
2.7146,1,0.119,-0.04,-0.06,-0.99,207.5,-5.61,5.86,0.35,-0.09,0.57,4,-40.89,-1.98,23.19,-0.23,0.21,1.7
2.7161,6,0.975,-0.17,0.14,0.03,14.26,16,-20.19,0.18,0.03,0.06,3.92,2.44,3.05,-9.92,-0.11,-0.43,0.96
2.7345,0,0.06,0.03,-0.01,-1,201.01,2.86,1.29,0.17,0.25,0.47,4.04,12.51,-10.38,30.21,-0.26,0.29,1.45
2.7362,4,-0.528,0.3,-0.34,0.72,268.66,-3.59,-54.15,0.36,-0.02,-0.1,3.89,62.71,25.48,93.54,-0.06,-0.53,0.81
2.8188,5,0.601,0.38,0.39,0.59,103.51,1.49,66.04,0.02,-0.03,0.05,4.09,-32.2,26.4,26.4,0.01,0.95,0.44
2.8203,2,-0.772,0.03,-0.24,0.59,295.98,20.09,-20.18,0.1,-0.04,0.01,4.06,3.81,0.76,12.36,-0.35,-0.25,0.89
2.8243,7,-0.876,-0.08,0.1,-0.47,69.61,-14.61,3.04,0.26,0.34,-0.08,0,27.16,100.56,110.02,0.15,-0.35,0.89
2.8258,3,-0.535,-0.05,-0.23,-0.81,129.37,9.26,25.65,0.08,-0.03,0,3.91,-11.14,3.05,-4.88,-0.18,0.3,1.02
2.8294,1,0.138,-0.02,-0.04,-0.99,209.87,-3.2,3.95,0.05,0.14,-0.32,4,24.26,26.25,26.7,-0.01,0.26,0.63
2.8311,6,0.976,-0.18,0.13,0.02,14.28,14.83,-20.57,0.22,-0.05,0.01,3.92,-1.98,-6.87,12.21,-0.05,-0.31,0.99
2.8347,0,0.063,0.03,-0.01,-1,201.28,3.78,0.87,0.12,-0.06,-0.2,4.04,-14.19,2.59,22.43,-0.18,-0.03,0.78
2.8364,4,-0.568,0.25,-0.33,0.71,270.68,1.32,-48.92,0.41,-0.03,-0.19,3.89,51.73,6.56,67.6,-0.21,-0.33,0.88
2.9029,5,0.601,0.35,0.37,0.62,106.24,1.29,61.19,0.15,0.05,-0.07,4.09,-58.44,23.65,1.37,-0.06,0.74,0.57
2.9045,2,-0.784,0.02,-0.23,0.58,298.18,20.22,-18.11,0.27,-0.01,-0.03,4.06,32.04,-15.56,-2.75,-0.3,-0.08,0.95
2.908,7,-0.833,-0.06,0.05,-0.55,80.36,-8.42,3.21,0.42,-0.11,-0.06,0,0.76,35.86,64.7,0.45,-0.26,0.89
2.9094,3,-0.527,-0.05,-0.23,-0.82,130.42,8.6,25.46,-0.1,0.02,0.06,3.91,2.14,-1.53,-2.44,-0.14,0.52,0.93
2.9129,1,0.14,-0.02,-0.04,-0.99,210.07,-2.6,4.37,0,0.14,0,4,7.78,-1.53,-5.19,0.05,0.17,1.04
2.9143,6,0.978,-0.18,0.11,0.02,14.51,13.13,-20.37,0.16,-0.01,0.01,3.92,3.2,-8.7,-0.46,-0.08,-0.34,0.96
2.9177,5,0.643,0.29,0.36,0.61,104.44,6.14,54.49,0.28,0.11,0.01,4.09,-85.14,19.38,-22.74,-0.22,0.63,0.8
2.9191,4,-0.568,0.23,-0.32,0.72,269.77,1.24,-46.24,-0.1,-0.06,0.24,3.89,-10.07,-24.11,91.4,-0.04,-0.9,0.8
3.0129,0,0.089,0.04,-0.01,-1,204.32,4.54,1.13,0.27,0.15,0.03,4.04,6.1,7.78,7.32,-0.31,0.2,1.01
3.0145,2,-0.779,0.02,-0.22,0.59,297.14,19.11,-17.8,0.09,0,0.05,4.06,1.07,-0.76,21.82,-0.3,-0.17,0.98
3.0182,7,-0.82,-0.05,0.05,-0.57,83.29,-7.99,1.91,-0.23,-0.15,-0.02,0,-22.28,-21.67,-65,0.17,0.27,0.96
3.0197,3,-0.536,-0.05,-0.22,-0.81,129.28,8.85,24.64,0.12,0.01,0.08,3.91,-20.6,-1.98,-25.02,-0.23,0.34,1
3.023,1,0.142,-0.01,-0.05,-0.99,210.27,-2.44,5.47,0.04,0.07,-0.12,4,3.2,1.22,1.22,0.02,0.16,0.86
3.0245,6,0.98,-0.17,0.1,0.02,14.38,11.69,-19.98,0.03,-0.01,0.01,3.92,6.41,4.58,-7.93,-0.18,-0.33,0.93
3.0288,5,0.663,0.23,0.33,0.63,105.05,8.78,46.91,0.23,0.01,0.15,4.09,-70.04,23.65,-8.24,-0.15,0.7,0.97
3.0304,4,-0.598,0.23,-0.33,0.7,273.45,4.36,-46.74,0.2,0.02,0.1,3.89,-27.47,1.83,15.26,-0.08,-0.7,0.88
3.1028,0,0.088,0.05,-0.01,-1,204.19,5.13,1.17,0.2,0.04,-0.12,4.04,-4.12,-2.75,0.61,-0.26,0.1,0.86
3.1043,2,-0.789,0,-0.21,0.58,299.09,18.88,-14.89,0.22,0.01,0.02,4.06,48.22,2.75,2.75,-0.25,-0.07,1.01
3.1079,7,-0.855,-0.04,0.06,-0.51,75.91,-8.38,0.51,0.2,0.27,-0.06,0,-9.61,-9.16,-2.9,0,-0.28,0.97
3.1093,3,-0.559,-0.03,-0.2,-0.8,126.3,9.87,20.88,0.2,-0.02,-0.02,3.91,-58.9,4.12,-24.41,-0.22,0.17,0.97
3.1127,1,0.143,-0.02,-0.05,-0.99,210.41,-2.85,5.87,0.11,0.02,0.07,4,-1.53,0.46,-3.36,-0.05,0.17,1.06
3.1142,6,0.981,-0.17,0.1,0.01,13.25,11.05,-19.62,0.04,0.07,0.01,3.92,9.31,0.61,1.83,-0.16,-0.4,0.92
3.1177,5,0.691,0.18,0.32,0.62,102.96,12.68,41.64,0.28,0.06,-0,4.09,-36.47,2.44,-33.42,-0.28,0.44,0.89
3.1192,4,-0.641,0.23,-0.36,0.64,279.83,9.78,-50.16,0.48,0.1,-0.07,3.89,-45.47,-16.78,138.7,-0.1,-0.39,0.97
3.2052,0,0.089,0.04,-0.01,-1,204.38,4.46,1.3,0.16,-0,0.03,4.04,2.59,-14.34,-0.31,-0.22,0.05,1.03
3.2068,2,-0.788,-0.02,-0.17,0.59,298.88,17.21,-9.75,0.06,0.14,-0.01,4.06,45.17,-29.6,-14.65,-0.14,-0.14,0.98
3.2102,7,-0.844,-0.04,0.06,-0.53,78.5,-8.32,0.04,0,-0.06,0.02,0,5.8,18.01,1.68,0.22,0.01,1
3.2116,3,-0.576,0,-0.15,-0.8,124.06,10.46,14.17,0.1,0.04,-0.07,3.91,-66.68,-4.73,-14.65,-0.24,0.14,0.89
3.2149,1,0.14,-0.02,-0.05,-0.99,210.06,-2.84,5.91,0.08,0.03,0,4,0.46,-6.56,3.66,-0.03,0.16,1.02
3.2163,6,0.982,-0.16,0.1,0.02,14.17,11.13,-18.66,0.01,0,-0,3.92,8.39,7.93,18.46,-0.18,-0.3,0.93
3.2199,5,0.708,0.15,0.31,0.62,101.09,14.46,38.42,0.14,-0.03,0.15,4.09,-16.02,-7.02,33.57,-0.36,0.69,1.06
3.2213,4,-0.714,0.19,-0.38,0.56,289.45,20.02,-47.43,0.71,-0.01,-0.36,3.89,51.57,22.74,43.64,-0.15,0.05,0.95
3.309,0,0.093,0.04,-0.01,-0.99,204.8,4.39,1.9,0.11,0.05,0.03,4.04,0.92,0,9.61,-0.19,0.12,1.02
3.3107,2,-0.782,-0.03,-0.13,0.61,297.38,13.91,-6.44,0.11,0.01,-0.04,4.06,41.05,-21.21,2.44,-0.2,0.01,0.94
3.3144,7,-0.847,-0.04,0.05,-0.53,77.89,-6.72,0.56,0.14,-0.02,-0.02,0,11.14,6.41,3.36,0.19,-0.1,0.97
3.3159,3,-0.581,0.01,-0.12,-0.81,123.25,9.09,10.2,0.01,-0.02,-0.09,3.91,-18.92,-45.78,-8.09,-0.14,0.09,0.91
3.3195,5,0.698,0.16,0.31,0.62,102.67,13.94,38.87,0.26,-0.13,-0.33,4.09,-18.46,-4.73,11.14,-0.12,0.3,0.78
3.3209,6,0.982,-0.15,0.11,0.03,15.66,12.7,-17.48,0.11,0.03,0.01,3.92,8.24,23.19,24.87,-0.12,-0.33,0.95
3.3244,1,0.14,-0.02,-0.06,-0.99,210.04,-2.9,6.16,0.07,0.07,-0.02,4,1.98,-1.37,-1.53,0,0.19,0.96
3.3259,4,-0.676,0.14,-0.35,0.64,281.14,17.24,-40.93,0.44,-0,-0.12,3.89,120.54,22.43,-168.76,-0.25,-0.25,0.93
3.4129,0,0.105,0.05,-0.02,-0.99,206.27,5.48,2.97,0.16,0.06,0,4.04,4.58,5.8,14.19,-0.24,0.2,0.99
3.4144,2,-0.784,-0.05,-0.09,0.61,297.91,11.77,-2.34,0.17,0.01,-0.09,4.06,57.53,-22.74,-16.63,-0.13,0.11,0.92
3.4181,7,-0.849,-0.04,0.04,-0.52,77.41,-6.67,1.11,0.05,-0.04,-0.03,0,9.92,-1.68,-21.97,0.16,-0,0.98
3.4195,3,-0.573,0,-0.09,-0.81,124.19,6.17,8.24,-0.36,0.04,-0.04,3.91,-1.53,-1.07,-8.7,-0.01,0.49,0.89
3.4231,1,0.134,-0.02,-0.06,-0.99,209.36,-2.8,6.53,0.04,0.09,0,4,-4.58,1.37,-11.44,0.04,0.21,0.98
3.4246,6,0.98,-0.14,0.13,0.04,16.73,15.99,-16.27,0.24,-0.05,0.01,3.92,8.54,43.79,15.56,-0.05,-0.24,1.02
3.428,5,0.697,0.16,0.31,0.62,102.64,13.66,39.46,0.23,-0.06,0.02,4.09,20.14,-16.63,-47.3,-0.17,0.42,0.94
3.4294,4,-0.575,0.1,-0.27,0.76,265.3,9.26,-32.88,0.07,0.12,0.05,3.89,90.48,11.29,-116.73,-0.07,-0.49,0.95
3.517,0,0.103,0.06,-0.03,-0.99,206.1,6.23,4.03,0.11,-0.03,-0.02,4.04,12.21,0.46,2.29,-0.22,0.07,0.96
3.5184,2,-0.774,-0.07,-0.05,0.63,296.14,9.2,2.72,-0.11,0.02,0.13,4.06,48.83,-34.79,-17.24,-0.2,-0.05,1.14
3.5225,7,-0.861,-0.04,0.05,-0.5,74.69,-7.26,1.42,0.14,0.08,0.02,0,0.31,-9.46,-20.6,0.13,-0.14,1.01
3.524,3,-0.608,-0.01,-0.09,-0.79,119.26,5.47,8.18,-0.11,-0.09,0.05,3.91,-6.87,-0.76,-31.59,0.03,0.22,1.05
3.528,1,0.124,-0.02,-0.06,-0.99,208.19,-3.32,6.54,-0.02,-0.05,0.01,4,-1.98,-5.34,-2.9,0.06,0.06,1
3.5299,6,0.975,-0.14,0.17,0.05,17.07,19.66,-15.42,0.18,-0.12,0,3.92,0.61,30.67,-1.83,-0.17,-0.16,1.02
3.5386,5,0.73,0.18,0.33,0.57,96.27,16.27,41.51,0.37,-0.17,-0.04,4.09,49.74,-32.5,-122.22,-0.07,0.35,0.97
3.5401,4,-0.571,0.06,-0.21,0.79,263.98,8.23,-24.29,-0.09,0.16,0.28,3.89,83.31,-38.76,76.9,-0.01,-0.56,1.19
3.6111,0,0.108,0.06,-0.04,-0.99,206.74,6.13,5.36,0.15,0.03,-0,4.04,6.71,-15.26,5.49,-0.25,0.15,0.96
3.6126,2,-0.758,-0.07,0,0.65,293.26,4.95,5.92,-0.29,-0.29,0.16,4.06,36.32,-46.54,-64.85,-0.39,-0.19,1.12
3.616,7,-0.864,-0.04,0.06,-0.5,73.97,-8.22,0.77,0.13,0.07,-0.02,0,0.61,-9.31,2.9,0.14,-0.13,0.97
3.6175,3,-0.623,0,-0.07,-0.78,116.98,5.09,5.74,-0.03,-0.13,0.1,3.91,-25.18,0.46,11.9,0.04,0.11,1.08
3.6216,1,0.128,-0.03,-0.05,-0.99,208.58,-3.79,5.72,0.03,0.01,-0.04,4,-6.26,-5.8,15.72,0.03,0.11,0.95
3.6232,6,0.974,-0.14,0.18,0.04,15.72,20.64,-15.93,-0.4,0,0.29,3.92,17.24,13.43,-4.88,-0.85,-0.34,1.05
3.6267,5,0.792,0.18,0.34,0.47,83.84,21.87,41.19,0.39,0.09,-0.23,4.09,12.05,-43.79,-107.57,-0.26,0.14,0.79
3.6281,4,-0.634,0.04,-0.12,0.76,272.87,4.85,-13.95,-0.37,-0.95,0.12,3.89,100.71,-88.35,159.61,-0.96,-0.7,0.91
3.7129,0,0.114,0.05,-0.05,-0.99,207.41,4.72,6.12,0.17,-0.01,-0.02,4.04,-1.22,-26.7,17.55,-0.25,0.14,0.95
3.7145,2,-0.739,-0.07,0.01,0.67,289.93,4.09,6.47,-0.2,-0.1,-0.09,4.06,-10.68,16.17,13.12,-0.15,-0.04,0.92
3.7181,7,-0.865,-0.04,0.07,-0.5,73.69,-8.83,0.09,0.18,-0.17,-0.08,0,-13.58,-16.78,-23.35,0.39,-0.07,0.86
3.7195,3,-0.612,0.01,-0.06,-0.79,118.65,5.34,5,-0.24,-0.02,-0.07,3.91,-4.43,15.72,-9.61,-0.01,0.29,0.9
3.7239,1,0.144,-0.04,-0.05,-0.99,210.38,-4.93,5.26,0.1,0.1,-0.04,4,-4.43,-14.95,21.97,0.01,0.22,0.95
3.7254,6,0.971,-0.13,0.2,0.02,13.13,22.7,-15.99,0.01,0.08,-0.29,3.92,6.87,-10.38,-20.45,-0.22,-0.25,0.62
3.7288,5,0.842,0.16,0.31,0.41,73.44,23.27,34.3,0.28,0.38,-0.15,4.09,-69.89,-49.13,-68.05,-0.56,0.35,0.9
3.7301,4,-0.708,0.03,-0.07,0.7,284.31,3.2,-7.39,-0.34,-0.15,-0.09,3.89,-9.92,6.56,34.48,-0.2,-0.42,0.89
3.8149,0,0.127,0.03,-0.05,-0.99,208.81,2.13,5.96,0.17,0.04,-0.04,4.04,-7.78,-35.55,13.73,-0.19,0.19,0.94
3.8164,2,-0.75,-0.07,0,0.66,291.7,5,5.85,-0.19,-0.06,0.02,4.06,-17.24,7.32,-5.8,-0.18,-0.08,1.02
3.8206,7,-0.873,-0.05,0.1,-0.47,71.17,-13.1,-1.15,0.14,-0.17,-0.05,0,-12.05,-66.99,-19.68,0.4,-0.03,0.89
3.8223,3,-0.641,0.02,-0.07,-0.76,114.28,6.9,4.76,0.11,-0.13,-0.04,3.91,26.4,7.02,-14.5,0,-0.03,0.98
3.8263,1,0.156,-0.05,-0.05,-0.99,211.8,-6.17,5.18,0.21,0.1,-0.05,4,-5.04,-11.75,18.01,-0.07,0.24,0.95
3.8276,6,0.977,-0.13,0.17,0.01,12.35,19.76,-15.1,0.07,-0.15,-0.13,3.92,16.02,-51.42,-42.11,-0.24,-0.09,0.86
3.8313,5,0.875,0.12,0.25,0.4,67.38,20.18,25.98,0.11,0.07,-0.09,4.09,-59.81,-90.48,119.63,-0.32,0.33,0.84
3.833,4,-0.692,0.03,-0.09,0.72,281.68,4.67,-10.57,-0.21,-0.03,0.05,3.89,-62.87,19.53,-54.78,-0.1,-0.42,0.98
3.9269,0,0.127,0,-0.05,-0.99,208.63,-0.39,6.1,0.09,0.04,0,4.04,-3.05,-21.67,-16.33,-0.06,0.15,1
3.9285,2,-0.762,-0.06,-0.02,0.64,293.76,5.99,3.29,-0.13,-0.09,-0.02,4.06,-34.18,12.66,47,-0.21,-0.05,0.96
3.932,7,-0.869,-0.07,0.15,-0.47,70.58,-19.1,-1.33,-0.04,0.3,0.01,0,-7.93,-38.15,-4.73,0.08,-0.08,1.04
3.9334,3,-0.627,0,-0.09,-0.77,116.44,6.49,7.6,-0.1,-0.08,-0,3.91,22.28,-3.81,22.89,-0.01,0.2,0.98
3.9391,1,0.157,-0.05,-0.06,-0.98,211.79,-7.17,5.32,0.07,-0.07,0.01,4,-1.98,-6.26,-17.24,0.07,0.05,1
3.9407,6,0.985,-0.12,0.12,-0.03,8.38,12.96,-14.89,0.03,-0.02,-0.05,3.92,9.92,-76.14,-34.79,-0.18,-0.2,0.91
3.9441,5,0.889,0.09,0.16,0.42,66.33,12.03,17.97,-0.13,-0.11,0.26,4.09,-71.11,-69.58,22.28,-0.24,0.54,1.14
3.9454,4,-0.698,0.07,-0.13,0.7,283.17,4.99,-16.23,-0.17,0.04,0,3.89,-62.71,-25.18,129.55,-0.04,-0.42,0.92
4.0212,0,0.099,-0,-0.05,-0.99,205.43,-0.83,5.72,-0.02,0.02,0.1,4.04,-14.04,5.34,-50.2,0.06,0.11,1.15
4.0227,2,-0.788,-0.04,-0.05,0.61,298.39,7.55,-0.35,-0.04,-0.05,0.02,4.06,-49.13,11.75,38.45,-0.19,-0.03,1.02
4.0268,7,-0.872,-0.07,0.17,-0.45,69.14,-21.46,-1.71,-0.41,-0.22,-0.17,0,-27.47,78.12,-20.45,0.29,0.31,0.65
4.0283,3,-0.612,-0.01,-0.09,-0.78,118.56,5.25,9.54,-0.07,-0.1,-0.03,3.91,18.92,-10.68,24.57,0.02,0.2,0.96
4.0318,1,0.123,-0.07,-0.06,-0.99,207.77,-9.39,6.31,-0.29,-0.08,0.2,4,-0.46,-20.29,-44.1,0.35,-0.07,1.08
4.0333,6,0.99,-0.11,0.04,-0.07,5.14,4.08,-13.47,0.04,0.06,0.23,3.92,26.86,-99.49,-74.62,-0.15,-0.42,1.23
4.0373,0,0.048,0.01,-0.04,-1,199.57,1.25,4.26,-0.26,-0.14,-0.06,4.04,-7.63,26.4,-63.17,0.24,-0.09,0.96
4.0397,4,-0.794,0.11,-0.16,0.58,300.63,7.42,-20.65,0.14,-0.02,0.09,3.89,-62.87,-23.19,152.44,-0.12,-0.25,1.07
4.1309,5,0.884,0.06,0.11,0.45,69.02,7.77,11.49,-0.08,0.1,0.27,4.09,-50.35,1.07,141.45,-0.3,0.31,1.18
4.1324,2,-0.811,-0.02,-0.08,0.58,302.69,9.05,-3.65,0.03,-0.03,-0.02,4.06,-28.23,10.22,56.3,-0.17,-0.01,0.93
4.136,7,-0.889,-0.08,0.18,-0.41,63.95,-22.67,-0.1,-0.45,0.22,0.18,0,1.53,41.96,-21.21,0.09,0.23,1.19
4.1377,3,-0.599,-0.04,-0.09,-0.79,120.25,2.99,11.38,-0.15,0.02,-0.03,3.91,0.46,-19.38,1.98,-0.04,0.33,0.92
4.1423,1,0.095,-0.07,-0.04,-0.99,204.73,-8.34,3.82,-0.25,-0.21,-0.1,4,-20.75,9.16,-25.18,0.33,-0.19,0.88
4.1438,6,0.988,-0.13,-0.01,-0.09,3.98,-2.29,-14.23,-0.04,-0.5,-0.18,3.92,10.53,-34.33,-29.14,-0.04,0.26,0.96
4.1472,5,0.821,0.04,0.1,0.56,83.41,6.43,10.42,-0.3,-0.18,-0.01,4.09,6.1,17.4,78.58,-0.02,0.54,0.9
4.1486,4,-0.852,0.13,-0.18,0.47,313.68,10.73,-24.06,0.23,-0.06,-0.1,3.89,-56.61,-2.44,96.59,-0.11,-0.15,0.9
4.2149,0,0.027,0.01,-0.04,-1,197.19,1.08,4.85,-0.11,-0.11,-0.01,4.04,6.87,-11.9,-18.92,0.08,-0.04,1.01
4.2165,2,-0.827,-0.01,-0.1,0.55,305.97,10.41,-5.09,0.06,0.05,-0.05,4.06,-12.05,4.43,-5.8,-0.11,-0.06,0.96
4.2218,7,-0.897,-0.08,0.16,-0.41,62.52,-20.3,1.26,-0.12,-0.08,-0,0,10.53,39.52,-2.9,0.33,0.16,0.91
4.2243,3,-0.611,-0.04,-0.09,-0.79,118.51,2.28,11.34,0.01,0.04,0.03,3.91,2.29,-0.61,-19.99,-0.09,0.21,1.01
4.2288,1,0.087,-0.07,-0.03,-0.99,203.9,-8.71,2.84,-0.1,-0.1,0.01,4,-7.78,11.14,-8.24,0.23,-0.08,0.99
4.2305,6,0.986,-0.12,-0.04,-0.11,1.98,-5.54,-12.88,-0.05,0.11,0.02,3.92,2.9,-19.68,-2.14,0.1,-0.36,0.96
4.2355,5,0.82,0.05,0.11,0.56,83.44,7.42,11.43,-0.15,-0.15,0.01,4.09,27.47,7.63,-63.02,-0.04,0.36,0.97
4.2388,4,-0.859,0.16,-0.21,0.44,316.74,12.26,-27.72,0.22,-0.06,-0.09,3.89,-20.75,8.39,-6.1,-0.12,-0.23,0.9
4.319,0,0.016,0,-0.04,-1,195.87,0.1,4.53,-0.12,-0.12,-0.06,4.04,0,-6.56,-0.31,0.12,-0.05,0.96
4.321,2,-0.823,-0.01,-0.1,0.56,305.13,10.36,-5.74,0,0.01,0.09,4.06,-1.07,5.95,-16.48,-0.19,-0.11,1.06
4.3274,7,-0.898,-0.09,0.14,-0.41,62.65,-18.58,2.47,0.04,-0.08,-0.01,0,4.88,10.38,-1.37,0.39,0.05,0.9
4.3289,3,-0.617,-0.05,-0.09,-0.78,117.66,2.31,11.69,-0.01,0.01,0.07,3.91,1.53,-3.51,2.59,-0.05,0.23,1.03
4.3335,1,0.073,-0.07,-0.02,-0.99,202.37,-8.22,1.57,-0.05,-0.02,0.03,4,-6.87,22.43,-25.33,0.19,-0.01,1
4.335,6,0.986,-0.12,-0.06,-0.1,3.66,-7.67,-13.24,0.09,-0.03,0.01,3.92,-1.83,-25.33,16.17,0.21,-0.18,0.99
4.3407,5,0.83,0.06,0.13,0.54,81.01,8.75,14.4,0.06,-0.12,0.03,4.09,47.15,11.14,30.06,-0.01,0.27,0.99
4.3424,4,-0.865,0.15,-0.2,0.43,317.72,12.61,-26.57,0.18,-0.12,0,3.89,39.06,-3.2,11.44,-0.23,-0.24,0.96
4.4299,0,0.028,-0.01,-0.04,-1,197.18,-1.8,4.15,-0.05,-0.07,-0.02,4.04,0.92,-20.14,16.48,0.09,0.01,0.96
4.4321,2,-0.812,-0.01,-0.1,0.57,303.08,10.53,-5.55,-0.08,-0.03,-0.06,4.06,17.24,3.97,-4.73,-0.22,-0.15,0.9
4.4364,7,-0.898,-0.08,0.14,-0.41,62.76,-18.14,2.09,0.05,-0.1,-0.02,0,-17.55,-0.15,-6.1,0.41,0.06,0.9
4.4385,3,-0.612,-0.05,-0.09,-0.78,118.31,1.75,11.32,0.03,-0.03,-0.11,3.91,-3.51,2.9,18.46,-0,0.15,0.88
4.4457,1,0.05,-0.05,-0.01,-1,199.71,-6.04,1.31,-0.01,-0.05,0.01,4,1.68,28.38,-32.04,0.1,-0.02,1.02
4.4471,6,0.986,-0.12,-0.07,-0.09,4.63,-9.43,-13.28,0.04,0.02,-0.01,3.92,2.59,-14.19,-5.49,0.21,-0.23,0.94
4.4517,5,0.812,0.09,0.15,0.56,84.18,8.05,18.65,0.04,-0.1,-0.04,4.09,38.76,0,9.31,-0.03,0.3,0.91
4.4531,4,-0.874,0.12,-0.18,0.44,318.51,12.03,-21.51,0.03,0.04,-0.06,3.89,54.32,-12.66,4.43,-0.15,-0.35,0.88
4.5219,0,0.044,-0.04,-0.04,-1,198.88,-4.64,4.26,-0.07,-0.06,-0.01,4.04,3.66,-37.08,15.72,0.14,0.01,1.01
4.5238,2,-0.818,-0.03,-0.1,0.57,304.41,11.29,-3.38,0.03,-0.04,0.05,4.06,24.57,9.16,26.4,-0.23,-0.01,1.04
4.5286,7,-0.905,-0.07,0.15,-0.39,60.65,-19.2,1.02,-0.23,-0.12,0.07,0,-17.7,-12.36,-44.4,0.26,0.26,1.06
4.53,3,-0.6,-0.05,-0.09,-0.79,120.09,1.64,11.7,-0.07,0.03,0.09,3.91,0.76,5.65,11.44,-0.04,0.3,1.06
4.5346,1,0.017,-0.02,-0.01,-1,195.94,-2.61,1.1,-0,-0.01,-0.14,4,-1.68,21.82,-21.06,0.07,-0.03,0.83
4.5362,6,0.985,-0.12,-0.08,-0.09,5.05,-10.55,-13.2,-0.12,0.05,0.05,3.92,-1.98,-3.2,5.8,0.09,-0.3,1
4.5413,5,0.804,0.11,0.15,0.57,85.54,7.1,20.25,0.04,-0.05,-0.05,4.09,8.85,-6.41,15.11,-0.06,0.31,0.89
4.5433,4,-0.912,0.08,-0.14,0.38,327.79,11.29,-15.33,-0.01,0.18,0.1,3.89,25.79,-49.13,187.23,-0.11,-0.37,1.05
4.634,0,0.056,-0.06,-0.04,-1,200.24,-7.43,4.35,0.04,0,-0,4.04,-2.14,-4.27,7.48,0.09,0.09,1.02
4.6355,2,-0.838,-0.06,-0.09,0.54,308.81,12.15,-0.04,0.1,0.02,-0.03,4.06,19.38,-3.2,47.45,-0.14,0.1,0.95
4.6397,7,-0.914,-0.07,0.15,-0.37,58.32,-18.49,1.1,0.04,0.14,-0.06,0,6.26,2.59,20.6,0.26,-0.07,0.96
4.6417,3,-0.598,-0.04,-0.09,-0.79,120.32,2.23,11.26,-0.03,0.03,0.01,3.91,-7.17,9.16,-4.58,-0.06,0.23,0.98
4.6468,1,0.013,-0.02,-0.02,-1,195.45,-2.32,2.08,0.02,-0.01,0.04,4,10.99,-14.8,4.73,0.03,0.02,1.06
4.6485,6,0.985,-0.12,-0.08,-0.09,5.34,-10.64,-13.49,0.05,0.01,-0.03,3.92,-1.07,0.46,-4.88,0.23,-0.21,0.92
4.6522,5,0.812,0.11,0.14,0.55,83.77,6.31,20.28,-0.07,0.05,0.03,4.09,-3.05,-25.94,-74.46,-0.18,0.39,0.95
4.6536,4,-0.962,0.07,-0.12,0.24,345.44,10.9,-11.01,-0.02,0.06,-0.01,3.89,-3.51,-23.35,142.97,-0.17,-0.25,0.94
4.728,0,0.059,-0.06,-0.04,-1,200.57,-7.54,4.03,0,0.02,0.01,4.04,-2.9,-6.41,2.29,0.13,0.1,1
4.7295,2,-0.837,-0.07,-0.08,0.54,308.71,11.52,1.95,-0.02,0.06,-0.04,4.06,11.14,-15.87,-32.65,-0.15,-0.02,0.95
4.7331,7,-0.907,-0.07,0.13,-0.39,60.74,-17.36,1.13,0,-0.1,0.07,0,14.19,15.26,33.26,0.39,0.08,1
4.7346,3,-0.61,-0.03,-0.09,-0.79,118.85,4.01,10.3,-0,0.05,0,3.91,-13.28,23.35,-27.47,-0.12,0.19,0.98
4.7402,5,0.854,0.11,0.13,0.49,74.96,7.08,18.42,0.05,0.13,0.1,4.09,-7.02,-15.72,-61.34,-0.23,0.23,1.06
4.7425,6,0.985,-0.12,-0.09,-0.09,5.13,-11,-13.49,-0,-0.01,-0.01,3.92,-1.07,0.61,1.37,0.18,-0.23,0.94
4.7478,0,0.052,-0.07,-0.04,-1,199.76,-8.26,3.83,-0.04,0.02,0.03,4.04,-11.29,-14.65,-17.85,0.2,0.07,1.01
4.7499,4,-0.979,0.06,-0.11,0.16,354.3,10.8,-9.37,-0.11,-0.36,0.02,3.89,9.46,8.39,-70.65,-0.41,0.15,1.01
4.8233,1,0.02,-0.02,-0.03,-1,196.32,-1.94,3.22,0.02,0.01,0.05,4,19.07,16.78,22.43,0.01,0.08,1.04
4.825,2,-0.818,-0.06,-0.07,0.57,304.6,9.74,0.95,-0.06,-0.09,0.07,4.06,-7.63,-2.14,-44.86,-0.29,-0.01,1.04
4.8289,7,-0.897,-0.07,0.13,-0.42,63.7,-16.57,1.3,-0.01,0.04,-0.17,0,3.66,5.19,14.04,0.21,0.01,0.8
4.8304,3,-0.64,-0,-0.09,-0.76,114.6,6.86,8.46,0.07,-0.09,-0,3.91,-16.63,7.32,-35.1,-0.05,0.06,1
4.8343,1,0.035,-0,-0.04,-1,197.99,-0.57,4.99,0.01,0.11,-0.05,4,1.37,13.12,0.15,0,0.18,0.93
4.8358,6,0.984,-0.12,-0.09,-0.09,4.6,-11.18,-13.5,-0.01,0.01,0.01,3.92,-0.76,6.26,-7.02,0.17,-0.25,0.95
4.8401,5,0.86,0.1,0.13,0.48,73.82,7.12,17.6,-0.03,0.08,-0.09,4.09,3.66,6.87,39.06,-0.19,0.27,0.86
4.842,4,-0.958,0.06,-0.11,0.26,343.02,9.97,-10.24,-0.06,-0.01,0.04,3.89,4.27,9.61,-76.45,-0.24,-0.18,1
4.9359,0,0.048,-0.08,-0.03,-0.99,199.34,-9.79,3.14,0.04,-0.04,-0.04,4.04,2.9,-0.92,15.56,0.11,0.02,0.95
4.9374,2,-0.818,-0.06,-0.07,0.57,304.53,10.4,0.63,0.04,0.02,-0.03,4.06,-2.75,2.59,10.22,-0.15,0.05,0.95
4.9421,7,-0.89,-0.07,0.13,-0.43,65.44,-17.33,1.04,-0.15,0.09,0.03,0,-4.88,-6.1,-17.24,0.15,0.09,1.03
4.9437,3,-0.64,0,-0.08,-0.76,114.51,6.39,7.13,0.01,-0.04,-0.06,3.91,-2.44,-21.21,12.36,-0.07,0.11,0.94
4.9476,1,0.037,0.01,-0.04,-1,198.36,0.68,4.73,-0.04,-0.03,-0.06,4,-3.36,-1.53,1.22,0.03,0.05,0.95
4.9491,6,0.984,-0.12,-0.09,-0.1,3.86,-11.12,-13.48,0.01,0.01,-0,3.92,1.37,1.53,-1.22,0.2,-0.23,0.95
4.9526,5,0.841,0.1,0.13,0.51,77.98,6.89,18,-0.01,-0,0.05,4.09,-5.34,13.89,31.89,-0.12,0.33,1.01
4.9541,4,-0.932,0.07,-0.11,0.34,333.11,9,-12.27,-0.02,0.03,-0.02,3.89,-9.16,17.24,-121.46,-0.14,-0.25,0.93
5.03,0,0.067,-0.08,-0.03,-0.99,201.47,-8.85,3.43,0.02,0.02,0.08,4.04,3.05,6.87,15.26,0.15,0.09,1.08
5.0316,2,-0.816,-0.05,-0.07,0.57,303.99,10,0.3,-0.05,-0.01,0.02,4.06,-5.49,-7.48,4.88,-0.2,-0.04,1
5.0351,7,-0.895,-0.07,0.13,-0.42,64.28,-16.83,0.45,0.04,-0.18,-0.02,0,-0.46,-1.37,-12.51,0.44,0.1,0.9
5.0364,3,-0.637,-0.01,-0.08,-0.77,114.91,4.91,7.69,-0.04,0.06,0.07,3.91,12.51,-0.92,-8.09,-0.13,0.18,1.04
5.0406,1,0.036,0,-0.04,-1,198.21,0.32,4.58,0.01,0.04,0.06,4,-0.31,-1.68,4.58,-0.01,0.11,1.05
5.0421,4,-0.89,0.09,-0.11,0.43,321.37,7.19,-15.34,-0.06,0.03,0.02,3.89,-13.89,6.26,-79.35,-0.15,-0.35,0.96
5.046,5,0.829,0.09,0.13,0.54,80.77,6.78,17.49,-0.03,-0.06,0.01,4.09,-8.7,-1.53,7.48,-0.08,0.36,0.94
5.0476,6,0.984,-0.12,-0.09,-0.1,4.1,-11.11,-13.32,-0,-0.03,-0.01,3.92,1.98,1.22,2.59,0.19,-0.21,0.95
5.1412,0,0.071,-0.07,-0.04,-0.99,201.97,-8.36,3.53,0,0.05,-0,4.04,1.83,3.2,-0.31,0.15,0.1,0.97
5.1428,2,-0.82,-0.05,-0.07,0.57,304.76,9.69,0.07,0.02,-0.03,0,4.06,-2.44,0.76,-5.95,-0.19,0.03,0.98
5.1465,7,-0.893,-0.07,0.13,-0.42,64.64,-17.16,1.07,-0,0.06,-0.06,0,1.37,-2.59,9.61,0.23,0,0.92
5.148,3,-0.638,-0.01,-0.08,-0.77,114.83,5.11,8.33,-0.03,-0.01,0.01,3.91,3.2,0,2.44,-0.08,0.19,0.99
5.1515,1,0.039,0.01,-0.04,-1,198.55,0.53,4.66,-0.02,0.01,-0.05,4,-3.36,-1.53,-5.8,0.01,0.11,0.96
5.1532,4,-0.884,0.1,-0.12,0.44,320.05,6.83,-16.94,0.03,-0.1,-0,3.89,-10.07,-3.66,34.94,-0.18,-0.2,0.96
5.1595,5,0.848,0.09,0.12,0.51,76.84,6.43,16.62,-0.03,-0.12,-0.02,4.09,0.92,-28.99,-91.71,-0.03,0.37,0.92
5.161,6,0.984,-0.12,-0.09,-0.09,4.57,-11.05,-13.24,-0.01,-0.01,-0,3.92,1.53,-0.15,8.24,0.18,-0.22,0.96
5.2334,0,0.066,-0.07,-0.04,-0.99,201.32,-8.71,3.56,0.01,0.02,-0.01,4.04,-4.73,-7.48,-14.95,0.14,0.07,0.98
5.235,3,-0.642,-0.02,-0.09,-0.76,114.18,4.81,8.75,-0.02,-0.02,0,3.91,3.05,-3.97,-15.26,-0.06,0.17,0.99
5.2411,7,-0.895,-0.07,0.13,-0.42,64.16,-17.32,1.13,-0,-0.05,-0,0,-4.88,-7.93,-15.11,0.3,0.04,0.95
5.2437,2,-0.817,-0.05,-0.07,0.57,304.22,9.95,-0.18,-0.01,-0,-0.01,4.06,-3.36,-0.76,-2.29,-0.17,-0,0.98
5.2481,1,0.032,0.01,-0.04,-1,197.75,0.49,4.72,-0.01,0.02,0.03,4,-1.37,0.61,-7.32,0,0.1,1.02
5.2518,4,-0.887,0.1,-0.12,0.43,320.87,7.31,-16.71,0.02,-0.05,-0,3.89,2.59,6.26,-24.11,-0.15,-0.24,0.95
5.2577,5,0.896,0.1,0.11,0.42,65.08,6.77,15.79,0.08,0.09,-0,4.09,3.97,-20.9,-80.72,-0.14,0.15,0.98
5.2597,6,0.985,-0.12,-0.09,-0.09,5.35,-11.03,-13.14,-0.01,-0.01,0.01,3.92,2.75,0.46,6.26,0.18,-0.22,0.97
5.345,0,0.051,-0.08,-0.03,-1,199.61,-8.87,3.34,0,0.01,0,4.04,-3.81,-2.29,-15.72,0.16,0.06,0.99
5.3467,3,-0.652,-0.02,-0.08,-0.75,112.63,4.6,8.9,0.01,-0.01,0.01,3.91,3.66,-2.29,-12.05,-0.07,0.14,1
5.3507,7,-0.897,-0.07,0.13,-0.42,63.6,-17.55,1.01,-0.01,0.03,-0,0,-1.37,-0.31,0.31,0.29,0,0.94
5.3524,2,-0.815,-0.04,-0.07,0.57,303.81,9.76,-0.64,-0.01,-0.02,0.03,4.06,-2.29,-1.98,-1.83,-0.19,-0.01,1.01
5.3591,1,0.026,0.01,-0.04,-1,197.03,0.64,4.54,-0.02,0.02,-0.01,4,-2.59,-2.29,-7.48,0.01,0.09,0.99
5.3606,4,-0.879,0.1,-0.12,0.45,318.76,6.91,-16.67,-0.02,-0.01,0.02,3.89,0.31,-0.61,-12.05,-0.15,-0.3,0.97
5.3648,5,0.897,0.09,0.11,0.42,65.07,6.58,14.7,-0.11,0.06,-0,4.09,-16.02,19.53,72.78,-0.23,0.29,0.93
5.3663,6,0.986,-0.12,-0.09,-0.08,5.74,-10.93,-12.89,-0.02,-0.02,0.01,3.92,1.22,2.59,1.68,0.17,-0.2,0.97
5.4373,0,0.046,-0.08,-0.03,-1,199.08,-9.31,3.15,0.02,-0.03,-0.01,4.04,0.92,-1.83,-0.46,0.14,0.02,0.98
5.4391,3,-0.658,-0.02,-0.08,-0.75,111.8,4.61,8.87,-0,-0.01,-0.01,3.91,0,0,-5.49,-0.07,0.15,0.98
5.4457,7,-0.898,-0.07,0.14,-0.41,63.03,-18.05,1.02,0,-0.01,-0.01,0,-2.59,-9,-9.16,0.31,0.02,0.94
5.4475,2,-0.815,-0.04,-0.07,0.57,303.7,9.57,-0.59,-0,-0.02,0.01,4.06,2.14,-1.68,-5.95,-0.18,-0.01,0.99
5.4518,1,0.021,0.01,-0.04,-1,196.54,0.56,4.26,0.01,-0.02,0.02,4,-2.75,-0.31,-4.88,-0.01,0.05,1.01
5.4537,6,0.986,-0.12,-0.08,-0.08,5.6,-10.72,-12.62,0.01,-0.01,-0.01,3.92,0.31,2.75,-1.37,0.2,-0.2,0.94
5.4594,5,0.855,0.09,0.11,0.5,75.32,6.16,15.14,-0.15,-0.08,0.09,4.09,-2.29,15.72,55.85,-0.11,0.44,1.01
5.4614,4,-0.879,0.1,-0.12,0.45,318.68,6.72,-16.75,-0.01,-0.08,0.01,3.89,-2.29,-0.76,-5.49,-0.19,-0.25,0.96
5.5293,0,0.049,-0.08,-0.03,-1,199.46,-9.26,3.2,0,-0,0.02,4.04,2.14,0.31,3.97,0.16,0.06,1
5.5308,3,-0.66,-0.02,-0.08,-0.75,111.44,4.6,8.81,-0.01,-0.01,0.01,3.91,2.14,0,-2.59,-0.07,0.15,0.99
5.5356,7,-0.9,-0.07,0.14,-0.41,62.47,-18.48,0.89,-0.01,-0.02,0,0,-0.31,-2.9,-1.53,0.33,0.04,0.95
5.537,2,-0.812,-0.05,-0.07,0.58,303.23,9.54,-0.44,-0.04,-0.02,0.01,4.06,2.75,0.31,-2.9,-0.19,-0.04,0.99
5.5428,1,0.019,0.01,-0.03,-1,196.22,0.75,3.95,0,-0.01,0,4,-0.61,-0.92,0,-0.02,0.06,1
5.545,6,0.986,-0.12,-0.09,-0.08,5.43,-10.81,-12.54,-0.02,-0.02,-0,3.92,-0.61,1.37,-2.75,0.16,-0.2,0.96
5.5513,0,0.049,-0.08,-0.03,-0.99,199.36,-9.52,3.39,-0.01,0,0.01,4.04,1.22,-5.8,-5.04,0.17,0.06,0.99
5.5532,4,-0.875,0.1,-0.12,0.46,317.86,6.77,-16.68,-0.04,-0.05,0.01,3.89,4.12,0.61,-3.36,-0.17,-0.29,0.95
5.6431,5,0.852,0.09,0.12,0.5,76.04,6.71,15.51,0.01,-0.05,0.02,4.09,5.04,5.04,-16.78,-0.07,0.28,0.97
5.6446,2,-0.814,-0.05,-0.07,0.57,303.58,9.71,-0.46,-0,-0.01,0,4.06,-1.53,0.31,5.19,-0.18,-0,0.98
5.648,7,-0.9,-0.07,0.14,-0.41,62.37,-18.67,1.08,0.01,0,-0.01,0,1.22,-1.37,0.76,0.33,0.01,0.94
5.6495,3,-0.661,-0.02,-0.09,-0.75,111.32,4.54,9.11,-0.01,-0.02,0,3.91,2.14,-0.31,1.22,-0.06,0.16,0.98
5.653,1,0.02,0.01,-0.03,-1,196.39,0.91,3.8,-0,-0.02,-0,4,-1.22,1.37,2.9,-0.01,0.05,0.99
5.6546,6,0.986,-0.12,-0.09,-0.09,5.06,-10.9,-12.5,-0.02,0.02,-0,3.92,-0.46,-0.15,-0.15,0.17,-0.23,0.96
5.66,5,0.853,0.08,0.12,0.5,75.82,6.86,15.4,-0.02,-0.06,0,4.09,-3.36,-1.37,-1.68,-0.08,0.31,0.96
5.6615,4,-0.878,0.1,-0.12,0.45,318.52,6.83,-16.08,-0.02,-0.02,0,3.89,4.88,-2.44,5.04,-0.15,-0.28,0.95
5.737,0,0.045,-0.09,-0.04,-0.99,198.97,-10.11,3.62,0.01,-0.02,0.01,4.04,1.53,-5.19,-5.04,0.17,0.05,1
5.7387,2,-0.815,-0.05,-0.07,0.57,303.87,9.71,-0.42,0,-0.01,0,4.06,1.22,-1.22,-1.98,-0.18,-0,0.99
5.7442,7,-0.898,-0.08,0.14,-0.41,62.69,-18.79,1.17,-0.02,-0.02,-0,0,2.29,-0.76,4.12,0.33,0.04,0.94
5.7457,3,-0.66,-0.02,-0.08,-0.75,111.36,4.21,9.05,-0.02,-0,0.01,3.91,-0.92,-1.22,1.68,-0.07,0.18,0.99
5.7493,1,0.023,0.01,-0.03,-1,196.72,0.99,3.61,-0,0,0.01,4,-1.68,0,2.29,-0,0.07,1
5.7507,6,0.986,-0.12,-0.08,-0.09,4.95,-10.83,-12.47,-0.02,0,0,3.92,0.31,-0.31,0.76,0.17,-0.22,0.96
5.7541,5,0.86,0.08,0.11,0.49,74.41,6.73,14.76,-0.03,-0.03,0.02,4.09,-3.51,-6.41,-27.16,-0.11,0.29,0.98
5.7554,4,-0.879,0.1,-0.12,0.45,318.51,6.87,-16,-0.03,-0.04,0.01,3.89,-2.59,0,-3.05,-0.17,-0.28,0.96
5.85,0,0.043,-0.09,-0.04,-0.99,198.63,-10.34,3.8,0.01,-0.02,0.01,4.04,1.22,-1.22,-2.75,0.17,0.05,0.99
5.852,2,-0.815,-0.05,-0.07,0.57,303.75,9.62,-0.37,-0.03,-0.01,0.01,4.06,0,-0.31,0.92,-0.19,-0.03,0.99
5.855,7,-0.897,-0.08,0.15,-0.41,62.94,-19,1.29,-0.01,-0.02,-0.01,0,-0.46,-1.68,-1.68,0.33,0.05,0.93
5.857,3,-0.659,-0.03,-0.08,-0.75,111.5,4.09,9.07,-0.02,-0,0.02,3.91,-0.46,0,3.05,-0.07,0.18,1
5.862,1,0.022,0.01,-0.03,-1,196.62,1,3.36,0,-0.02,-0,4,-2.59,-0.76,-2.14,-0.02,0.04,1
5.863,6,0.986,-0.12,-0.09,-0.09,5.11,-10.91,-12.47,-0.01,-0,0,3.92,0.31,-1.07,1.98,0.18,-0.21,0.96
5.867,5,0.87,0.08,0.11,0.47,72,6.9,14.41,-0.01,0.01,0.01,4.09,3.2,-2.9,-15.11,-0.14,0.25,0.96
5.868,4,-0.879,0.1,-0.12,0.45,318.58,6.88,-16.19,-0.02,-0.03,0,3.89,-1.53,-0.15,0.76,-0.16,-0.28,0.95
5.946,0,0.041,-0.09,-0.04,-0.99,198.4,-10.31,3.93,0.01,-0.02,-0,4.04,0.31,1.37,-3.05,0.17,0.05,0.99
5.948,2,-0.816,-0.05,-0.07,0.57,303.97,9.63,-0.45,-0.01,-0.01,0.01,4.06,0.15,-1.37,0.92,-0.18,-0.01,0.99
5.951,7,-0.898,-0.08,0.15,-0.41,62.61,-19.31,1.47,-0.02,-0.03,0,0,0.15,-0.61,-3.66,0.33,0.06,0.94
5.953,3,-0.658,-0.03,-0.08,-0.75,111.76,4.16,9.19,-0,-0,0.01,3.91,-0.15,1.83,1.07,-0.07,0.16,0.99
5.956,1,0.02,0.01,-0.03,-1,196.42,0.99,3.17,-0.01,-0,-0,4,0,-0.61,-3.81,-0.01,0.05,1
