0,2,-0.821,-0.04,-0.07,0.57,304.86,8.91,-0.5,-0.02,-0.01,0.01,4.09,-0.15,-1.83,0.31,-0.17,-0.02,0.99
0.0227,5,0.87,0.07,0.13,0.47,72.01,9.87,14.23,-0,-0,0.01,4.09,-0.76,0.61,1.83,-0.17,0.25,0.96
0.0245,4,-0.898,0.09,-0.11,0.42,323.52,6.89,-15.31,-0.02,-0,0.01,3.98,-1.53,-1.98,-0.46,-0.13,-0.27,0.96
0.0615,0,0.103,-0.07,-0.04,-0.99,205.57,-8.16,3.93,-0,-0.01,0.01,4.09,0.31,1.22,1.07,0.14,0.06,1
0.063,6,0.963,-0.11,-0.1,-0.22,349.36,-14.41,-9.83,-0.02,-0,0,4,-2.44,-0.76,0.46,0.23,-0.17,0.96
0.0666,1,-0.012,0.03,-0.04,-1,192.77,3.01,4.46,-0.04,0.01,0,4.09,0,0.15,0.46,-0.01,0.09,1
0.068,3,-0.652,-0.02,-0.09,-0.75,112.63,5.34,9.1,-0.03,-0.01,0.01,4,0.31,3.81,-0.61,-0.08,0.19,0.99
0.0955,7,-0.914,-0.1,0.06,-0.39,59.53,-10.45,8.05,-0.01,0,0,0,-0.46,0.92,0.31,0.17,0.15,0.98
0.097,2,-0.821,-0.04,-0.06,0.57,304.81,8.7,-0.38,-0.06,-0.02,0.02,4.09,4.88,-3.81,3.05,-0.19,-0.06,1
0.1194,5,0.869,0.07,0.13,0.47,72.29,9.85,14.23,-0.01,-0,0.02,4.09,-0.15,0.61,1.98,-0.18,0.26,0.97
0.1208,4,-0.898,0.1,-0.11,0.42,323.44,6.64,-15.39,-0.02,-0.01,0.01,3.98,0.46,-5.8,-0.15,-0.14,-0.27,0.96
0.1554,1,-0.012,0.03,-0.04,-1,192.81,2.97,4.53,-0.05,0.01,0,4.09,0,0.46,-0.31,-0,0.09,1
0.1577,6,0.963,-0.11,-0.1,-0.22,349.44,-14.34,-10.18,-0.02,-0.01,0,4,-3.05,0,-0.31,0.23,-0.17,0.96
0.1615,0,0.104,-0.07,-0.04,-0.99,205.77,-8.05,3.95,-0,-0,0.01,4.09,0.46,2.29,1.53,0.14,0.06,1
0.163,3,-0.652,-0.01,-0.09,-0.75,112.64,6,8.98,-0.01,-0.02,0.01,4,-2.14,9.92,-1.22,-0.08,0.17,0.99
0.2095,7,-0.914,-0.1,0.06,-0.39,59.62,-10.32,7.94,-0.01,-0,-0,0,-0.31,1.22,0,0.17,0.14,0.97
0.2111,2,-0.825,-0.04,-0.06,0.56,305.73,8.29,0.38,-0.09,-0.02,0.01,4.09,12.05,-5.49,11.9,-0.2,-0.07,1
0.2334,5,0.869,0.07,0.13,0.47,72.37,9.83,14.16,-0.02,-0,0.02,4.09,-1.22,0.61,0.15,-0.18,0.26,0.97
0.2348,4,-0.9,0.1,-0.1,0.41,323.92,5.9,-14.99,-0.02,0,0.01,3.98,6.41,-13.12,7.32,-0.12,-0.28,0.96
0.2705,0,0.105,-0.06,-0.04,-0.99,205.91,-7.88,4.05,-0,-0,0,4.09,1.07,0.46,0,0.15,0.07,0.99
0.2734,6,0.963,-0.12,-0.1,-0.22,349.65,-14.34,-10.56,-0.01,-0.03,-0.01,4,-4.12,0.61,2.29,0.23,-0.15,0.95
0.2778,1,-0.011,0.02,-0.04,-1,192.85,2.86,4.61,-0.05,-0,0,4.09,0.31,0.31,-0.31,-0,0.08,1
0.2792,3,-0.645,-0,-0.1,-0.76,113.79,6.94,8.88,-0.03,-0.01,-0.01,4,-3.36,15.26,20.29,-0.11,0.17,0.96
0.2966,7,-0.914,-0.1,0.05,-0.39,59.68,-10.16,7.88,-0.01,0,-0,0,0,1.37,0.46,0.17,0.14,0.97
0.2981,2,-0.835,-0.05,-0.05,0.55,307.9,7.7,2.09,-0.11,-0,-0.07,4.09,25.18,-9.46,32.2,-0.16,-0.07,0.9
0.3715,5,0.869,0.07,0.13,0.47,72.34,9.91,14.18,-0.01,0,0.01,4.09,-0.31,0.61,-0.92,-0.17,0.25,0.96
0.3743,4,-0.909,0.09,-0.08,0.4,326.21,4.46,-13.82,-0.06,0.02,-0.12,3.98,13.43,-26.25,27.47,-0.09,-0.26,0.83
0.3785,1,-0.012,0.02,-0.04,-1,192.81,2.83,4.67,-0.04,0,-0,4.09,0.61,-1.22,0,-0,0.09,1
0.38,6,0.964,-0.12,-0.1,-0.22,349.91,-14.42,-10.55,0.01,0.08,-0.05,4,7.02,-4.58,12.82,0.29,-0.24,0.87
0.3845,0,0.105,-0.06,-0.04,-0.99,205.86,-7.83,4.23,-0.02,-0.02,0.01,4.09,1.22,-0.46,-1.37,0.15,0.05,1
0.386,3,-0.624,0.01,-0.1,-0.77,116.93,8.18,8.67,-0.08,0.06,-0.1,4,-7.17,13.28,29.91,-0.19,0.22,0.89
0.4054,7,-0.913,-0.1,0.05,-0.39,59.93,-9.85,7.95,-0.05,-0,0.01,0,1.83,3.51,-0.61,0.14,0.17,0.99
0.4072,2,-0.85,-0.07,-0.03,0.52,311.33,6.73,5.23,-0.09,0.13,0.05,4.09,22.43,0.15,36.47,-0.05,-0.03,1.09
0.4214,5,0.869,0.06,0.14,0.47,72.33,10.03,14.08,-0.03,-0,0.03,4.09,0,2.14,0,-0.2,0.27,0.97
0.4236,4,-0.924,0.08,-0.06,0.37,330.34,2.51,-11.41,-0.05,0.02,0.13,3.98,37.69,-26.7,30.36,-0.08,-0.28,1.11
0.4535,0,0.105,-0.06,-0.04,-0.99,205.79,-7.8,4.35,-0.03,-0.02,0.03,4.09,2.44,3.05,0,0.16,0.05,1.01
0.4551,6,0.967,-0.12,-0.11,-0.2,352.4,-14.9,-10.93,-0.1,-0.11,0.03,4,1.22,-0.61,4.12,0.14,-0.15,1.02
0.4593,1,-0.013,0.02,-0.04,-1,192.66,2.67,4.82,-0.04,-0.01,0.01,4.09,2.29,-1.22,-0.61,-0.01,0.08,1
0.4608,3,-0.604,0.02,-0.11,-0.79,119.96,8.96,8.57,-0.25,0.08,0.12,4,-15.41,5.49,21.36,-0.19,0.42,1.04
0.5364,7,-0.913,-0.1,0.05,-0.39,60.02,-9.2,8.41,-0.04,-0.01,0.01,0,4.88,8.24,-0.15,0.14,0.18,0.99
0.5379,2,-0.861,-0.08,-0.01,0.5,313.91,5.63,7.81,-0.08,0.02,0.09,4.09,28.53,-13.89,6.87,-0.13,0.06,1.05
0.5417,5,0.868,0.06,0.14,0.47,72.4,10.45,14.41,-0.02,0,0.02,4.09,4.88,4.58,5.19,-0.2,0.27,0.97
0.5433,4,-0.928,0.06,-0.03,0.37,330.89,0.78,-7.74,-0.14,0.08,0.02,3.98,21.36,-12.97,-22.28,-0.06,-0.29,0.98
0.5625,0,0.108,-0.06,-0.04,-0.99,206.15,-7.04,4.43,-0.04,-0.03,0.03,4.09,2.44,14.34,6.56,0.16,0.03,1.02
0.5641,6,0.967,-0.12,-0.1,-0.2,351.7,-14.18,-11.17,-0.07,-0,-0.02,4,-5.04,14.5,-7.02,0.17,-0.19,0.94
0.5678,1,-0.013,0.02,-0.04,-1,192.67,2.43,5.01,-0.03,-0.02,-0,4.09,1.68,-3.2,-0.61,-0.01,0.07,1
0.5693,3,-0.589,0.03,-0.1,-0.8,121.97,9.58,7.17,-0.2,0.09,-0.18,4,-25.48,6.26,5.19,-0.17,0.31,0.76
0.6004,7,-0.913,-0.1,0.03,-0.39,60.05,-7.98,9.22,-0.09,0,0.02,0,13.73,16.63,-7.48,0.07,0.24,1
0.602,2,-0.862,-0.11,0.02,0.49,315.02,4.73,12.23,-0.04,0.11,-0.05,4.09,50.96,0,16.48,-0.01,0.12,0.95
0.6248,5,0.861,0.07,0.15,0.48,73.9,10.86,15.18,-0.02,0.02,0.01,4.09,5.19,11.14,28.38,-0.22,0.26,0.95
0.6264,4,-0.925,0.06,-0.02,0.37,330.04,-0.15,-7.11,-0.13,0.02,0.01,3.98,-1.07,3.51,-4.12,-0.08,-0.22,1
0.6795,0,0.121,-0.04,-0.04,-0.99,207.77,-5.09,4.36,-0.04,-0.05,0.02,4.09,2.14,30.21,19.07,0.13,0.01,1
0.681,6,0.967,-0.12,-0.09,-0.21,351.07,-12.65,-11.27,-0.21,-0.11,0.01,4,-6.71,21.97,-4.73,-0.05,-0.19,1.02
0.6845,1,-0.012,0.02,-0.04,-1,192.78,2.13,5.04,-0.01,-0.03,-0.03,4.09,-2.29,-4.43,2.14,-0.03,0.06,0.97
0.6859,3,-0.584,0.05,-0.08,-0.81,122.63,9.85,4.86,-0.19,0.11,-0.21,4,-25.33,-7.78,3.36,-0.18,0.29,0.75
0.7034,7,-0.914,-0.11,-0,-0.39,59.76,-4.93,11.99,-0.17,0,0.04,0,41.05,38.3,-13.28,-0.05,0.37,1.01
0.7049,2,-0.86,-0.16,0.04,0.48,316.16,4.6,18.24,0.08,0.07,0.11,4.09,72.33,14.95,-19.99,0.01,0.38,1.06
0.7407,5,0.84,0.07,0.16,0.51,78.6,11.37,16.98,-0.03,0.03,-0.06,4.09,12.82,21.82,55.39,-0.23,0.28,0.86
0.7426,4,-0.917,0.06,-0.04,0.39,327.66,1.75,-8.11,0.02,-0.05,0.15,3.98,-13.73,46.69,-50.81,-0.05,-0.08,1.12
0.7645,0,0.147,-0.01,-0.04,-0.99,210.93,-1.62,4.44,-0.09,0.11,-0.01,4.09,6.87,40.13,33.26,0.15,0.16,0.98
0.7661,6,0.972,-0.12,-0.04,-0.2,351.74,-6.85,-13.17,-0.6,0.09,0.12,4,-47.91,100.1,92.77,-0.39,-0.56,1.07
0.7701,1,-0.005,0.02,-0.03,-1,193.55,1.92,3.67,-0.1,-0.01,-0.13,4.09,-28.08,-2.59,10.53,0.09,0.05,0.89
0.7717,3,-0.595,0.05,-0.06,-0.8,120.87,8.56,1.63,-0.18,0.02,-0.26,4,-46.84,-22.74,-59.81,-0.08,0.18,0.69
0.8156,7,-0.907,-0.15,-0.07,-0.39,60.54,0.34,18.38,-0.04,0.02,0.14,0,80.26,31.74,40.59,-0.09,0.35,1.13
0.817,2,-0.828,-0.23,0.07,0.5,313.11,7.19,27.34,-0.07,-0.08,-0.45,4.09,118.87,8.39,-37.69,-0.2,0.22,0.44
0.8394,5,0.804,0.08,0.18,0.56,85.85,10.98,20.01,-0.06,0.01,0.07,4.09,11.9,16.33,67.9,-0.23,0.41,0.96
0.8425,4,-0.891,0.05,-0.08,0.44,320.57,6.34,-9.01,0.26,-0.15,-0.33,3.98,15.11,50.05,-55.08,-0.01,0.25,0.73
0.8632,0,0.17,0.02,-0.04,-0.98,213.7,2.02,5.09,-0.06,0.15,0.13,4.09,1.83,52.03,11.75,0.08,0.22,1.11
0.8655,6,0.975,-0.14,0.1,-0.14,356.3,8.84,-18.25,0.81,-0.07,0.41,4,-27.92,145.11,48.98,0.52,-0.19,1.5
0.8723,1,0.002,0.02,-0.02,-1,194.33,1.87,2.16,-0.12,0.22,0.21,4.09,10.22,11.14,6.26,0.07,0.25,1.14
0.8744,3,-0.657,0.07,-0.02,-0.75,111.41,7.03,-3.5,0.18,-0.38,-0.28,4,28.53,1.83,-111.24,0.32,-0.31,0.92
0.9163,7,-0.895,-0.17,-0.12,-0.39,62.38,5,24.09,0.21,-0.08,-0.08,0,26.25,25.33,44.1,0.14,0.3,0.9
0.9177,2,-0.798,-0.31,0.12,0.5,312.2,7.39,38.31,-0.24,0.03,-0.13,4.09,110.47,1.22,34.33,-0.18,0.4,0.76
0.9354,5,0.78,0.09,0.18,0.59,90.47,9.87,20.62,-0.14,0.04,-0.08,4.09,-19.07,-4.27,14.8,-0.22,0.42,0.77
0.9369,4,-0.873,-0.01,-0.07,0.48,315.95,7.61,-2.73,0.06,-0.04,-0.01,3.98,121.61,-15.87,20.9,-0.13,0.04,0.98
0.9724,1,0.005,0.03,-0.03,-1,194.7,3.01,3.39,-0.13,0.02,-0.07,4.09,1.07,6.71,-2.29,0.1,0.06,0.96
0.9744,6,0.957,-0.16,0.18,-0.16,351.67,16.93,-22.69,0.26,0.28,-0.26,4,-46.39,9,61.95,-0,-0.42,0.71
0.9791,0,0.183,0.06,-0.04,-0.98,215.53,6.46,5.44,-0.04,0.16,-0.04,4.09,-5.34,47,5.8,-0.05,0.23,0.95
0.9805,3,-0.662,0.04,-0.01,-0.75,110.97,4.48,-2.71,0.05,0.1,0.01,4,-6.26,-43.03,57.68,-0.16,-0.02,0.96
1.0064,7,-0.888,-0.18,-0.12,-0.4,63.93,4.28,24.81,-0.05,-0.12,-0.14,0,-10.99,-39.98,-79.96,-0.03,0.43,0.77
1.0082,2,-0.79,-0.38,0.17,0.45,316.32,4.24,48.79,0.21,-0.05,-0,4.09,95.37,9.31,33.42,-0.01,0.89,0.5
1.0644,5,0.781,0.08,0.16,0.6,90.46,8.81,18.25,-0.16,0.03,-0.2,4.09,-30.06,-14.19,-7.63,-0.18,0.38,0.69
1.066,4,-0.891,-0.1,0.01,0.44,321.63,4.05,10.7,-0,-0,0.12,3.98,121.31,-30.21,53.1,-0.08,0.2,1.08
1.0694,1,-0.002,0.03,-0.02,-1,193.96,3.93,2.31,-0.11,0.03,-0.08,4.09,-21.67,8.7,-14.34,0.05,0.06,0.92
1.0709,6,0.964,-0.17,0.19,-0.08,0.97,19.84,-22.07,-0.17,-0.36,-0.34,4,-7.02,-17.85,32.5,-0.55,0.2,0.67
1.0884,0,0.174,0.12,-0.02,-0.98,214.79,12.57,4.81,-0.02,0.19,-0.01,4.09,-25.63,69.89,-40.28,-0.14,0.26,0.98
1.0899,3,-0.69,0.02,0.01,-0.72,106.67,0.81,-2.46,0.25,-0.06,0.15,4,7.63,-22.58,-63.63,0.03,-0.3,1.14
1.1078,7,-0.912,-0.18,-0.1,-0.36,57.59,3.12,23.05,-0.39,0.05,-0,0,-13.73,-42.72,-19.23,-0.34,0.66,0.84
1.1102,2,-0.763,-0.44,0.21,0.42,318,2.82,58.91,0.15,-0.07,0.01,4.09,74.31,8.54,-19.23,-0.03,0.95,0.39
1.1626,5,0.791,0.06,0.13,0.59,88.88,7.23,14.81,-0.13,-0.05,-0.18,4.09,-33.72,-25.94,-14.04,-0.08,0.34,0.74
1.1641,4,-0.89,-0.17,0.06,0.42,323.83,1.96,20.45,-0.18,-0.07,-0.09,3.98,73.55,4.12,10.68,-0.2,0.24,0.88
1.1675,0,0.133,0.18,0.02,-0.97,209.65,21.25,0.44,-0.19,0.05,-0.3,4.09,-48.07,112.15,-68.51,-0.08,-0.03,0.64
1.1689,6,0.961,-0.17,0.19,-0.1,358.38,19.9,-23.01,-0.72,0.76,0.99,4,-45.32,48.52,38.45,-1.04,-1.37,1.26
1.1723,1,-0.011,0.03,-0,-1,192.83,3.54,0.52,0.17,0.08,0.14,4.09,5.19,-5.34,-0.31,-0.25,0.08,1.13
1.174,3,-0.693,0.01,0.02,-0.72,106.31,-0.77,-2.32,-0.13,-0.01,0.17,4,-1.37,1.68,-10.07,0.05,0.06,1.17
1.2064,7,-0.912,-0.19,-0.07,-0.36,56.91,-0.18,22.97,0.01,0.32,0.56,0,22.13,42.27,52.19,-0.34,0.53,1.31
1.208,2,-0.74,-0.48,0.22,0.41,318.38,4.26,64.13,-0.09,0.01,0.14,4.09,8.09,10.53,0.61,-0.13,0.99,0.58
1.2305,5,0.807,0.06,0.1,0.58,85.98,5.14,12.25,-0.06,-0.03,-0.56,4.09,-8.85,-30.21,-39.37,-0.03,0.14,0.49
1.2322,4,-0.872,-0.22,0.06,0.44,322,4.81,25.43,-0.17,0.16,0.03,3.98,28.69,19.68,-53.71,-0.06,0.24,1.06
1.2779,0,0.108,0.28,0.08,-0.95,205.07,33.23,-6.59,-0.2,-0.17,0.01,4.09,-45.78,146.33,16.63,-0.47,-0.21,0.88
1.2796,6,0.951,-0.17,0.24,-0.07,0.23,26.21,-23.99,0.13,0.13,0.36,4,-25.02,18.46,-8.54,-0.4,-0.6,1.2
1.2831,1,0.007,0.03,-0.03,-1,194.89,3.6,3.02,0.06,-0.31,0.29,4.09,-3.2,-16.48,63.63,-0.2,-0.29,1.45
1.2846,3,-0.707,0.01,0.03,-0.71,104.14,-1.41,-2.99,0.31,0.1,0.58,4,-17.7,0.92,42.11,-0.04,-0.32,1.51
1.3105,7,-0.92,-0.18,-0.11,-0.33,54.36,4.19,24.01,0.38,0.44,0.01,0,35.1,24.41,0,-0.09,-0.11,1.13
1.3123,2,-0.746,-0.48,0.22,0.4,319.37,3.34,63.86,-0.02,-0.01,0.32,4.09,-20.45,6.56,24.41,-0.07,1.2,0.59
1.3684,5,0.847,0.04,0.07,0.53,77.96,4.54,8.24,0.23,-0.04,0.05,4.09,-50.35,3.97,-59.51,0.08,-0.1,1.09
1.3701,4,-0.864,-0.22,0.05,0.45,320.71,6.33,25.84,-0.13,0.17,0.13,3.98,-34.33,-10.07,37.99,-0.06,0.34,1.15
1.3764,0,0.097,0.41,0.15,-0.89,198.84,49.67,-16.39,0.06,-0.12,-0.18,4.09,-50.05,155.33,-5.34,-0.67,-0.24,0.42
1.3793,6,0.949,-0.18,0.25,-0.05,1.61,27.54,-24.23,0.15,-0.17,0.05,4,-1.98,-12.97,17.24,-0.4,-0.23,0.98
1.384,1,0.028,0.07,-0.01,-1,197.36,7.66,0.82,-0.22,0.2,-0.13,4.09,-23.04,70.95,15.11,0.1,0.18,0.85
1.3854,3,-0.676,0.04,0.04,-0.74,108.87,0.22,-5.97,-0.03,-0.01,0.24,4,-49.74,14.8,30.67,-0,-0.13,1.26
1.4085,7,-0.89,-0.2,-0.12,-0.39,62.26,3.49,26.95,-0.22,-0.26,-0,0,19.23,19.38,29.6,-0.05,0.76,0.74
1.4106,2,-0.76,-0.47,0.22,0.39,320.43,1.87,62.27,0.02,0,0.17,4.09,-25.33,-1.07,10.53,-0.03,1.02,0.53
1.4684,5,0.833,0.02,0.06,0.55,81.05,4.59,6.11,0.01,0.01,0.1,4.09,-0.46,3.36,30.82,-0.09,0.09,1.1
1.47,4,-0.885,-0.18,0.04,0.43,323.32,4.87,20.73,0.16,-0.02,0.15,3.98,-54.47,2.75,-10.68,-0.02,0.52,1.01
1.4774,0,0.087,0.51,0.2,-0.83,187.41,61.62,-30.57,0.23,-0.15,-0.2,4.09,-49.44,98.27,0.61,-0.81,-0.24,0.07
1.4798,6,0.953,-0.17,0.24,-0.05,2.89,26.76,-23.43,0.05,0.05,-0.01,4,4.27,-22.89,10.68,-0.39,-0.4,0.83
1.4848,1,0.039,0.12,0.01,-0.99,198.48,13.29,-0.1,-0.16,-0.19,-0.27,4.09,0,60.73,22.13,0.02,-0.22,0.66
1.4865,3,-0.649,0.09,0.06,-0.75,112.11,3.11,-12.28,-0.06,-0.04,0.15,4,-50.05,14.95,47,-0.05,-0.21,1.19
1.5282,7,-0.888,-0.21,-0.16,-0.38,62.27,6.9,29.35,-0.34,0.22,0.07,0,36.77,72.33,-15.41,-0.58,0.53,0.83
1.5298,2,-0.774,-0.45,0.22,0.39,320.6,0.84,59.46,-0.01,0.01,0.08,4.09,-41.35,-4.58,7.48,-0.01,0.91,0.58
1.5515,5,0.845,0.02,0.07,0.53,78.49,5.82,5.96,0.25,0.07,0.18,4.09,-12.21,11.9,-60.88,-0.06,-0.11,1.19
1.5529,4,-0.886,-0.15,0.03,0.44,322.17,4.89,16.62,0.14,-0.01,0.08,3.98,-28.08,-9.92,-4.73,-0.01,0.42,1
1.5567,1,0.054,0.14,0.02,-0.99,200.12,16.56,-1.34,-0.05,0.39,-0.06,4.09,-25.18,-14.19,8.7,-0.18,0.34,0.95
1.5582,6,0.956,-0.18,0.23,-0.04,4.26,25.24,-23.01,0.03,0.04,0.01,4,0.31,-24.11,9.77,-0.39,-0.39,0.84
1.5733,0,0.078,0.55,0.24,-0.8,174.46,66.11,-45.79,0.15,-0.06,0.15,4.09,-18.46,30.82,-18.77,-1.11,-0.35,0.18
1.575,3,-0.618,0.13,0.06,-0.77,115.98,7.05,-14.27,-0.35,0.1,0.19,4,24.26,21.82,-38.45,-0.16,0.08,1.22
1.6126,7,-0.847,-0.22,-0.22,-0.43,71.1,10.78,35.42,-0.13,-0.38,0.09,0,56,43.18,37.23,0.01,0.98,0.8
1.6141,2,-0.788,-0.42,0.21,0.4,320.37,0.05,55.98,-0.07,0.05,-0.06,4.09,-33.57,-0.76,3.36,0.01,0.72,0.6
1.6355,5,0.864,-0,0.07,0.5,74.4,6.57,3.75,0.18,0.08,0.71,4.09,-15.26,17.85,14.65,-0.2,-0.1,1.74
1.6377,4,-0.889,-0.13,0.04,0.44,321.97,2.96,15.3,0.05,-0,-0.03,3.98,2.59,-26.86,38.15,-0.03,0.29,0.93
1.6864,0,0.072,0.57,0.25,-0.78,166.8,67.42,-54.38,-0.03,-0.12,0.38,4.09,-11.75,6.26,4.12,-1.27,-0.55,0.29
1.6879,6,0.96,-0.17,0.22,-0.03,5.67,24.35,-22.26,-0.02,0.05,-0.04,4,1.83,-8.85,-3.81,-0.39,-0.38,0.78
1.6915,1,0.06,0.14,0.02,-0.99,200.71,15.68,-1.72,-0.03,0.15,0.34,4.09,-1.98,0.92,10.83,-0.31,0.13,1.31
1.6938,3,-0.64,0.08,0.02,-0.76,113.7,5.4,-7.99,-0.08,0.23,-0.22,4,71.41,5.8,46.69,-0.29,0.09,0.84
1.7204,7,-0.845,-0.22,-0.27,-0.41,71.04,15.93,37.7,0.24,-0.05,-0.07,0,16.02,29.75,22.74,-0.14,0.47,0.82
1.7222,2,-0.802,-0.39,0.19,0.41,320.03,1.28,50.84,0.08,-0.01,0.12,4.09,-58.9,7.02,-69.43,0.01,0.9,0.66
1.7344,5,0.826,0,0.08,0.56,82.56,7.29,5.12,0.03,-0.13,0.47,4.09,25.48,8.24,124.05,-0.1,0.17,1.45
1.736,4,-0.905,-0.13,0.05,0.4,326.3,0.26,15.94,0.03,-0.17,0.19,3.98,-9.77,15.87,9.77,-0.11,0.46,1.1
1.7714,0,0.078,0.58,0.25,-0.77,165.64,68.73,-56.01,0.01,-0.01,0.27,4.09,-1.07,-10.22,10.22,-1.16,-0.39,0.24
1.7729,6,0.962,-0.17,0.21,-0.02,6.48,23.54,-21.91,0.13,0.02,0.02,4,9.31,-24.57,18.16,-0.29,-0.36,0.94
1.7772,1,0.063,0.14,0.02,-0.99,201.1,16.13,-1.64,-0.04,0.07,0.19,4.09,1.68,5.49,4.43,-0.29,0.05,1.15
1.7791,3,-0.691,0.04,-0.02,-0.72,106.46,5.11,-1.72,0.78,0.29,0.1,4,40.59,-12.82,-139.47,-0.56,-0.98,1.15
1.8335,7,-0.837,-0.22,-0.28,-0.42,72.79,16.35,38.64,0.06,0.01,-0.03,0,-11.75,-5.19,-13.28,-0.27,0.49,0.75
1.835,2,-0.788,-0.37,0.14,0.47,315.41,7.37,46.22,-0.1,-0.04,-0.09,4.09,-10.53,0.46,-83.31,-0.21,0.57,0.69
1.8574,5,0.75,0.03,0.11,0.65,96.67,6.81,11.02,-0.09,0.23,0.37,4.09,60.27,44.56,166.93,-0.49,-0.02,1.2
1.8591,4,-0.889,-0.12,0.01,0.44,321.86,5.12,13.04,0.1,-0.06,0.05,3.98,-37.69,41.5,-84.53,-0.07,0.34,0.99
1.8812,0,0.086,0.57,0.24,-0.78,169.58,69.14,-51.97,0.03,-0.03,0.13,4.09,9.46,-27.16,14.19,-1.05,-0.33,0.2
1.8826,6,0.967,-0.16,0.2,-0.02,7.95,21.82,-19.94,0.1,-0.08,-0,4,12.21,-11.75,-35.4,-0.29,-0.25,0.92
1.8863,1,0.063,0.15,0.02,-0.99,201.18,16.88,-1.33,-0.03,-0.01,0.02,4.09,3.05,2.75,7.17,-0.27,-0.03,0.98
1.8877,3,-0.694,0.09,-0.03,-0.71,105.12,10.23,-4.8,0.21,0.3,0.28,4,-80.87,100.86,8.7,-0.5,-0.3,1.16
1.9244,7,-0.843,-0.21,-0.27,-0.42,71.95,15.72,37.09,0.04,0.03,-0.01,0,-17.4,-18.77,1.98,-0.27,0.54,0.79
1.9269,2,-0.771,-0.37,0.12,0.5,312.43,10.77,45.2,-0.18,0.05,-0.06,4.09,-9.92,1.22,-14.95,-0.22,0.53,0.78
1.9485,5,0.594,0.07,0.13,0.79,120.63,2.66,16.79,-0.4,-0.12,0.17,4.09,-17.7,11.75,33.57,0.11,0.4,1.06
1.95,4,-0.873,-0.12,-0.01,0.47,318.08,7.9,11.52,0.07,0.05,-0.05,3.98,10.99,0.76,-9.61,-0.03,0.21,0.93
1.9854,0,0.096,0.56,0.22,-0.79,178.32,68.46,-42.47,-0.01,0.05,0.02,4.09,15.72,-44.71,18.46,-0.95,-0.22,0.3
1.9869,6,0.97,-0.16,0.18,-0.06,4.04,18.85,-20.2,0.01,0.09,-0.04,4,15.41,-31.59,-26.4,-0.28,-0.4,0.83
1.9914,1,0.066,0.15,0.01,-0.99,201.62,16.85,-0.52,-0.03,0.02,-0.03,4.09,6.87,-5.8,9,-0.25,0.01,0.94
1.9941,3,-0.697,0.2,-0.05,-0.69,101.14,19.58,-12.71,0.15,-0.13,0.21,4,-75.07,81.18,-10.83,-0.33,-0.43,1.11
2.0195,7,-0.85,-0.21,-0.25,-0.42,70.82,14.38,34.92,-0.01,-0.03,-0.04,0,-18.31,-21.36,7.02,-0.22,0.59,0.75
2.021,2,-0.771,-0.36,0.11,0.51,311.36,11.28,43.27,-0.08,0.02,0.1,4.09,-19.53,-14.95,-31.43,-0.24,0.65,0.82
2.0368,5,0.664,0.02,0.09,0.74,110.79,4.62,9.05,-0.39,0.31,-0.33,4.09,-24.11,14.34,-121.15,-0.37,0.58,0.53
2.0383,4,-0.866,-0.12,-0.01,0.49,316.29,7.37,12.13,-0.02,0.12,-0.02,3.98,-3.36,-11.14,-32.81,-0.03,0.14,0.96
2.0905,0,0.114,0.54,0.2,-0.81,189.99,66.28,-30.32,0.14,0.3,-0.12,4.09,7.78,-62.56,4.58,-0.88,0.13,0.31
2.0941,6,0.976,-0.15,0.14,-0.07,3.72,14.36,-19.11,0.11,-0.06,-0.1,4,13.28,-63.17,-41.35,-0.14,-0.24,0.88
2.0984,1,0.07,0.14,0,-0.99,202.25,16.06,0.77,-0.03,-0.02,-0.13,4.09,7.48,-18.62,16.02,-0.21,-0.04,0.85
2.0998,3,-0.647,0.29,-0.1,-0.7,103.8,32.14,-16.24,-0.23,0.08,0.27,4,16.94,135.35,59.2,-0.72,0.02,1.09
2.1155,7,-0.858,-0.2,-0.23,-0.41,69.47,13.15,33.04,0.1,0.07,-0.12,0,-15.41,-12.82,5.8,-0.21,0.38,0.79
2.117,2,-0.763,-0.34,0.11,0.54,308.2,11.65,40.83,-0.24,0.07,-0.13,4.09,-35.4,-18.62,21.06,-0.2,0.38,0.79
2.1544,5,0.74,0.03,0.1,0.66,98.41,6.2,9.73,0.59,0.08,-0.06,4.09,29.6,-28.53,-150.91,-0.29,-0.59,1.05
2.156,4,-0.851,-0.11,0.01,0.51,312.38,5.21,11.16,-0.2,0.1,-0.17,3.98,17.24,-48.52,28.69,-0.14,-0.19,0.89
2.1792,0,0.108,0.49,0.2,-0.84,193,60.19,-26.79,-0.13,0.1,0.03,4.09,4.58,-55.24,-33.26,-0.83,-0.22,0.61
2.181,6,0.98,-0.14,0.06,-0.13,357.87,4.85,-16.48,-0.09,0.26,-0.04,4,58.44,-66.07,-146.03,-0.03,-0.64,0.78
2.1848,1,0.088,0.12,0.01,-0.99,204.23,14.26,0.5,-0.1,0.17,0.06,4.09,-15.56,-17.4,18.46,-0.14,0.17,1.05
2.1862,3,-0.64,0.33,-0.19,-0.67,101.07,43.32,-13.18,0.17,-0.34,-0.27,4,61.95,115.36,46.84,-0.23,-0.31,0.68
2.2225,7,-0.854,-0.2,-0.22,-0.43,70.8,11.73,32.41,-0.1,-0.04,-0.1,0,-5.8,-10.68,37.08,-0.17,0.65,0.69
2.224,2,-0.778,-0.3,0.1,0.54,307.2,9.21,35.64,-0.09,0.01,-0.28,4.09,-55.24,-33.87,-38.91,-0.16,0.27,0.65
2.2466,5,0.758,0.06,0.09,0.64,95.13,3.3,11.51,0.67,0.32,0.36,4.09,48.68,-53.41,1.37,-0.35,-0.3,1.52
2.2481,4,-0.873,-0.09,0.05,0.48,316.73,0.53,11.84,-0.1,0.01,-0.13,3.98,-16.02,-24.41,-14.8,-0.06,0.1,0.89
2.2846,0,0.098,0.46,0.18,-0.86,194.06,55.69,-24.12,-0.11,-0.01,0.06,4.09,32.81,-46.84,12.66,-0.81,-0.26,0.63
2.2861,6,0.982,-0.12,-0,-0.14,358.02,-2.23,-14,-0.6,-0.27,0.34,4,-4.27,-16.33,59.36,-0.69,-0.18,1.42
2.2895,1,0.081,0.11,0.01,-0.99,203.34,12.31,-0.15,-0.1,0.07,0.02,4.09,7.48,-27.77,-28.69,-0.1,0.03,1.02
2.291,3,-0.554,0.34,-0.31,-0.7,120.01,54.27,5.92,-0.15,-0.1,-0.49,4,25.63,68.05,213.47,-0.35,0.2,0.38
2.3188,7,-0.859,-0.2,-0.19,-0.43,69.9,9.37,31.06,0.05,-0.09,-0.03,0,-26.09,-46.23,-39.83,-0.06,0.49,0.84
2.3206,2,-0.781,-0.24,0.1,0.57,303.95,6.88,29.63,-0.05,-0.02,-0.1,4.09,-44.25,-35.55,12.05,-0.14,0.41,0.79
2.3926,5,0.734,0.14,0.08,0.66,97.51,-3.43,17.98,-0.1,-0.12,0.3,4.09,72.63,-52.34,102.69,0.24,0.67,1.19
2.3942,4,-0.851,-0.06,0.04,0.52,311.02,-0.19,7.76,-0.23,0.01,-0.11,3.98,-61.8,-20.75,-17.85,-0.1,-0.09,0.92
2.3993,0,0.102,0.42,0.15,-0.89,198.89,51.39,-17.1,-0.14,0.03,0.02,4.09,30.52,-67.75,6.41,-0.69,-0.2,0.73
2.4008,6,0.977,-0.14,0.06,-0.15,356.07,4.84,-16.87,0.11,0.01,-0.03,4,-28.84,142.21,-36.93,0.44,-0.21,0.86
2.4067,1,0.062,0.09,0.01,-0.99,201.16,9.79,-0.25,-0.18,-0.08,0,4.09,1.37,-25.18,-8.09,-0,-0.09,1.01
2.4081,3,-0.458,0.29,-0.39,-0.74,146.22,52.16,31.06,-0.32,0.01,-0.43,4,53.1,-27.31,131.07,-0.33,0.46,0.34
2.4265,7,-0.88,-0.19,-0.15,-0.41,65.47,6.1,26.93,0.05,0.04,-0.04,0,-33.42,-50.2,18.62,-0.07,0.44,0.88
2.4279,2,-0.774,-0.2,0.09,0.6,300.11,5.42,24.49,-0.26,0.02,0,4.09,-46.23,-25.02,-65.46,-0.15,0.17,1.01
2.4394,5,0.689,0.22,0.09,0.69,101.36,-10.57,25.44,-0.6,-0.03,0.42,4.09,81.63,-79.5,-82.4,0.23,1.33,1.04
2.4409,4,-0.847,-0,0.02,0.53,309.89,-1.33,1.46,-0.05,-0.16,0.08,3.98,-62.41,3.05,-44.56,-0.15,0.07,1.04
2.4793,0,0.107,0.37,0.11,-0.92,202.99,44.5,-10.6,-0.14,-0,-0.01,4.09,43.49,-99.64,19.53,-0.57,-0.15,0.77
2.4808,6,0.972,-0.15,0.09,-0.16,354.49,7.91,-18.67,0.12,0.52,-0.01,4,-31.89,-50.66,75.38,0.13,-0.74,0.83
2.4866,1,0.052,0.06,0,-1,200.04,7.45,0.07,-0.26,0.05,-0.06,4.09,5.65,-19.99,-22.89,0.14,0.01,1
2.488,3,-0.389,0.18,-0.45,-0.78,158.76,39.13,46.62,-0.36,-0.06,-0.03,4,56.15,-88.2,120.09,-0.35,0.76,0.48
2.5405,7,-0.889,-0.18,-0.09,-0.41,63.83,0.85,23.05,-0.11,0.1,0.06,0,-57.22,-60.73,-15.26,-0.16,0.43,0.97
2.5419,2,-0.759,-0.16,0.07,0.63,295.75,4.79,19.29,-0.11,-0.05,0.07,4.09,-48.98,-11.44,-41.96,-0.16,0.25,1.05
2.5646,5,0.736,0.31,0.12,0.59,87.73,-11.05,37.45,-0.08,-0.55,0.27,4.09,95.83,-62.71,-42.72,0.72,0.95,0.78
2.5662,4,-0.829,0.02,-0.01,0.56,306.16,-0.3,-3.25,-0.06,-0.15,0.09,3.98,-42.42,13.58,-34.64,-0.15,-0.05,1.07
2.5932,0,0.115,0.27,0.06,-0.96,206.88,31.57,-3.01,-0.15,0.13,-0.29,4.09,44.56,-152.44,6.41,-0.22,0.04,0.7
2.5957,6,0.98,-0.16,0.09,-0.07,4.5,8.72,-19.52,-0.22,-0.46,-0.04,4,-5.95,19.99,10.99,-0.38,0.04,0.97
2.6017,1,0.035,0.05,0.01,-1,198,5.52,-0.47,-0.15,0.1,-0.08,4.09,-9.77,1.07,-18.92,0.05,0.12,0.93
2.6032,3,-0.367,0.06,-0.48,-0.8,158.08,26.83,52.91,0.27,-0.07,0.09,4,57.22,-45.78,93.08,-0.65,0.6,0.67
2.6234,7,-0.895,-0.15,-0.04,-0.42,63.57,-2.69,18.04,-0.16,-0.1,-0.03,0,-44.1,-29.75,32.65,0.04,0.51,0.87
2.6251,2,-0.741,-0.13,0.05,0.66,291.69,5.48,14.86,-0.19,-0.03,0.04,4.09,-29.14,6.26,-23.19,-0.15,0.1,1.08
2.6438,5,0.736,0.4,0.18,0.51,79.63,-8.66,51.91,0.07,-0.04,-0.11,4.09,178.07,13.28,-58.44,0.2,0.65,0.57
2.6461,4,-0.818,0.04,-0.04,0.57,304.12,1.4,-6.7,0.01,-0.09,0.15,3.98,-22.89,13.89,2.44,-0.11,-0.1,1.2
2.6675,0,0.112,0.17,-0.01,-0.98,207.56,19.08,2.9,-0.26,0.24,0.06,4.09,59.2,-97.05,-8.85,-0.05,0.24,1.1
2.669,6,0.978,-0.16,0.09,-0.09,2.5,8.97,-19.82,0.35,-0.12,0.21,4,5.95,-14.5,-23.96,0.16,-0.25,1.15
2.6846,1,0.01,0.05,-0,-1,195.19,5.57,0.26,0.08,0.18,0.02,4.09,0.76,-22.74,-32.2,-0.15,0.12,1.08
2.6862,3,-0.376,0.03,-0.49,-0.79,155.76,24.21,54.75,-0.11,-0.01,-0.41,4,-23.8,-61.49,-14.04,-0.16,0.5,0.28
2.7234,7,-0.907,-0.15,-0,-0.4,60.24,-6.61,15.64,0.13,-0.09,0.08,0,-20.45,-58.44,-33.11,0.28,0.21,1.04
2.7249,2,-0.732,-0.12,0.02,0.67,289.67,6.84,11.74,-0.08,0.02,0.14,4.09,-12.82,17.85,-37.38,-0.1,0.14,1.12
2.7495,5,0.667,0.51,0.29,0.46,79.22,-4.87,72.13,-0.1,-0.22,-0.28,4.09,221.1,-8.54,-55.24,0.17,0.69,0.03
2.751,4,-0.809,0.04,-0.07,0.58,302.33,3.6,-8.15,0.06,-0.05,0.14,3.98,-5.8,28.08,-15.56,-0.1,-0.08,1.14
2.7885,0,0.089,0.11,-0.06,-0.99,205.15,11.79,7.94,-0.19,0.02,-0.16,4.09,41.2,-72.63,-22.74,0.03,0.11,0.88
2.79,6,0.979,-0.17,0.07,-0.09,2.26,6.62,-19.84,0.17,-0.17,-0.04,4,3.2,-10.99,-75.38,0.01,-0.21,1.01
2.7938,1,-0,0.03,0,-1,193.99,3.94,-0.33,-0.13,-0.32,-0.16,4.09,7.17,-20.29,22.43,0.06,-0.33,0.86
2.7954,3,-0.364,-0.02,-0.45,-0.82,154.34,17.33,51.25,-0.26,0.2,0.3,4,-24.11,-57.53,18.46,-0.34,1.19,0.57
2.8225,7,-0.916,-0.14,0.04,-0.37,57.15,-10.29,13.81,0.04,0.07,0.04,0,-13.43,-42.11,7.78,0.16,0.18,1.07
2.824,2,-0.708,-0.13,0,0.69,286.07,10.1,10.81,-0.1,0.08,0.04,4.09,6.56,31.74,-36.32,-0.07,0.09,0.98
2.8515,5,0.585,0.62,0.39,0.35,77.34,1.19,93.88,-0.22,0.35,-0.18,4.09,201.72,3.97,-102.54,-0.4,0.73,-0.13
2.853,4,-0.807,0.02,-0.09,0.58,301.92,6.69,-7.43,0.08,-0.03,-0.07,3.98,21.67,44.56,-33.42,-0.11,-0.04,0.92
2.8878,0,0.067,0.05,-0.09,-0.99,202.17,4.79,10.59,-0.16,0.1,0.02,4.09,13.73,-55.69,-23.8,0.08,0.26,0.98
2.8893,6,0.976,-0.17,0.06,-0.13,358.61,4.06,-20.33,0.22,-0.07,0.01,4,-3.36,-8.39,-25.18,0.11,-0.21,1
2.893,1,0.018,0.02,-0,-1,196.12,2.72,0.21,-0.14,0,-0.05,4.09,-0.46,9.61,-1.98,0.11,0.02,0.9
2.8952,3,-0.413,-0.03,-0.44,-0.8,147.87,18.24,49.47,0.02,-0.19,-0.21,4,-5.49,-55.24,-74.62,-0.16,0.45,0.64
2.9235,7,-0.907,-0.14,0.05,-0.39,59.86,-11.47,12.13,-0,-0.27,-0.06,0,-13.43,-3.2,19.53,0.39,0.28,0.83
2.9251,2,-0.693,-0.14,-0.02,0.71,283.82,12.75,9.32,0,-0.01,-0,4.09,-1.37,23.5,-26.86,-0.23,0.15,0.96
2.9635,5,0.487,0.66,0.49,0.28,82.97,6.39,111.83,0.05,-0.13,-0.45,4.09,142.36,64.09,1.07,-0.02,0.66,-0.24
2.9651,4,-0.775,-0.01,-0.1,0.62,295.81,9.77,-6.61,-0.01,0.13,-0.03,3.98,4.43,34.64,-31.89,-0.05,-0.14,0.97
2.9874,0,0.051,0,-0.1,-0.99,199.84,-0.39,11.9,-0.24,-0.02,-0.05,4.09,-0.61,-41.96,-0.61,0.22,0.12,0.91
2.9889,6,0.97,-0.17,0.04,-0.16,354.51,1.73,-20.38,0.07,0.04,0,4,0.61,-1.83,-52.03,0.04,-0.42,0.95
2.9926,1,0.029,0.01,-0.01,-1,197.37,0.98,1.7,-0.08,-0.08,-0,4.09,23.8,-32.96,31.28,0.07,-0.03,1.04
2.9945,3,-0.433,-0.04,-0.41,-0.8,144.43,16.37,46.13,-0.02,-0.05,0.08,4,-38.76,-33.26,-5.49,-0.24,0.77,0.74
3.0315,7,-0.906,-0.13,0.07,-0.4,59.89,-13.59,10.97,-0.06,-0.04,-0.03,0,-5.95,18.46,31.43,0.24,0.25,0.9
3.033,2,-0.675,-0.15,-0.03,0.72,281.54,15.13,9.42,-0.04,0.01,-0.05,4.09,13.12,16.33,-25.79,-0.23,0.1,0.92
3.0544,5,0.425,0.68,0.55,0.24,87.78,8.77,122.24,-0.15,0.31,-0.52,4.09,60.27,35.4,-34.79,-0.35,0.22,-0.3
3.0561,4,-0.767,-0.02,-0.11,0.63,294.41,11.28,-6.52,0.04,0.09,-0.07,3.98,4.12,10.53,-3.66,-0.09,-0.09,0.93
3.0936,0,0.046,-0.04,-0.11,-0.99,198.83,-5.23,12.67,-0.15,0.18,0.2,4.09,-2.9,-40.13,-10.83,0.22,0.36,1.09
3.0951,6,0.964,-0.18,0.03,-0.19,351.47,-0.37,-20.84,-0,0.01,0.02,4,-1.07,-4.88,-11.9,0,-0.36,0.95
3.0991,1,0.035,-0.01,-0.02,-1,198,-1.03,2.57,0.07,0.04,0.37,4.09,-13.12,5.8,-11.29,-0.07,0.06,1.33
3.1006,3,-0.46,-0.05,-0.37,-0.8,140.27,14.89,42.21,-0.23,-0.06,0.16,4,-5.8,-59.97,-10.38,-0.16,0.79,0.76
3.1253,7,-0.9,-0.13,0.09,-0.4,61.11,-16,9.71,-0.35,0.02,0.2,0,8.54,-43.95,-4.73,0.07,0.4,1.19
3.1269,2,-0.661,-0.16,-0.03,0.73,279.52,16.32,9.63,0.04,-0.04,-0.12,4.09,13.58,0.46,-20.14,-0.3,0.15,0.79
3.1645,5,0.368,0.68,0.59,0.24,93.16,6.2,128.06,-0.26,-0.31,-0.17,4.09,31.59,48.68,3.66,0.15,0.52,-0.83
3.166,4,-0.764,-0.03,-0.11,0.64,293.91,11.74,-6.09,0.05,0.04,-0.21,3.98,4.12,0.92,-20.45,-0.12,-0.06,0.8
3.1884,0,0.04,-0.07,-0.1,-0.99,197.82,-8.51,10.77,-0.15,0.05,0.01,4.09,-38.76,-16.33,1.98,0.3,0.22,0.95
3.1898,6,0.961,-0.18,0.03,-0.21,349.75,-1.3,-20.58,-0.01,0.15,-0,4,1.83,0.15,-15.87,0.08,-0.49,0.89
3.1936,1,0.021,0,-0.03,-1,196.45,0.23,3.08,0,0.05,-0.13,4.09,14.65,6.26,-21.97,-0.02,0.09,0.9
3.195,3,-0.457,-0.09,-0.38,-0.8,139.24,11.5,44.93,-0.21,0.03,0.17,4,33.42,-16.33,-69.27,-0.03,0.9,0.66
3.2394,7,-0.899,-0.12,0.09,-0.41,62.32,-15.13,7.92,0.07,-0.11,-0.01,0,-16.48,-8.85,6.56,0.38,0.17,0.91
3.2408,2,-0.654,-0.16,-0.03,0.74,278.47,15.98,9.89,-0.05,-0.02,0.01,4.09,1.07,-12.21,7.93,-0.29,0.13,0.98
3.2655,5,0.368,0.68,0.59,0.24,92.84,6.23,128.3,-0.27,0.27,0.01,4.09,-35.1,-38.91,8.54,-0.37,0.72,-0.68
3.267,4,-0.756,-0.02,-0.1,0.65,292.42,10.8,-5.93,-0.1,0,0.02,3.98,1.68,-13.58,8.39,-0.22,-0.17,0.98
3.3045,0,0.03,-0.09,-0.07,-0.99,196.84,-10.12,7.43,-0.02,0.04,0.03,4.09,-43.49,-8.7,-27.16,0.21,0.16,0.99
3.3061,6,0.961,-0.18,0.02,-0.21,350.33,-2.23,-21.26,0.15,-0.09,-0.01,4,0.31,-12.66,35.1,0.12,-0.17,0.99
3.3096,1,0.001,0.01,-0.03,-1,194.26,1.5,3.47,0.06,0.08,0,4.09,0.92,23.65,-30.98,-0.09,0.16,0.98
3.3111,3,-0.495,-0.11,-0.38,-0.77,133.91,12.19,45.3,0.1,0.07,0.01,4,-1.22,-14.5,70.8,-0.34,0.65,0.74
3.3284,7,-0.906,-0.11,0.11,-0.4,60.32,-16.28,6.28,0.05,0.04,-0.03,0,-21.67,-21.67,-27.62,0.25,-0,0.94
3.3298,2,-0.654,-0.15,-0.02,0.74,278.32,15,9.93,-0.04,-0,0.07,4.09,4.73,-7.32,-4.27,-0.29,0.11,1.01
3.3506,5,0.382,0.69,0.55,0.27,90.16,2.78,124.18,0.2,-0.15,-0.11,4.09,-30.06,15.87,45.32,0.07,0.69,-0.44
3.3522,4,-0.761,-0.01,-0.1,0.64,293.24,10.06,-6.63,0.02,-0.01,0.01,3.98,-13.73,-4.73,-2.14,-0.2,-0.1,0.98
3.4115,0,0.012,-0.09,-0.04,-0.99,195.03,-10.57,4.46,-0.03,-0.04,0,4.09,-33.26,4.88,-17.24,0.21,0.04,0.98
3.4129,6,0.963,-0.18,0.01,-0.2,351.22,-2.87,-20.56,0.04,-0.01,0.06,4,3.97,-5.95,3.66,0.09,-0.34,0.96
3.4171,1,-0.029,0.03,-0.04,-1,190.91,3.52,4.6,-0.06,0.02,-0,4.09,4.88,13.58,-39.22,-0,0.09,1
3.4185,3,-0.482,-0.12,-0.39,-0.78,134.95,10.41,47.33,0.01,-0.06,-0,4,18.92,-30.21,-108.18,-0.14,0.62,0.72
3.4406,7,-0.914,-0.09,0.13,-0.38,58.16,-17.34,4.08,-0.03,0.01,0.01,0,-19.99,-10.53,-15.56,0.27,0.09,0.97
3.4421,2,-0.657,-0.15,-0.02,0.74,278.63,14.32,9.92,-0.03,-0.05,0.04,4.09,-1.37,-5.8,3.05,-0.31,0.13,0.98
3.4556,5,0.377,0.7,0.52,0.32,88.98,-2.77,121.09,-0.04,0.07,0.16,4.09,-39.22,27.62,78.74,-0.08,1.17,-0.61
3.4572,4,-0.759,-0.01,-0.11,0.64,293.03,10.08,-7.83,-0.02,-0.05,0.03,3.98,-12.66,-1.68,-2.9,-0.24,-0.15,0.99
3.4925,0,-0.005,-0.09,-0.02,-1,193.3,-10.26,2.05,-0.02,0,-0.03,4.09,-21.97,8.54,-19.68,0.2,0.05,0.95
3.4941,6,0.965,-0.18,0,-0.19,352,-3.5,-20.08,0.04,-0.05,-0.07,4,6.26,-5.8,-8.7,0.07,-0.3,0.9
3.4978,1,-0.051,0.04,-0.04,-1,188.37,4.93,4.74,-0.02,-0.01,0,4.09,-0.46,11.14,-20.45,-0.07,0.08,1
3.4992,3,-0.513,-0.13,-0.4,-0.75,130.97,12.49,47.87,-0.01,-0.13,-0.11,4,6.1,-23.65,-6.26,-0.09,0.63,0.67
3.5486,7,-0.922,-0.08,0.14,-0.35,55.52,-17.9,3.06,0.04,0.13,-0.02,0,-9.16,1.83,-15.72,0.24,-0.07,0.94
3.5503,2,-0.659,-0.14,-0.02,0.74,278.79,14.17,9.16,-0.08,0,-0.02,4.09,-15.56,-1.68,6.1,-0.23,0.07,0.95
3.5726,5,0.356,0.7,0.53,0.32,90.03,-4.24,122.99,-0.41,0.08,-0.65,4.09,-4.12,-28.23,-67.75,-0.16,0.29,-0.47
3.5742,4,-0.76,-0,-0.12,0.64,293.12,10.17,-8.47,-0.03,-0.02,0.01,3.98,-7.78,1.07,0.31,-0.2,-0.17,0.98
3.6107,0,-0.023,-0.09,-0.01,-1,191.33,-10.52,1.02,0.08,-0.11,-0.01,4.09,4.27,5.49,-8.85,0.12,-0.05,1.01
3.6123,6,0.965,-0.17,-0,-0.2,351.79,-3.92,-19.65,-0.03,0.05,0.02,4,0.92,-0.61,11.44,0.06,-0.39,0.94
3.6159,1,-0.062,0.05,-0.05,-1,187.19,5.95,5.01,-0.03,0.04,-0.04,4.09,3.97,1.07,-12.97,-0.08,0.12,0.96
3.6174,3,-0.515,-0.14,-0.4,-0.75,129.94,11.19,48.97,-0.02,0.06,0.19,4,31.74,-1.68,-25.63,-0.24,0.89,0.7
3.6345,7,-0.924,-0.07,0.14,-0.35,54.93,-17.97,2.2,0.02,-0,0.04,0,-5.65,-1.98,-13.43,0.29,-0,0.96
3.636,2,-0.67,-0.14,-0.03,0.73,280.2,13.75,8.46,0.06,0.02,-0.01,4.09,-14.19,-2.29,16.48,-0.21,0.21,0.94
3.6515,5,0.366,0.7,0.52,0.34,90.21,-5.21,120.53,0.3,-0.02,-0.12,4.09,-34.33,62.26,94.91,-0.19,1.29,-0.14
3.6531,4,-0.759,0.01,-0.12,0.64,292.87,10.46,-9.85,0,0.03,0,3.98,-19.68,3.97,-3.2,-0.15,-0.16,0.97
3.7057,0,-0.029,-0.09,-0.01,-1,190.65,-9.94,1.21,-0.02,0.1,0.01,4.09,-3.05,4.73,-10.53,0.19,0.11,0.99
3.7074,6,0.967,-0.17,0,-0.19,352.66,-3.56,-19.58,0.01,0.03,0.01,4,-1.07,2.44,7.63,0.08,-0.35,0.94
3.7111,1,-0.063,0.05,-0.05,-1,187.15,6.42,5.33,0.01,-0.04,0.03,4.09,-0.15,9,1.98,-0.11,0.09,1.02
3.7126,3,-0.55,-0.14,-0.41,-0.71,125.68,14.72,50.24,0.31,-0.05,-0.11,4,12.82,10.68,9.77,-0.28,0.55,0.74
3.7314,7,-0.926,-0.07,0.14,-0.34,54.7,-17.91,1.46,0.18,-0.02,0.02,0,-1.83,1.83,16.94,0.46,-0.08,0.93
3.733,2,-0.679,-0.13,-0.03,0.72,281.46,13.21,8.21,0.01,0.02,-0,4.09,-9.46,-4.43,20.9,-0.21,0.14,0.97
3.7686,5,0.345,0.7,0.51,0.37,91.95,-9.41,119.63,-0.26,0.14,-0.27,4.09,-22.89,-15.11,27.16,-0.04,0.81,-0.53
3.7703,4,-0.76,0.02,-0.13,0.64,293.1,10.38,-11.6,-0.01,0.02,-0.01,3.98,-16.17,-4.12,13.89,-0.16,-0.2,0.94
3.7945,0,-0.041,-0.09,-0.01,-1,189.28,-9.8,1.12,0.03,0.02,0.03,4.09,-1.22,10.22,-8.54,0.16,0.04,0.98
3.796,6,0.968,-0.17,0.01,-0.18,353.45,-2.96,-19.7,0.02,0.02,0,4,-1.07,1.68,14.34,0.08,-0.32,0.94
3.7995,1,-0.06,0.07,-0.05,-0.99,187.53,7.97,5.44,-0.02,-0.04,-0.04,4.09,0.46,7.63,-1.98,-0.11,0.05,0.95
3.801,3,-0.543,-0.14,-0.42,-0.71,126.53,14.8,51.3,0.11,0.02,0.01,4,2.75,3.81,2.44,-0.32,0.7,0.67
3.8508,7,-0.924,-0.06,0.15,-0.34,54.89,-19.28,0.78,-0.08,0.04,-0.01,0,-5.8,-12.36,-15.56,0.24,0.03,0.96
3.8525,2,-0.693,-0.12,-0.03,0.71,283.55,12.49,7.59,0,0.02,0.01,4.09,-10.38,-3.66,21.36,-0.21,0.12,0.99
3.8746,5,0.363,0.7,0.5,0.37,90.2,-8.85,118.09,0.19,-0,0.16,4.09,-13.28,-20.6,26.09,0.34,1.15,-0.39
3.8762,4,-0.769,0.03,-0.14,0.62,294.91,10.09,-12.71,-0,-0.01,0.03,3.98,-15.56,-6.56,23.5,-0.18,-0.22,0.99
3.9135,0,-0.049,-0.08,-0,-1,188.37,-9.31,1.03,0.03,-0.02,-0.01,4.09,-0.46,8.09,0.76,0.13,-0.01,0.97
3.9149,6,0.971,-0.17,0.01,-0.17,354.77,-2.5,-19.57,0.02,0.03,0.01,4,0.15,0.92,15.56,0.08,-0.36,0.94
3.9185,1,-0.059,0.08,-0.05,-0.99,187.67,8.98,5.48,-0.09,-0,-0.05,4.09,2.14,4.58,0,-0.06,0.1,0.95
3.9199,3,-0.545,-0.15,-0.43,-0.7,126.22,15.32,52.56,0.14,-0.06,-0.05,4,15.11,-6.26,6.87,-0.25,0.63,0.68
3.9374,7,-0.924,-0.06,0.16,-0.34,54.64,-19.9,0.11,0.02,0.04,0.05,0,-4.58,-6.56,3.66,0.35,-0.03,0.99
3.9391,2,-0.712,-0.11,-0.03,0.69,286.38,12.03,6.77,0.02,0,0.02,4.09,-16.48,1.07,30.21,-0.21,0.14,0.98
3.9545,5,0.379,0.7,0.49,0.36,88.91,-7.08,117.46,-0.11,0.04,-0.01,4.09,-17.24,-26.86,14.04,0.06,0.93,-0.58
3.956,4,-0.787,0.04,-0.14,0.6,298.18,10.36,-13.53,0,-0.03,0.02,3.98,-16.63,-2.14,29.6,-0.21,-0.22,0.98
4.0087,0,-0.049,-0.08,-0,-1,188.35,-8.75,0.97,0.08,-0,-0,4.09,3.51,3.97,0.15,0.07,0.01,1
4.0104,6,0.974,-0.17,0.01,-0.15,356.48,-1.81,-19.4,0.04,-0.05,-0.02,4,1.83,4.58,9.31,0.06,-0.29,0.94
4.0141,1,-0.05,0.08,-0.05,-0.99,188.75,9.35,5.7,-0.03,-0.04,-0.06,4.09,-2.59,6.26,9.61,-0.11,0.06,0.92
4.0156,3,-0.533,-0.16,-0.44,-0.7,126.99,13.83,54.87,0.09,-0.01,-0.07,4,22.28,-5.95,1.68,-0.24,0.66,0.59
4.0345,7,-0.921,-0.06,0.17,-0.35,55.38,-20.28,-0.54,-0.04,-0.05,-0.02,0,3.05,0,11.44,0.33,0.06,0.91
4.0361,2,-0.725,-0.11,-0.04,0.68,288.46,12.08,5.69,0.02,0.01,-0.04,4.09,-13.43,5.49,14.19,-0.19,0.11,0.93
4.0735,5,0.416,0.7,0.48,0.34,85.69,-4.71,114.92,0.06,0.19,-0.06,4.09,-22.13,-14.5,-19.68,0.06,0.81,-0.3
4.0751,4,-0.798,0.04,-0.16,0.58,300.54,11.42,-14.99,0.03,-0.03,-0.05,3.98,-26.09,8.7,14.34,-0.2,-0.2,0.9
4.0995,0,-0.049,-0.07,-0.01,-1,188.3,-8.04,1,0.02,-0.05,-0.02,4.09,4.58,10.53,9.61,0.13,-0.02,0.98
4.1011,6,0.975,-0.17,0.01,-0.15,357.21,-1.51,-19.21,0.08,-0,-0.05,4,3.36,1.53,9.46,0.1,-0.28,0.9
4.1046,1,-0.037,0.08,-0.05,-0.99,190.26,9.15,5.9,-0.09,0.02,0.03,4.09,2.44,-4.88,11.75,-0.08,0.12,1.02
4.1061,3,-0.531,-0.18,-0.45,-0.7,126.54,13.27,56.98,0.07,-0.02,-0.08,4,20.9,-2.9,5.65,-0.22,0.69,0.56
4.1475,7,-0.918,-0.06,0.16,-0.35,56.37,-20.18,-0.49,-0.03,-0.02,0,0,3.81,0.92,25.94,0.34,0.05,0.95
4.1491,2,-0.732,-0.1,-0.05,0.67,289.47,12.39,4.84,-0.04,0.01,-0,4.09,-9.16,5.8,3.2,-0.21,0.04,0.98
4.1715,5,0.438,0.68,0.47,0.35,85.32,-3.86,111.93,0.1,0.12,-0.11,4.09,-34.03,14.65,-11.44,-0.02,0.86,-0.21
4.173,4,-0.801,0.06,-0.17,0.57,301.2,12.35,-17.04,0.06,0.03,-0,3.98,-18.31,4.73,5.34,-0.16,-0.24,0.96
4.2085,0,-0.041,-0.07,-0.01,-1,189.22,-7.49,1.22,0.04,-0.03,-0.01,4.09,3.81,1.98,13.89,0.09,-0,0.98
4.21,6,0.977,-0.16,0.01,-0.13,358.63,-1.1,-18.76,0.03,0.05,0.01,4,4.88,-1.07,19.23,0.07,-0.37,0.94
4.2136,1,-0.024,0.07,-0.06,-1,191.72,8.68,6.28,-0.06,-0.03,0,4.09,1.68,-5.19,17.85,-0.09,0.08,0.99
4.2151,3,-0.52,-0.19,-0.45,-0.7,127.33,11.82,58.09,0.01,-0.06,0.05,4,-1.68,-7.32,8.7,-0.13,0.87,0.55
4.2365,7,-0.914,-0.06,0.17,-0.36,57.53,-20.37,-0.39,0.03,0.05,0.03,0,4.43,0,13.12,0.32,-0.05,0.97
4.238,2,-0.736,-0.1,-0.06,0.67,290.2,12.57,4.24,-0.12,0.02,0.08,4.09,-3.05,-2.14,25.02,-0.23,-0.04,1.05
4.2605,5,0.447,0.67,0.45,0.37,85.89,-5.43,109.01,0.13,-0.01,0.21,4.09,-15.41,8.24,-25.02,0.16,1.16,-0.28
4.262,4,-0.803,0.06,-0.17,0.57,301.74,11.94,-17.22,0.02,0.04,0,3.98,11.29,-12.97,18.92,-0.17,-0.29,0.93
4.3175,0,-0.029,-0.06,-0.01,-1,190.64,-7.29,1.15,0.04,0.01,-0.01,4.09,-1.22,-0.76,17.24,0.08,0.03,0.98
4.3189,6,0.981,-0.16,0.02,-0.11,1.45,-0.21,-18.67,0,-0.03,-0.05,4,2.75,-0.31,39.52,-0.01,-0.26,0.91
4.3226,1,-0.003,0.07,-0.06,-1,194.17,8.06,6.36,-0.03,-0.02,0,4.09,-2.29,-4.43,24.87,-0.1,0.11,0.99
4.324,3,-0.52,-0.21,-0.44,-0.7,126.24,9.74,58.39,0.01,-0.02,-0.05,4,-1.68,-15.41,18.31,-0.14,0.8,0.51
4.3413,7,-0.909,-0.06,0.16,-0.38,59.33,-20.04,-0.3,0.03,-0.03,0.02,0,8.39,3.66,15.26,0.39,-0.01,0.94
4.3427,2,-0.755,-0.1,-0.05,0.65,293.5,12.1,4.58,-0.01,0.02,-0.03,4.09,1.83,-1.83,27.62,-0.19,0.06,0.96
4.3653,5,0.47,0.64,0.49,0.36,88.55,-0.3,107.41,-0.03,-0.05,-0.23,4.09,-26.25,14.8,-6.71,0.06,0.75,-0.25
4.367,4,-0.819,0.06,-0.15,0.55,304.86,11.09,-15.36,0.01,0.01,0,3.98,14.34,-19.07,28.84,-0.18,-0.25,0.96
4.4045,0,-0.013,-0.07,-0.01,-1,192.49,-7.57,0.93,0.02,0.03,-0.02,4.09,-1.22,-4.73,16.17,0.11,0.04,0.96
4.406,6,0.984,-0.16,0.02,-0.08,4.61,1.1,-18.01,-0.01,-0.01,0.05,4,1.53,8.85,39.98,-0.07,-0.31,1
4.4099,1,0.015,0.06,-0.06,-1,196.23,7.15,6.58,-0.03,0.02,-0.05,4.09,-3.2,-6.26,18.31,-0.09,0.13,0.94
4.4114,3,-0.517,-0.22,-0.44,-0.7,125.88,8.15,58.03,-0.06,-0.06,0.06,4,-15.11,-15.56,-16.02,-0.07,0.92,0.53
4.4386,7,-0.905,-0.07,0.16,-0.39,60.68,-19.69,0.26,0,-0.03,-0.05,0,10.83,3.36,8.24,0.35,0.02,0.88
4.44,2,-0.771,-0.1,-0.05,0.63,296.2,11.23,5.22,-0.01,-0.02,0.03,4.09,-2.29,-10.83,26.4,-0.23,0.09,1
4.4625,5,0.494,0.6,0.52,0.35,91.95,5.61,105.58,0.11,-0.03,0.11,4.09,-19.07,20.9,-173.95,-0.05,1.09,-0.19
4.4641,4,-0.831,0.05,-0.14,0.54,307.2,10.08,-13.45,-0.05,-0.02,0.01,3.98,16.17,-17.24,14.04,-0.22,-0.26,0.96
4.4796,0,-0,-0.07,-0.01,-1,193.95,-7.89,0.86,0.02,0.02,-0.02,4.09,1.53,-1.53,13.12,0.11,0.03,0.97
4.4811,6,0.985,-0.15,0.05,-0.06,6.72,4.21,-18.15,-0.16,-0.07,0.07,4,-9.77,37.23,13.12,-0.24,-0.28,1.01
4.5025,1,0.027,0.06,-0.05,-1,197.5,6.13,6.21,-0.04,-0.01,-0.03,4.09,-9,-10.68,13.28,-0.07,0.09,0.97
4.504,3,-0.529,-0.21,-0.42,-0.71,124.67,8.04,55.72,0.08,-0.05,-0.29,4,-68.51,-1.83,10.22,-0.08,0.5,0.48
4.5395,7,-0.903,-0.08,0.15,-0.39,60.92,-19.68,1.33,0.03,0,-0.04,0,11.9,0,7.48,0.36,-0.01,0.91
4.5411,2,-0.779,-0.09,-0.04,0.62,297.59,10.17,5.25,-0.06,-0.03,-0.03,4.09,8.85,-12.21,-10.38,-0.21,0.03,0.95
4.5636,5,0.55,0.48,0.63,0.27,99.51,25.66,106.42,-0.04,0.02,-0.41,4.09,-14.65,5.19,-158.39,-0.29,0.43,-0.2
4.5651,4,-0.839,0.05,-0.12,0.53,308.67,9.08,-12.39,-0.03,-0.04,-0.01,3.98,2.9,-12.21,-1.98,-0.21,-0.22,0.95
4.6206,0,0.011,-0.07,-0.01,-1,195.25,-7.84,1.16,0,-0.01,0.09,4.09,6.1,5.19,16.94,0.15,0.01,1.08
4.6221,6,0.981,-0.16,0.09,-0.07,4.91,8.98,-19.31,-0.04,-0.07,0.05,4,-10.53,45.17,-21.21,-0.21,-0.28,0.98
4.6257,1,0.04,0.05,-0.04,-1,198.89,4.96,5.13,-0.04,-0.06,0.1,4.09,-12.66,-8.39,23.19,-0.06,0.04,1.1
4.6271,3,-0.541,-0.17,-0.35,-0.74,125.05,7.28,45.57,0.36,-0.25,0.04,4,-164.49,-13.73,11.29,-0.07,0.39,1.1
4.6451,7,-0.901,-0.09,0.15,-0.4,61.27,-20.08,2.31,0.01,0.01,0.13,0,14.04,8.7,8.39,0.41,-0,1.04
4.6461,2,-0.772,-0.09,-0.03,0.63,296.3,9.09,6,-0.15,-0.08,0.06,4.09,10.07,-16.63,-24.41,-0.27,-0.03,1.03
4.6621,5,0.561,0.44,0.65,0.25,102.37,30.47,106.36,0.07,-0.1,0.08,4.09,-27.01,14.5,-56.76,-0.45,0.96,-0.18
4.6641,4,-0.835,0.05,-0.11,0.54,307.78,7.68,-11.44,-0.07,-0.11,0.02,3.98,23.19,-17.09,-33.87,-0.27,-0.22,0.97
4.6901,0,0.032,-0.06,-0.01,-1,197.65,-7.24,1.05,-0.03,0.04,-0.02,4.09,1.22,11.14,26.86,0.15,0.05,0.96
4.6921,6,0.977,-0.16,0.12,-0.08,2.38,11.55,-19.96,0.04,-0.05,-0.12,4,13.28,10.83,-12.66,-0.14,-0.23,0.84
4.7081,1,0.061,0.04,-0.04,-1,201.19,4.49,4.55,-0.03,-0.01,-0.07,4.09,-7.48,-0.31,30.98,-0.04,0.05,0.92
4.7101,3,-0.539,-0.08,-0.23,-0.81,128.17,6.7,27.75,0.01,0.04,0.25,4,-176.54,27.01,-1.07,-0.17,0.59,1.13
4.7581,7,-0.895,-0.09,0.14,-0.41,62.92,-19.38,3.01,-0.08,0.01,-0.04,0,18.16,12.36,16.63,0.24,0.12,0.94
4.7601,2,-0.767,-0.08,-0.02,0.64,295.08,8.06,5.79,-0.19,-0.06,-0.03,4.09,0.76,-12.21,8.54,-0.23,-0.07,0.96
4.7821,5,0.577,0.39,0.68,0.23,105.83,36.81,106.32,0.1,-0.12,-0.02,4.09,-17.09,-1.98,-52.19,-0.52,0.93,-0.13
4.7841,4,-0.808,0.04,-0.09,0.58,302.14,6.15,-9.94,-0.3,-0.03,-0.01,3.98,26.86,-7.17,-30.98,-0.22,-0.44,0.91
4.7871,0,0.055,-0.05,-0.01,-1,200.32,-5.98,1.2,-0.01,0.02,0.06,4.09,3.81,19.23,20.29,0.12,0.05,1.03
4.7891,6,0.977,-0.15,0.11,-0.1,0.13,10.66,-18.45,0.14,0.01,-0.1,4,22.43,-26.4,-16.17,-0.05,-0.25,0.87
4.8061,1,0.083,0.03,-0.03,-1,203.72,3.49,3.72,-0.1,0.1,0.1,4.09,-2.9,-8.7,14.95,0.05,0.16,1.1
4.8081,3,-0.532,0.01,-0.14,-0.84,130.05,9.22,12.96,-0.3,-0.14,0.04,4,-108.49,37.99,28.99,0.09,0.44,0.98
4.8431,7,-0.888,-0.1,0.13,-0.43,64.99,-18.34,4.2,-0.12,0,0.05,0,7.78,18.16,15.41,0.26,0.17,1.01
4.8451,2,-0.78,-0.08,-0.02,0.62,297.29,7.43,5.38,-0.09,-0.04,0.02,4.09,-9.92,1.53,30.82,-0.19,0.03,1.02
4.8701,5,0.598,0.33,0.7,0.19,109.61,45.62,107.27,0.28,-0.14,0.15,4.09,-11.6,15.41,-120.09,-0.79,0.98,0.08
4.8711,4,-0.821,0.03,-0.08,0.56,304.58,5.6,-8.22,-0.21,-0.03,0.05,3.98,9.77,-10.22,55.08,-0.2,-0.33,1
4.9081,0,0.062,-0.04,-0.02,-1,201.15,-4.29,1.5,-0.08,0.05,-0.03,4.09,1.37,16.94,-11.14,0.16,0.05,0.95
4.9151,6,0.981,-0.13,0.07,-0.13,358.62,6.19,-16.28,0.35,-0.11,0.07,4,41.2,-82.24,-36.01,0.03,-0.24,1.35
4.9381,1,0.085,0.02,-0.03,-1,203.93,2.12,4,-0.11,0,-0.11,4.09,1.83,-16.94,-3.2,0.08,0.04,0.89
4.9391,3,-0.517,0.04,-0.09,-0.85,131.98,9.49,6.11,-0.13,-0.07,0.01,4,-25.33,-12.82,15.11,-0.04,0.17,1.05
4.9441,7,-0.888,-0.11,0.11,-0.43,65.12,-17.12,5.63,-0.15,-0.07,0.02,0,9.92,5.65,-13.12,0.25,0.25,0.97
4.9461,2,-0.793,-0.07,-0.03,0.6,299.7,7.93,4.03,-0.01,-0.01,0.15,4.09,-16.48,9.61,18.16,-0.17,0.06,1.06
5.0001,5,0.569,0.27,0.76,0.14,123.64,52.62,121.22,0.69,0.16,-0.01,4.09,60.27,126.8,-18.01,-0.87,0.58,0.31
5.0021,4,-0.852,0.03,-0.08,0.52,311.27,5.97,-7.91,-0.1,0.03,0.03,3.98,-31.28,4.58,52.8,-0.12,-0.23,0.97
5.0051,0,0.05,-0.02,-0.02,-1,199.71,-2.58,1.94,-0.14,-0.01,0.05,4.09,3.05,13.12,-23.04,0.16,-0.01,1.05
5.0071,6,0.981,-0.13,0.03,-0.14,357.33,1.44,-15.42,0.24,-0.16,-0.25,4,27.16,-26.86,-30.98,0.23,-0.17,0.81
5.0241,1,0.076,0,-0.03,-1,202.72,-0.06,3.72,-0.27,-0,0.08,4.09,-1.98,-15.41,-13.89,0.27,0.02,1.08
5.0261,3,-0.524,0.03,-0.08,-0.85,130.94,7.2,6.21,-0.14,0.07,-0.07,4,25.94,-32.04,-66.53,-0.11,0.21,0.89
5.0481,7,-0.893,-0.12,0.1,-0.42,63.65,-16.39,7.26,-0.12,-0.04,-0,0,4.27,-1.53,-23.8,0.24,0.24,0.95
5.0491,2,-0.812,-0.07,-0.04,0.58,303.45,8.48,4.19,0.03,0.04,-0.11,4.09,-2.29,16.48,28.08,-0.07,0.09,0.89
5.0671,5,0.485,0.32,0.8,0.16,129.57,42.03,130.12,-0.27,-0.09,-0.51,4.09,-5.95,3.51,64.39,-0.18,0.25,-0.48
5.0691,4,-0.866,0.06,-0.11,0.48,314.81,7.24,-12.38,-0.06,0.06,-0.04,3.98,-60.12,11.44,42.57,-0.09,-0.29,0.93
5.1041,0,0.047,-0.01,-0.02,-1,199.37,-1.58,2.74,-0.12,-0.07,0.01,4.09,11.9,9.46,10.53,0.15,-0.03,1.01
5.1061,6,0.982,-0.13,-0,-0.14,358.27,-2.24,-14.42,-0.06,-0.05,0.05,4,3.51,-34.18,25.18,-0.02,-0.22,1.03
5.1251,1,0.062,-0.01,-0.03,-1,201.11,-1.19,3.07,-0.16,-0.11,-0.02,4.09,-5.04,-4.88,-12.66,0.16,-0.07,0.99
5.1271,3,-0.56,0.02,-0.09,-0.82,126.17,7.55,7.87,0.55,-0.02,0.13,4,-12.97,18.01,40.59,-0.32,-0.32,1.18
5.1631,7,-0.898,-0.12,0.1,-0.41,62.02,-15.94,8.31,-0.08,-0.04,-0.01,0,1.53,0,-7.32,0.25,0.22,0.94
5.1651,2,-0.817,-0.07,-0.05,0.57,304.47,9.46,2.92,-0.04,0.06,-0.05,4.09,-21.21,7.02,2.59,-0.11,-0.02,0.94
5.1871,5,0.561,0.33,0.73,0.21,115.77,42.68,112.51,-0.21,0.07,-0.45,4.09,-172.58,-185.85,68.05,-0.4,0.3,-0.34
5.1881,4,-0.873,0.1,-0.14,0.46,317.35,9.05,-17.55,0.1,0.08,-0.05,3.98,-50.05,11.29,9.31,-0.02,-0.24,0.92
5.2111,0,0.066,-0.01,-0.03,-1,201.54,-1.54,3.65,-0.06,-0.04,-0.02,4.09,12.36,5.49,27.92,0.08,0.01,0.98
5.2121,6,0.982,-0.12,-0.03,-0.14,358.58,-4.93,-13.52,0.15,0.04,-0.08,4,10.99,-29.3,-25.33,0.25,-0.21,0.88
5.2171,1,0.051,-0.01,-0.02,-1,199.81,-1.8,1.99,-0.09,-0.06,0.03,4.09,-1.53,6.41,-18.77,0.11,-0.03,1.03
5.2181,3,-0.512,0.04,-0.09,-0.85,132.61,9.44,5.94,-0.04,0.01,-0.07,4,-15.26,21.82,45.17,-0.14,0.11,0.9
5.2631,7,-0.9,-0.12,0.1,-0.41,61.46,-15.74,8.53,-0.02,-0.06,-0.01,0,-7.93,0.15,-9.92,0.3,0.18,0.93
5.2641,2,-0.827,-0.06,-0.06,0.56,306.31,9.07,1.96,-0.1,0.04,-0.03,4.09,-3.51,-6.87,30.06,-0.16,-0.07,0.96
5.2851,5,0.71,0.3,0.54,0.34,91.08,34.67,73.47,0.12,-0.01,0.07,4.09,-287.93,-163.42,89.57,-0.57,0.84,0.38
5.2871,4,-0.874,0.13,-0.15,0.45,318.43,8.37,-21.06,0.09,0.07,-0.11,3.98,-20.14,-22.89,28.69,-0.02,-0.29,0.85
5.3071,0,0.087,-0.01,-0.04,-1,203.91,-2.05,4.4,-0.08,-0.02,0.12,4.09,3.66,-14.5,18.31,0.11,0.06,1.16
5.3081,6,0.982,-0.11,-0.06,-0.13,359.59,-8.96,-12.13,0.09,0.02,-0.05,4,22.74,-57.98,14.95,0.2,-0.23,0.97
5.3121,1,0.034,-0.01,-0.02,-1,197.97,-0.89,1.82,0.02,-0.06,0.12,4.09,-3.51,14.8,-25.94,-0.05,0.07,1.2
5.3151,3,-0.481,0.05,-0.09,-0.87,136.78,10.15,6.13,-0.1,-0.04,-0.09,4,13.58,-9,29.6,-0.07,0.16,0.9
5.3491,7,-0.905,-0.12,0.1,-0.4,60.46,-15.69,8.02,-0.12,-0.09,0.05,0,-7.02,-2.59,-14.19,0.28,0.35,1.02
5.3511,2,-0.845,-0.05,-0.05,0.53,309.93,8.24,1.4,-0.04,0.04,0.1,4.09,-21.36,-6.56,45.62,-0.13,-0.02,1.11
5.3881,5,0.782,0.19,0.33,0.49,85.54,19.18,41.7,0.26,0.03,0.55,4.09,-309.45,-83.62,132.14,-0.45,0.8,1.33
5.3901,4,-0.895,0.13,-0.12,0.41,323.97,6.44,-19.57,0.11,-0.01,0.17,3.98,29.3,-47.91,62.87,-0.08,-0.31,1.15
5.4131,0,0.105,-0.02,-0.04,-0.99,206.04,-2.37,4.78,-0.03,-0.04,-0.06,4.09,-4.58,12.21,20.75,0.07,0.02,0.91
5.4181,6,0.984,-0.12,-0.08,-0.11,3.02,-10.71,-12.35,-0.05,-0.06,-0.01,4,-1.98,7.63,-39.67,0.19,-0.16,0.96
5.4251,1,0.017,0.01,-0.01,-1,196.06,1.12,1.34,-0.11,-0.11,-0.35,4.09,16.78,7.48,15.11,0.07,-0.07,0.65
5.4271,3,-0.483,0.03,-0.09,-0.87,136.55,8.07,7.67,-0.13,0.11,0.22,4,9.77,-30.98,-38.76,-0.2,0.32,1.16
5.4511,7,-0.91,-0.12,0.08,-0.39,59.23,-13.7,9.29,0.06,0.18,-0.03,0,23.96,40.28,19.07,0.14,-0.02,0.97
5.4521,2,-0.868,-0.03,-0.05,0.49,314.97,7.14,0.21,0.09,-0.07,0,4.09,-0.92,-9.92,49.29,-0.13,0.13,0.98
5.4891,5,0.769,0.05,0.16,0.62,93.06,10.19,15.98,-0.29,-0,0.75,4.09,-199.58,7.93,74.01,-0.36,0.8,1.59
5.4911,4,-0.932,0.11,-0.09,0.33,333.99,5.01,-15.52,-0.04,-0.13,-0.03,3.98,17.09,-34.64,90.48,-0.21,-0.17,0.94
5.5141,0,0.116,-0.02,-0.04,-0.99,207.35,-2.5,4.23,0.06,0.04,0.02,4.09,-2.29,-4.12,6.56,-0.01,0.14,1.05
5.5151,6,0.983,-0.12,-0.09,-0.11,2.04,-11.25,-12.65,0.05,0.05,-0.05,4,-6.56,-7.63,11.6,0.23,-0.19,0.9
5.5191,1,0.029,0.01,-0.02,-1,197.39,0.58,2.28,-0.09,0.12,0.21,4.09,-7.93,-5.34,0.46,0.12,0.16,1.18
5.5211,3,-0.513,0.03,-0.09,-0.85,132.5,7.7,6.85,0.04,0,-0.08,4,8.7,12.21,-16.17,-0.13,0.08,0.9
5.5511,7,-0.903,-0.12,0.05,-0.41,62.05,-10.53,10.22,-0.06,-0.02,-0.01,0,21.97,26.7,12.97,0.17,0.22,0.96
5.5521,2,-0.874,-0.04,-0.05,0.48,316.5,7.05,1.44,0.05,0.05,-0.04,4.09,11.44,2.75,-28.84,-0.04,0.02,0.97
5.5761,5,0.737,-0.02,0.11,0.67,98.88,11.17,7.08,-0.19,-0.04,0.12,4.09,17.85,25.33,38.91,-0.17,0.3,1.03
5.5781,4,-0.945,0.1,-0.08,0.3,337.91,5.16,-13.68,-0.03,-0.05,-0.01,3.98,10.99,13.73,-37.54,-0.13,-0.22,0.96
5.5981,0,0.123,-0.01,-0.05,-0.99,208.07,-2.01,5.1,-0.09,-0.07,-0.1,4.09,10.83,-1.22,21.97,0.09,-0.01,0.92
5.5991,6,0.982,-0.12,-0.09,-0.11,2.42,-12.08,-12.52,-0.05,0.03,0.01,4,5.8,-2.75,-4.27,0.19,-0.3,0.97
5.6151,1,0.028,0.01,-0.02,-1,197.28,0.75,1.78,-0.04,0.04,-0.03,4.09,3.05,3.66,0.31,0.03,0.07,0.97
5.6171,3,-0.522,0.03,-0.1,-0.85,131.3,8.63,7.57,-0.06,0.02,0.05,4,16.33,-7.17,-20.75,-0.16,0.19,1.04
5.6611,7,-0.903,-0.13,0.02,-0.41,61.99,-8.05,12.65,-0.19,-0.07,0.01,0,28.38,26.25,-21.21,0.05,0.39,0.95
5.6631,2,-0.859,-0.04,-0.05,0.51,312.86,6.94,1.58,-0.06,0.06,0.07,4.09,2.44,1.07,-36.01,-0.12,-0.05,1.08
5.6931,5,0.711,0,0.15,0.69,103.39,11.8,12.41,-0.21,-0.08,-0.08,4.09,56.3,8.09,40.89,-0.11,0.38,0.84
5.6951,4,-0.924,0.09,-0.09,0.36,330.55,5.64,-13.03,-0.04,0.09,0.1,3.98,15.56,27.62,-97.81,-0.07,-0.34,1.05
5.6991,0,0.153,-0.01,-0.05,-0.99,211.57,-2.29,5.99,-0.04,0,-0.03,4.09,7.17,0,37.38,0.07,0.09,0.98
5.7011,6,0.982,-0.12,-0.1,-0.11,2.79,-12.44,-12.72,-0.01,-0.04,-0,4,-4.88,1.37,2.14,0.2,-0.17,0.96
5.7151,1,0.025,0.01,-0.02,-1,196.88,1.44,1.76,-0.02,0.06,-0.04,4.09,-2.29,12.05,-8.54,-0.01,0.1,0.96
5.7171,3,-0.542,0.02,-0.1,-0.83,128.63,8.36,8.41,0.1,-0.03,0.06,4,2.44,-5.65,-27.01,-0.16,0.03,1.02
5.7631,7,-0.91,-0.14,-0.02,-0.39,60.01,-3.9,15.56,0.07,0.15,0.02,0,21.82,43.64,-21.82,0,0.16,1.01
5.7651,2,-0.845,-0.04,-0.04,0.53,309.73,6.8,1.55,-0.08,-0.02,-0.04,4.09,6.41,-1.37,-14.8,-0.16,-0.04,0.95
5.7961,5,0.689,0.03,0.17,0.7,106.9,11.08,16.92,0.02,-0.11,0.03,4.09,28.08,-2.9,32.81,-0.09,0.28,1
5.7991,4,-0.897,0.08,-0.09,0.42,322.7,5.55,-13.05,-0.11,0.15,-0.06,3.98,1.68,4.43,-20.9,-0.05,-0.39,0.87
5.8021,0,0.179,-0.01,-0.06,-0.98,214.56,-2.33,6.31,0.07,0.06,0.12,4.09,-1.37,9.16,16.02,0,0.2,1.1
5.8041,6,0.981,-0.12,-0.1,-0.12,1.39,-12.56,-12.49,-0.02,0.07,-0.01,4,0.61,3.05,-13.43,0.21,-0.29,0.94
5.8201,1,0.018,0.02,-0.02,-1,196.16,1.78,2.48,-0.16,-0.02,0.05,4.09,14.65,-10.99,2.9,0.14,0.01,1.05
5.8221,3,-0.549,0.02,-0.1,-0.83,127.7,8.35,7.87,-0,-0.03,-0.07,4,3.66,0,1.07,-0.11,0.14,0.95
5.8551,7,-0.908,-0.14,-0.06,-0.39,60.34,-0.23,17.67,0.16,0.08,0.13,0,20.6,44.25,-4.12,0.07,0.14,1.05
5.8561,2,-0.842,-0.05,-0.04,0.54,309.19,6.86,1.77,-0.05,0.03,-0.01,4.09,-1.07,0.15,-1.22,-0.11,-0.03,0.99
5.8791,5,0.7,0.05,0.17,0.69,104.87,9.43,17.57,-0.06,0.06,-0.02,4.09,13.43,-39.37,-95.37,-0.23,0.34,0.88
5.8801,4,-0.899,0.09,-0.09,0.42,323.51,5.09,-13.5,-0.05,0.05,0,3.98,-2.59,-5.95,19.68,-0.08,-0.29,0.96
5.8971,0,0.185,-0,-0.06,-0.98,215.33,-1.47,6.46,-0.03,0.11,-0.11,4.09,0.76,-4.27,-5.34,0.09,0.19,0.88
5.8991,6,0.98,-0.12,-0.1,-0.13,0.88,-12.61,-12.62,-0.04,-0.03,0.01,4,-0.31,3.66,-2.14,0.17,-0.19,0.98
5.9221,1,0.02,0.01,-0.04,-1,196.44,1.08,4.15,-0.05,0.09,0.04,4.09,6.71,2.75,-3.36,0.05,0.15,1.03
5.9261,3,-0.555,0.02,-0.1,-0.83,126.86,8.2,8.48,-0.03,-0,0.02,4,6.71,-2.29,-18.31,-0.14,0.17,1
5.9731,7,-0.902,-0.14,-0.08,-0.4,62.14,1.48,18.34,0.19,0.01,-0.19,0,-11.6,-12.05,30.98,0.1,0.12,0.83
5.9751,2,-0.842,-0.04,-0.04,0.54,309.14,6.31,1.21,-0,-0.01,-0,4.09,-7.63,-7.63,-0.31,-0.12,0.03,0.99
5.9961,5,0.794,0.05,0.15,0.59,88.42,10.08,15,0.26,0.53,0.01,4.09,-12.97,-6.71,-109.71,-0.58,-0.14,0.98
5.9981,4,-0.898,0.09,-0.09,0.42,323.24,4.91,-14.17,-0.03,-0.02,0,3.98,-11.6,7.02,-33.26,-0.13,-0.25,0.96
6.0021,0,0.175,-0.01,-0.06,-0.98,214.18,-1.97,6.92,-0.02,0.05,0.03,4.09,-1.68,-11.9,-19.53,0.07,0.16,1.02
6.0041,6,0.98,-0.12,-0.09,-0.13,0.61,-12.47,-12.39,-0.02,0.03,0.01,4,0.92,2.9,-5.04,0.21,-0.26,0.97
6.0191,1,0.023,0.02,-0.04,-1,196.74,1.64,4.96,-0.05,0,-0,4.09,2.59,7.93,6.26,0.02,0.08,1
6.0211,3,-0.567,0.02,-0.1,-0.82,125.14,8.18,8.33,0.02,-0.03,-0.03,4,1.37,-1.53,-11.29,-0.11,0.11,0.96
6.0681,7,-0.912,-0.13,-0.05,-0.38,59.59,-0.62,16.31,-0.11,-0.09,0.11,0,-19.38,-45.17,-70.5,-0.01,0.45,1.03
6.0691,2,-0.837,-0.03,-0.04,0.54,307.96,5.56,0.67,-0.08,-0.04,0.03,4.09,0.15,-2.44,-13.28,-0.17,-0.05,1.02
6.0911,5,0.798,0.03,0.13,0.59,87.83,9.79,12.1,-0.01,-0.06,0.11,4.09,-27.77,-1.53,47.45,-0.14,0.29,1.08
6.0931,4,-0.884,0.1,-0.1,0.44,319.94,4.97,-16.04,-0.08,-0.06,0.03,3.98,-16.33,4.43,1.37,-0.19,-0.3,0.97
6.1201,0,0.158,-0.01,-0.07,-0.99,212.15,-2.79,7.18,-0.04,-0.04,0.05,4.09,-1.37,-7.78,-14.19,0.07,0.07,1.02
6.1211,6,0.98,-0.12,-0.09,-0.13,359.78,-12.43,-12.05,0.02,-0,-0.02,4,2.44,1.22,-9,0.21,-0.23,0.95
6.1251,1,0.026,0.02,-0.05,-1,197.11,2.2,5.59,-0.05,0.08,0.05,4.09,13.43,3.97,-0.92,0.02,0.19,1.03
6.1261,3,-0.571,0.02,-0.1,-0.81,124.52,7.95,7.83,-0,-0.03,-0,4,-3.36,-4.12,-2.59,-0.1,0.13,0.98
6.1731,7,-0.914,-0.13,-0.03,-0.38,59.01,-3.23,15.46,0.15,0.26,-0.1,0,-23.8,-15.26,31.43,-0.02,0.02,0.93
6.1751,2,-0.837,-0.03,-0.04,0.54,308.04,6.18,0.65,-0.06,-0.02,0.02,4.09,-0.46,9.46,4.88,-0.15,-0.04,1
6.1981,5,0.793,0.03,0.12,0.6,88.93,8.82,10.74,-0.1,-0.01,-0.04,4.09,12.97,-3.51,-19.53,-0.18,0.26,0.9
6.1991,4,-0.891,0.1,-0.11,0.43,321.84,6.22,-16.34,0,-0.06,-0,3.98,4.88,5.49,16.63,-0.15,-0.24,0.95
6.2041,0,0.152,-0.02,-0.07,-0.99,211.34,-3.37,7.13,-0.02,-0.02,-0.04,4.09,0.92,-9.77,-3.36,0.06,0.09,0.97
6.2051,6,0.979,-0.12,-0.09,-0.13,359.68,-12.42,-12.09,-0.01,0.01,-0,4,1.22,0.31,1.07,0.21,-0.22,0.95
6.2281,1,0.021,0.03,-0.06,-1,196.66,2.73,7.1,-0.03,-0.01,-0.06,4.09,5.8,1.68,-6.1,-0.02,0.1,0.94
6.2291,3,-0.571,0.02,-0.09,-0.82,124.5,7.36,7.35,-0.02,-0.02,0.01,4,-1.22,-4.27,4.12,-0.1,0.14,1
6.2761,7,-0.912,-0.13,-0,-0.39,59.63,-5.45,13.53,-0.08,-0.18,-0.03,0,-20.45,-34.03,-33.72,0.17,0.38,0.9
6.2771,2,-0.84,-0.04,-0.05,0.54,308.78,7.1,0.49,-0.03,-0.02,0,4.09,-2.14,7.78,3.51,-0.15,-0.01,0.99
6.3001,5,0.818,0.03,0.12,0.56,83.89,8.9,10.92,0.02,0.07,0.03,4.09,6.56,-4.73,-55.54,-0.22,0.15,1
6.3011,4,-0.894,0.09,-0.11,0.42,322.46,6.91,-15.16,-0.02,0.03,-0.01,3.98,11.44,3.36,4.27,-0.11,-0.3,0.94
6.3381,0,0.149,-0.02,-0.07,-0.99,211.01,-3.73,7.11,-0.04,0.01,0.02,4.09,-0.61,0.46,-5.34,0.11,0.12,1
6.3401,6,0.98,-0.12,-0.09,-0.13,359.77,-12.45,-11.99,-0.06,0.01,0,4,1.07,0,3.81,0.17,-0.23,0.96
6.3451,1,0.02,0.03,-0.06,-1,196.49,3.04,7.06,-0.05,-0.05,-0.02,4.09,-2.9,0.31,-3.2,-0.01,0.07,0.97
6.3461,3,-0.569,0.01,-0.09,-0.82,124.81,6.9,7.23,-0.03,-0.01,0.01,4,1.53,-2.14,1.68,-0.1,0.15,0.99
6.3711,7,-0.923,-0.12,0.03,-0.36,56.37,-7.82,11.71,-0,0.16,-0,0,-13.28,-21.82,26.4,0.04,0.12,1.01
6.3721,2,-0.842,-0.04,-0.05,0.54,309.16,7.65,0.48,-0.02,-0.02,-0,4.09,0.61,2.44,-0.31,-0.16,-0.01,0.99
6.3781,5,0.842,0.03,0.11,0.53,78.87,9.21,10.08,0.05,0.06,-0.02,4.09,-1.37,-4.43,-40.89,-0.19,0.09,0.96
6.3801,4,-0.896,0.09,-0.11,0.42,322.7,6.97,-14.42,-0.04,0.04,-0,3.98,3.51,-1.07,1.07,-0.11,-0.31,0.94
6.4001,0,0.144,-0.03,-0.07,-0.99,210.34,-4.25,7.06,-0.03,-0.02,0.01,4.09,-1.68,-5.8,-7.48,0.1,0.09,1
6.4011,6,0.98,-0.12,-0.09,-0.13,0.05,-12.42,-12,-0.02,-0,-0,4,1.22,-0.92,1.83,0.19,-0.21,0.96
6.4491,1,0.023,0.03,-0.06,-1,196.89,2.96,6.59,-0.03,-0.02,-0,4.09,-7.02,-1.68,1.07,-0.02,0.09,0.99
6.4511,3,-0.568,0.01,-0.09,-0.82,124.96,6.46,7.51,-0.02,-0.01,0.01,4,0.92,-2.75,2.44,-0.09,0.15,0.99
6.4591,7,-0.913,-0.11,0.04,-0.39,59.33,-9.52,10.15,-0.1,-0.08,-0.03,0,-8.09,0.61,26.09,0.14,0.28,0.91
6.4611,2,-0.842,-0.04,-0.06,0.54,309.16,7.88,0.51,-0.04,-0.01,0,4.09,-0.92,0.15,0.15,-0.16,-0.02,0.99
6.5001,5,0.851,0.03,0.1,0.51,77.05,8.52,9.01,-0,0,0.01,4.09,-1.68,-5.95,8.09,-0.15,0.16,0.98
6.5021,4,-0.897,0.09,-0.11,0.42,323.14,6.74,-14.51,-0.05,0.01,0.01,3.98,-2.44,-3.51,7.02,-0.15,-0.29,0.95
6.5241,0,0.142,-0.03,-0.07,-0.99,210.11,-4.53,6.96,-0.05,-0.06,0,4.09,-2.75,-0.31,-1.53,0.11,0.05,1
6.5251,6,0.98,-0.12,-0.1,-0.13,0.22,-12.51,-11.93,-0.03,-0,0,4,0.76,-0.46,-0.61,0.19,-0.21,0.96
6.5301,1,0.022,0.03,-0.05,-1,196.75,2.75,5.79,-0.08,0,-0.02,4.09,-1.68,-5.19,-0.61,0.02,0.11,0.99
6.5321,3,-0.566,0.01,-0.08,-0.82,125.24,6.16,7.5,-0.02,-0.01,0.02,4,0.15,-1.37,3.97,-0.1,0.15,1.01
6.5711,7,-0.907,-0.11,0.05,-0.4,61.07,-10.12,9.41,-0.08,0.02,-0.02,0,-3.2,-4.27,-6.1,0.1,0.22,0.95
6.5721,2,-0.843,-0.04,-0.06,0.53,309.5,7.87,0.33,-0.04,-0.02,0.01,4.09,-2.14,0.92,3.66,-0.17,-0.02,0.99
6.5951,5,0.853,0.03,0.09,0.51,76.7,7.33,8.43,-0.06,0.08,0.01,4.09,-1.37,-4.73,2.29,-0.23,0.16,0.98
6.5961,4,-0.9,0.09,-0.11,0.41,323.96,6.8,-14.89,-0.05,-0.02,0.01,3.98,-5.19,0,8.24,-0.17,-0.28,0.95
6.6341,0,0.144,-0.03,-0.06,-0.99,210.43,-4.76,6.42,-0.04,-0.04,0,4.09,-3.05,-2.44,4.58,0.12,0.06,0.99
6.6361,6,0.98,-0.11,-0.1,-0.13,0.16,-12.61,-11.82,-0.03,0,-0,4,0.76,0,-0.15,0.2,-0.21,0.96
6.6391,1,0.023,0.02,-0.05,-1,196.81,2.41,5.75,-0.05,-0.02,0.02,4.09,-1.83,1.22,-0.61,0.01,0.08,1.02
6.6411,3,-0.564,0.01,-0.08,-0.82,125.54,5.97,7.58,-0.03,-0.01,0.01,4,1.68,0,3.81,-0.09,0.16,0.99
6.6621,7,-0.906,-0.11,0.05,-0.41,61.4,-10.24,9.25,0,-0,0,0,0,-2.9,0,0.17,0.16,0.97
6.6631,2,-0.846,-0.04,-0.06,0.53,309.98,8.11,0.09,-0.03,-0.01,0,4.09,-3.36,2.29,3.36,-0.16,-0.02,0.99
6.6981,5,0.848,0.03,0.09,0.52,77.7,6.84,8.35,-0.1,0.04,0.03,4.09,1.83,1.53,8.24,-0.2,0.21,0.99
6.6991,4,-0.902,0.09,-0.11,0.41,324.64,7.21,-15.21,-0.02,-0,0.01,3.98,-3.66,2.75,4.88,-0.14,-0.27,0.96
6.7221,0,0.149,-0.04,-0.06,-0.99,211.02,-5.07,5.95,-0.04,-0.02,0.01,4.09,-3.05,-2.59,4.27,0.12,0.07,0.99
6.7231,6,0.98,-0.11,-0.1,-0.13,0.22,-12.59,-11.81,-0.03,0,0,4,0.61,-0.31,2.44,0.19,-0.21,0.96
6.7271,1,0.026,0.02,-0.05,-1,197.1,2.38,5.6,-0.05,-0,-0.01,4.09,0,-1.22,3.51,0,0.09,0.99
6.7281,3,-0.563,0,-0.08,-0.82,125.66,5.81,7.84,-0.03,-0.01,0.01,4,2.59,-1.22,-0.61,-0.08,0.16,1
6.7751,7,-0.906,-0.11,0.05,-0.41,61.5,-10.33,9.18,-0.01,-0,-0,0,0,-0.61,4.58,0.18,0.16,0.97
6.7761,2,-0.846,-0.04,-0.06,0.53,310.14,8.42,-0.28,-0.02,-0.01,0,4.09,-3.2,1.22,-0.61,-0.16,-0.02,0.99
6.7991,5,0.847,0.03,0.09,0.52,77.94,6.75,8.51,-0.05,0.02,0.01,4.09,1.98,0.31,1.98,-0.14,0.17,0.98
