0,1,-0.072,0.03,-0.04,-1,185.93,4.26,4.28,-0.07,-0,0,4.09,0.15,0.61,0,0,0.08,1
0.0018,3,-0.689,-0.06,-0.11,-0.71,106.53,3.97,14.46,-0.01,-0,0.01,4.09,-0.92,0.15,-0.46,-0.07,0.26,0.97
0.0062,7,-0.957,-0.05,0.05,-0.28,46.57,-6.6,3.58,-0.03,0,-0,0,-0.61,-0.31,0,0.09,0.08,0.99
0.0077,4,-0.863,0.07,-0.12,0.49,314.2,7.99,-13.38,-0.03,0,0.01,4.09,0.15,-0.61,0.31,-0.15,-0.26,0.96
0.1087,0,-0.086,-0.07,-0.02,-0.99,183.93,-7.89,3.5,-0,-0,0,4.09,0.31,0.15,-0.15,0.14,0.06,0.99
0.1103,2,-0.777,-0.06,-0.07,0.62,296.62,10.1,0.01,-0.01,0,0,4.09,0.46,-0.61,-0.15,-0.18,-0.01,0.99
0.1152,5,0.923,0.08,0.12,0.36,57.58,9.74,13.32,-0.01,-0.01,0,4.09,-0.61,-0.46,-0.15,-0.18,0.24,0.96
0.1166,6,0.961,-0.06,-0.12,-0.24,346.43,-15.04,-3.74,-0.05,0,-0,4.09,0,-0.76,-0.15,0.22,-0.09,0.97
0.1218,1,-0.073,0.03,-0.04,-1,185.87,4.3,4.29,-0.07,0,0,4.09,0.15,1.07,0,0,0.09,1
0.1236,3,-0.69,-0.06,-0.11,-0.71,106.43,3.97,14.38,-0,-0,0.01,4.09,-0.61,0.31,0,-0.07,0.25,0.97
0.1274,7,-0.957,-0.05,0.05,-0.28,46.57,-6.63,3.52,-0.03,-0,-0,0,-0.61,0,-0.15,0.09,0.08,0.99
0.1287,4,-0.863,0.07,-0.12,0.49,314.21,7.96,-13.4,-0.03,-0,0,4.09,0.15,-0.61,0,-0.16,-0.26,0.96
0.2005,0,-0.086,-0.07,-0.02,-0.99,183.9,-7.77,3.51,0,0,0,4.09,0.15,0.61,-0.31,0.14,0.06,0.99
0.2033,2,-0.777,-0.06,-0.07,0.62,296.65,10.08,0.07,-0.02,-0,0.01,4.09,0.61,0,0.15,-0.18,-0.01,1
0.2083,5,0.923,0.08,0.12,0.36,57.54,9.71,13.25,-0.01,-0,0.01,4.09,-0.61,-0.46,-0.46,-0.18,0.24,0.96
0.2097,6,0.961,-0.06,-0.12,-0.24,346.36,-15.06,-3.74,-0.05,-0,-0,4.09,0,-0.92,-0.15,0.22,-0.08,0.97
0.2135,1,-0.072,0.03,-0.04,-1,185.91,4.33,4.34,-0.07,-0,0,4.09,0.15,0.76,0,-0,0.09,1
0.2149,3,-0.69,-0.06,-0.11,-0.71,106.44,3.99,14.28,-0,-0,0.01,4.09,-1.07,0.61,0.76,-0.08,0.25,0.99
0.219,7,-0.958,-0.05,0.05,-0.28,46.44,-6.64,3.54,-0.03,0,0,0,-0.61,-0.15,-0.31,0.09,0.07,0.99
0.2207,4,-0.863,0.07,-0.12,0.49,314.26,7.92,-13.42,-0.03,-0.04,0.04,4.09,-1.22,0.31,-2.29,-0.19,-0.24,1.01
0.3053,0,-0.085,-0.07,-0.03,-0.99,184.01,-7.76,3.61,0,-0,0,4.09,0.31,0.61,-0.15,0.13,0.06,0.99
0.3068,2,-0.777,-0.06,-0.07,0.62,296.61,10.41,0.75,0.13,-0.03,0.07,4.09,18.77,7.32,-10.22,-0.2,0.16,1.04
0.3121,5,0.923,0.08,0.12,0.36,57.51,9.67,13.19,-0.02,0,0.01,4.09,-0.61,-0.46,-0.46,-0.18,0.23,0.96
0.3136,6,0.961,-0.06,-0.12,-0.24,346.34,-15.14,-3.77,-0.05,-0,0,4.09,-0.31,-1.22,-0.61,0.22,-0.08,0.98
0.3179,1,-0.072,0.04,-0.04,-1,185.97,4.37,4.39,-0.07,0,0,4.09,0.15,0.76,0,-0,0.09,1
0.3228,3,-0.688,-0.05,-0.11,-0.72,106.83,4.76,13.36,0.18,0.04,0.05,4.09,-23.35,22.28,19.38,-0.15,0.06,1.05
0.3273,7,-0.958,-0.05,0.05,-0.28,46.43,-6.61,3.5,-0.02,0,-0,0,-0.46,0,0,0.09,0.07,0.99
0.3292,4,-0.853,0.08,-0.13,0.5,312.21,8.46,-15.15,-0.13,-0.14,0.16,4.09,-50.81,33.57,-48.98,-0.37,-0.34,1.07
0.4077,0,-0.085,-0.07,-0.03,-0.99,184.02,-7.51,3.59,-0,-0,0,4.09,0.15,0.92,0,0.14,0.06,0.99
0.4092,2,-0.758,-0.1,-0.05,0.64,293.96,11.99,5.12,0.01,-0.03,0.05,4.09,70.04,22.58,-33.72,-0.24,0.12,1.01
0.4142,5,0.923,0.08,0.12,0.36,57.45,9.64,13.18,-0.01,0,0.01,4.09,-0.61,-0.15,0.31,-0.18,0.23,0.97
0.4157,6,0.96,-0.06,-0.12,-0.24,345.96,-15.06,-3.73,-0.04,-0.01,0,4.09,-1.98,0.92,-5.95,0.22,-0.07,0.98
0.4213,1,-0.071,0.04,-0.04,-1,186.01,4.37,4.45,-0.07,-0,-0,4.09,0.31,0.92,-0.15,-0.01,0.09,1
0.4259,3,-0.669,-0,-0.11,-0.74,110.08,7.96,9.39,0.09,0.02,0.07,4.09,-59.36,48.22,18.46,-0.17,0.08,1.06
0.4301,7,-0.958,-0.04,0.05,-0.28,46.51,-6.58,3.39,-0.03,0,-0,0,-0.92,-0.15,-0.31,0.09,0.07,0.99
0.4315,4,-0.784,0.13,-0.21,0.57,299.62,10.1,-26.45,-0.16,-0.24,0.33,4.09,-146.94,99.64,-172.88,-0.51,-0.68,1.08
0.5024,0,-0.085,-0.07,-0.03,-0.99,184.02,-7.44,3.57,-0.01,0.01,0.02,4.09,0,1.07,-0.15,0.15,0.08,1
0.5044,2,-0.726,-0.15,-0.04,0.67,290.03,15.04,10.3,-0.08,-0.02,0.07,4.09,51.12,33.57,-78.43,-0.32,0.1,1.02
0.5089,5,0.923,0.08,0.12,0.36,57.63,9.65,13.19,-0.03,0.05,0.1,4.09,11.29,5.34,13.12,-0.25,0.24,1.08
0.5103,6,0.959,-0.06,-0.12,-0.25,345.29,-15.02,-3.78,-0.06,-0.02,0.02,4.09,-4.73,3.2,-8.39,0.21,-0.08,1
0.5143,1,-0.072,0.04,-0.04,-1,185.95,4.41,4.44,-0.08,-0,-0,4.09,0,1.37,-0.31,-0,0.09,1
0.5158,3,-0.634,0.06,-0.1,-0.76,115.12,12.76,4.12,-0.06,-0.06,0.08,4.09,-54.78,63.63,75.99,-0.18,0.15,1.04
0.5199,7,-0.958,-0.04,0.05,-0.28,46.46,-6.55,3.33,-0.03,-0.01,-0,0,-1.22,-0.31,-0.92,0.09,0.08,0.99
0.5227,4,-0.62,0.23,-0.36,0.66,276.78,7.96,-49.78,-0.22,-0.17,0.28,4.09,-214.39,109.86,-150.76,-0.31,-1.09,0.6
0.5986,0,-0.085,-0.07,-0.03,-0.99,184.07,-7.44,3.62,-0.01,-0.01,0.01,4.09,1.07,4.88,3.36,0.14,0.05,1
0.6005,2,-0.674,-0.18,-0.07,0.71,282.63,20.87,9.21,-0.25,-0.12,0.03,4.09,-26.09,54.63,-71.87,-0.49,-0.09,0.94
0.6062,5,0.902,0.11,0.15,0.39,62.69,10.43,18.63,-0.09,0.13,0.28,4.09,90.18,39.83,88.5,-0.39,0.38,1.17
0.608,6,0.957,-0.07,-0.11,-0.26,344.08,-14.43,-4.01,-0.08,0,0.02,4.09,-9.16,11.44,-14.04,0.18,-0.12,0.99
0.613,1,-0.073,0.04,-0.04,-1,185.81,4.53,4.52,-0.07,0.02,0,4.09,0.46,1.68,-4.73,-0.01,0.1,0.99
0.6145,3,-0.583,0.11,-0.11,-0.8,122.17,17.62,2.93,-0.19,-0.07,-0.06,4.09,7.63,34.18,54.63,-0.17,0.2,0.93
0.62,7,-0.958,-0.04,0.05,-0.28,46.31,-6.44,3.32,-0.04,-0.02,0,0,-1.07,0,-3.51,0.08,0.1,1
0.6225,4,-0.485,0.32,-0.49,0.65,265.36,3.48,-72.13,-0.23,0.01,0.04,4.09,-206.15,37.69,-21.51,0.02,-1.06,0.11
0.6985,0,-0.083,-0.06,-0.03,-0.99,184.28,-7.03,3.69,-0,0,0.01,4.09,0.92,5.65,-0.76,0.12,0.07,0.99
0.7,2,-0.636,-0.19,-0.15,0.73,276.16,27.83,1.05,-0.21,-0.03,-0.01,4.09,-101.78,61.04,-57.68,-0.46,-0.22,0.87
0.7047,5,0.829,0.21,0.23,0.47,76.12,10.52,34.26,-0.09,0.15,0.5,4.09,180.51,86.06,126.8,-0.44,0.84,1.18
0.7067,6,0.955,-0.07,-0.09,-0.27,342.9,-12.63,-4.94,-0.13,-0.04,0.03,4.09,-14.34,30.52,-10.68,0.1,-0.14,1.01
0.7104,1,-0.079,0.04,-0.04,-1,185.18,4.72,4.51,-0.06,-0,0.01,4.09,0.15,-0.46,-9.16,-0.02,0.09,1
0.7118,3,-0.538,0.1,-0.16,-0.82,129.37,19.17,9.8,-0.2,0.01,-0.06,4.09,91.4,11.44,66.38,-0.25,0.35,0.85
0.7154,7,-0.96,-0.04,0.04,-0.27,45.71,-6.35,3.53,-0.08,-0.02,0.02,0,1.83,4.27,-10.38,0.06,0.12,1.01
0.7168,4,-0.445,0.37,-0.6,0.55,264.52,7.23,-89.52,-0.17,0.23,-0.21,4.09,-137.63,-7.02,72.94,0.17,-0.82,-0.08
0.799,0,-0.083,-0.06,-0.03,-0.99,184.32,-6.13,3.69,0.01,-0.03,-0,4.09,2.44,12.82,0.61,0.1,0.03,0.99
0.8008,2,-0.626,-0.15,-0.27,0.72,272.26,33.23,-13.64,-0.07,0.14,0.06,4.09,-126.8,42.27,15.11,-0.46,-0.26,0.95
0.8068,5,0.711,0.32,0.36,0.51,91.23,10.23,57.07,-0.13,0,0.45,4.09,230.1,124.36,20.75,-0.29,1.25,0.67
0.8095,6,0.957,-0.08,-0.06,-0.27,342.86,-8.89,-7.05,-0.12,0.09,0,4.09,-25.33,37.08,41.96,0.09,-0.27,1
0.8149,1,-0.09,0.04,-0.04,-0.99,183.94,4.53,4.48,-0.05,0.01,-0.02,4.09,0,-7.48,-16.17,-0.03,0.09,0.98
0.8164,3,-0.501,0.04,-0.25,-0.83,135.44,18.16,23.46,-0.14,0.07,0.04,4.09,117.03,-16.63,31.89,-0.31,0.54,0.84
0.8215,7,-0.962,-0.05,0.04,-0.27,44.82,-5.44,4.2,-0.12,-0.03,0.03,0,11.9,13.89,-14.8,0,0.17,1.03
0.824,4,-0.471,0.36,-0.67,0.45,265.88,17.62,-99.01,-0.07,0.22,-0.43,4.09,-33.87,-40.13,135.19,0.02,-0.6,-0.08
0.9186,0,-0.076,-0.04,-0.03,-1,185.15,-4.62,3.91,0,-0.07,0.03,4.09,5.34,19.38,11.44,0.08,0.01,1.04
0.9227,2,-0.648,-0.11,-0.35,0.67,274.24,37.13,-24.06,0.01,0.14,0.06,4.09,-107.73,19.68,43.49,-0.53,-0.34,0.86
0.9273,5,0.599,0.39,0.53,0.45,102.93,16.71,82.19,-0.04,-0.14,-0.31,4.09,209.81,122.53,-43.49,-0.05,0.65,0
0.9289,6,0.962,-0.09,-0.04,-0.26,344.77,-6.93,-8.42,-0.03,0.29,0.11,4.09,11.6,-14.04,-41.2,0.24,-0.43,1.03
0.9336,1,-0.103,0.03,-0.04,-0.99,182.3,3.61,4.38,-0.02,-0.01,-0.02,4.09,-2.59,-15.26,-16.94,-0.05,0.07,0.97
0.9354,3,-0.501,-0.03,-0.32,-0.8,134.99,15.53,34.1,-0.01,-0.04,0.09,4.09,95.52,-36.32,-1.07,-0.24,0.58,0.9
0.943,7,-0.964,-0.06,0.01,-0.26,43.8,-3.03,6.57,-0.14,-0.05,0.03,0,36.77,33.42,-18.31,-0.06,0.26,1.02
0.946,4,-0.516,0.34,-0.67,0.42,269.14,23.79,-97.45,0.14,0.04,-0.33,4.09,52.8,-36.77,-14.65,-0.28,-0.63,0.07
1.0166,0,-0.063,-0.02,-0.03,-1,186.71,-2.22,4.07,-0.02,-0.04,-0.04,4.09,6.87,32.65,20.29,0.06,0.05,0.95
1.018,2,-0.677,-0.09,-0.4,0.61,279.06,40.11,-28.5,0.06,0.04,-0.2,4.09,-52.34,10.38,40.59,-0.5,-0.23,0.59
1.0282,5,0.499,0.42,0.65,0.39,112.95,18.74,102.27,-0.35,-0.18,-0.5,4.09,99.95,55.08,-41.96,0.04,0.53,-0.44
1.0304,6,0.964,-0.08,-0.04,-0.25,345.83,-7.39,-8.2,-0.18,-0.03,-0.03,4.09,1.98,2.14,18.77,-0.04,-0.19,0.97
1.0407,1,-0.111,0.02,-0.03,-0.99,181.4,2.27,3.33,-0.03,-0.06,-0.08,4.09,-14.34,-18.46,-1.98,0.02,0.01,0.94
1.0433,3,-0.51,-0.07,-0.36,-0.78,133.13,14.6,40.39,-0.08,0.1,-0.13,4.09,38.45,-9.92,-25.79,-0.27,0.63,0.55
1.0487,7,-0.964,-0.11,-0.05,-0.24,42.28,2.45,13.19,-0.17,-0.05,0.12,0,83.62,53.41,-23.5,-0.33,0.12,1.2
1.0504,4,-0.527,0.35,-0.62,0.46,271.71,19.64,-91.14,0.17,0.05,-0.02,4.09,51.57,-15.87,-26.7,-0.31,-0.91,0.17
1.1115,0,-0.046,0,-0.04,-1,188.85,0.56,4.87,0,0.12,0.03,4.09,1.83,23.35,8.24,-0.02,0.2,1.02
1.1133,2,-0.684,-0.09,-0.42,0.59,280.17,42.39,-30.38,0.12,0.04,-0.02,4.09,-3.66,2.75,-3.2,-0.65,-0.28,0.71
1.1201,5,0.488,0.38,0.71,0.33,119.12,26.16,109.7,-0.24,0.17,-0.47,4.09,-20.75,-3.36,-67.44,-0.35,0.3,-0.3
1.1219,3,-0.538,-0.07,-0.37,-0.75,129.68,17.39,41.29,0.14,-0.05,-0.05,4.09,-20.29,3.97,-35.1,-0.28,0.51,0.8
1.1262,1,-0.114,0.01,-0.03,-0.99,181,1.4,2.87,-0.3,0.02,0.07,4.09,12.51,4.58,2.9,0.25,0.14,1.05
1.1277,6,0.965,-0.08,-0.04,-0.25,345.61,-6.61,-7.65,0,0.08,0.02,4.09,7.17,1.22,-48.22,0.19,-0.25,1
1.132,7,-0.957,-0.14,-0.11,-0.23,42.41,8.56,18.68,0.24,0.09,-0.15,0,19.38,44.86,15.11,0.07,0.1,0.87
1.1341,4,-0.522,0.35,-0.59,0.5,271.86,15.12,-86.88,0.19,0.06,-0.02,4.09,32.81,6.1,-65.92,-0.21,-0.99,0.21
1.2074,0,-0.036,0.02,-0.04,-1,190,2.37,5.07,-0.1,0.09,-0,4.09,-0.76,13.12,8.24,0.05,0.19,0.98
1.2089,2,-0.682,-0.1,-0.41,0.6,279.99,41.9,-28.73,-0.01,-0.07,0.01,4.09,25.33,2.14,5.8,-0.73,-0.35,0.62
1.2124,5,0.528,0.34,0.7,0.34,118.17,30.65,104.36,0.04,0.04,-0.41,4.09,-78.43,-58.75,3.2,-0.36,0.41,-0.06
1.2138,6,0.962,-0.08,-0.04,-0.26,344.48,-6.69,-7.43,0.05,-0.02,-0.04,4.09,-0.46,-0.46,16.63,0.14,-0.03,0.96
1.2172,1,-0.108,0.02,-0.04,-0.99,181.75,2.58,3.84,-0.16,0.08,-0.01,4.09,4.58,24.87,2.14,0.09,0.19,0.94
1.2186,3,-0.547,-0.04,-0.34,-0.76,128.85,18.19,36.89,0.08,0.01,-0.04,4.09,-45.78,6.87,8.39,-0.34,0.51,0.77
1.2237,7,-0.955,-0.14,-0.11,-0.24,43.45,8.02,19.06,0.03,-0.11,-0.11,0,-5.04,-36.47,-50.96,-0.08,0.36,0.81
1.2252,4,-0.528,0.35,-0.57,0.52,272.61,13.59,-84.1,0.02,-0.04,0.03,4.09,31.28,-22.43,10.22,-0.29,-0.99,0.11
1.3195,0,-0.035,0.04,-0.05,-1,190.22,4.35,5.46,-0.06,0.15,-0.07,4.09,-0.92,18.16,-14.34,-0.02,0.24,0.92
1.322,2,-0.687,-0.12,-0.4,0.59,282.06,44.14,-25.2,0.03,0.01,0.02,4.09,16.63,12.66,30.98,-0.69,-0.28,0.67
1.3261,5,0.555,0.37,0.63,0.39,110.55,24.18,94.95,0.3,-0.08,0.03,4.09,-35.55,-59.36,112.46,-0.38,0.98,0.23
1.3276,6,0.961,-0.07,-0.05,-0.26,343.82,-7.1,-6.23,-0.01,0.02,0.02,4.09,10.53,0.76,-11.6,0.13,-0.16,1.01
1.3313,1,-0.104,0.04,-0.04,-0.99,182.22,4.62,3.87,-0.18,-0.03,-0.09,4.09,-8.7,6.71,0.31,0.1,0.07,0.96
1.3327,3,-0.549,-0.02,-0.32,-0.77,128.78,18.59,32.73,0.07,-0.08,0.09,4.09,-33.11,-10.38,-13.28,-0.31,0.45,0.93
1.3362,7,-0.968,-0.14,-0.08,-0.19,37.38,6,18.04,-0.46,0.3,0.08,0,-6.41,-7.17,27.62,-0.57,0.17,0.99
1.3385,4,-0.548,0.35,-0.55,0.52,275.06,13.57,-81.36,0.02,0.04,-0.02,4.09,17.7,-25.94,-30.06,-0.18,-0.95,0.17
1.4115,0,-0.056,0.05,-0.04,-1,187.83,6.25,4.66,0.02,-0.06,0.02,4.09,-9.77,14.95,-20.14,-0.12,0.01,1
1.413,2,-0.7,-0.15,-0.39,0.58,285.81,45.89,-21.06,0.01,-0.02,0.05,4.09,5.8,-0.31,32.96,-0.77,-0.25,0.67
1.4167,5,0.552,0.43,0.58,0.42,105.64,15.93,91.75,0.17,0.05,0.15,4.09,-20.75,-26.55,-4.12,-0.39,1.02,0.11
1.4182,6,0.962,-0.06,-0.05,-0.26,344.17,-7.09,-5.8,-0.01,-0.03,-0,4.09,4.12,0.31,6.1,0.1,-0.08,0.99
1.4231,1,-0.114,0.05,-0.04,-0.99,181.13,5.8,3.77,-0.05,0.1,-0.01,4.09,14.8,22.58,0.15,-0.08,0.17,0.95
1.425,3,-0.553,-0.02,-0.29,-0.78,127.97,17.08,29.74,-0.08,-0.03,0.03,4.09,-17.7,-52.19,-35.4,-0.25,0.53,0.85
1.4286,7,-0.968,-0.13,-0.06,-0.21,38.7,3.8,16.09,0.07,-0.19,-0.07,0,-7.63,-42.11,-8.09,-0.01,0.35,0.89
1.4301,4,-0.563,0.36,-0.53,0.52,277.65,13.15,-79.58,0.26,-0.27,0.25,4.09,10.83,-25.02,42.57,-0.52,-0.99,0.4
1.5081,0,-0.066,0.07,-0.04,-0.99,186.69,8.36,3.9,0.05,-0.05,0.01,4.09,-1.22,14.95,-3.51,-0.19,0.01,1
1.5098,2,-0.711,-0.18,-0.39,0.55,290.83,49.44,-15.86,-0.01,-0.01,0.05,4.09,20.14,49.74,46.39,-0.78,-0.2,0.63
1.5136,5,0.558,0.44,0.56,0.43,103.91,14.83,90.83,0.16,0.14,0.16,4.09,2.29,-0.92,47.76,-0.4,1.07,0.15
1.5151,6,0.964,-0.06,-0.04,-0.25,344.76,-6.43,-5.25,0.07,-0.08,-0,4.09,3.51,8.39,-8.39,0.14,0.03,1
1.5196,1,-0.118,0.06,-0.05,-0.99,180.71,7.2,4.38,0.01,-0.09,0.04,4.09,-7.17,2.75,-15.87,-0.12,-0,1.06
1.5213,3,-0.572,-0.03,-0.25,-0.78,124.87,14.04,25.82,0.31,0.11,0.09,4.09,-13.12,22.58,97.05,-0.44,0.28,1.03
1.5257,7,-0.971,-0.12,-0.04,-0.2,37.78,2.02,14.83,0.11,0.03,0.03,0,-1.22,-26.55,-36.16,0.03,0.18,1.02
1.5272,4,-0.575,0.37,-0.51,0.52,280.36,11.44,-77.81,-0.12,0.25,0.31,4.09,13.89,-43.64,45.01,-0.02,-1.28,0.15
1.6207,0,-0.069,0.09,-0.04,-0.99,186.45,10.65,3.46,0.04,-0.06,0.02,4.09,0.76,15.26,1.22,-0.23,-0,0.99
1.6229,2,-0.729,-0.22,-0.39,0.51,299.76,53.32,-7.77,0.23,0.01,-0.16,4.09,3.81,3.36,34.03,-0.64,0.17,0.58
1.6267,5,0.532,0.46,0.55,0.45,104.68,9.98,91.71,0.06,-0.2,0.07,4.09,-19.99,-2.75,14.34,-0.03,1,-0
1.6281,6,0.961,-0.05,-0.05,-0.27,342.8,-6.44,-3.61,0.09,0.1,-0.02,4.09,12.05,-6.87,11.6,0.24,-0.08,0.96
1.6316,1,-0.116,0.07,-0.04,-0.99,181.04,8.67,4.19,0,-0.02,-0.04,4.09,2.29,12.36,7.93,-0.14,0.04,0.94
1.633,3,-0.552,-0.02,-0.27,-0.79,127.86,15.02,27.85,0.01,-0.07,-0.06,4.09,9.16,25.18,-67.75,-0.19,0.38,0.79
1.6365,7,-0.971,-0.12,-0.03,-0.21,38.27,0.16,13.82,0.08,-0.05,0.03,0,-9.46,-10.22,15.41,0.09,0.28,0.98
1.6381,4,-0.602,0.37,-0.51,0.49,284.04,14.1,-77.41,0.13,0.13,0.07,4.09,-16.33,-7.32,11.9,-0.2,-0.96,0.31
1.7144,0,-0.067,0.11,-0.04,-0.99,186.73,12.78,3.49,0.03,-0.03,-0.02,4.09,3.05,11.44,9.46,-0.24,0.02,0.95
1.7159,2,-0.726,-0.23,-0.38,0.52,299.34,52.54,-6.23,0.06,-0.05,0.06,4.09,28.38,-10.83,-17.85,-0.85,0.01,0.63
1.7194,5,0.512,0.47,0.53,0.48,105.48,4.79,90.55,0.25,0.36,0.68,4.09,29.3,59.05,61.65,-0.05,1.33,0.15
1.7213,6,0.961,-0.03,-0.06,-0.27,343.1,-7.81,-1.77,0.07,-0.12,0.02,4.09,21.67,-16.78,-31.13,0.14,0.07,1.02
1.7258,1,-0.111,0.08,-0.04,-0.99,181.65,9.78,4.13,-0.02,0.03,-0,4.09,3.2,6.56,7.32,-0.15,0.09,0.98
1.7272,3,-0.567,0,-0.28,-0.77,126.24,18.94,27.03,0.15,-0.1,0.02,4.09,-26.55,41.66,23.8,-0.32,0.3,0.94
1.7307,7,-0.972,-0.12,-0.01,-0.21,37.77,-1.05,13.3,-0.09,0.02,0.11,0,-4.12,-1.07,3.97,-0.07,0.28,1.07
1.7321,4,-0.598,0.39,-0.52,0.48,284.7,14.53,-80.01,0.16,0.05,0.04,4.09,-17.24,-14.34,10.53,-0.23,-0.92,0.37
1.8135,0,-0.051,0.13,-0.04,-0.99,188.7,14.6,3.86,0.05,-0.06,0.03,4.09,6.41,18.16,27.62,-0.3,0.01,0.99
1.8151,2,-0.721,-0.25,-0.36,0.54,299.71,52.08,-2.25,0.1,-0.02,0.04,4.09,46.08,-2.44,11.44,-0.8,0.09,0.64
1.8189,5,0.494,0.5,0.52,0.48,105.01,2.21,92.55,-0.1,0.04,-0.6,4.09,3.81,-23.96,10.83,-0.04,0.43,-0.13
1.8204,6,0.954,-0.02,-0.08,-0.29,340.33,-9.42,0.51,-0.08,0.03,0.04,4.09,19.07,-16.33,-26.55,0.12,-0.05,1.02
1.8252,1,-0.103,0.09,-0.05,-0.99,182.51,10.41,4.32,-0.02,-0.03,-0,4.09,-6.87,0.92,1.37,-0.15,0.06,0.98
1.8269,3,-0.546,0.04,-0.28,-0.79,129.61,22.22,25.32,0.06,0.01,0.11,4.09,-28.99,50.96,-19.99,-0.45,0.35,0.94
1.8307,7,-0.969,-0.12,-0.03,-0.21,38.85,0.22,14.54,0.01,0.01,-0.03,0,19.38,25.48,26.55,0.02,0.23,0.95
1.8322,4,-0.603,0.4,-0.51,0.46,286.58,14.78,-80.74,0.14,0.03,0.07,4.09,-10.22,-19.07,3.05,-0.26,-1.01,0.32
1.9095,0,-0.047,0.14,-0.04,-0.99,189.25,16.83,4.22,-0.11,0.03,-0.04,4.09,-3.81,19.23,-16.17,-0.18,0.09,0.95
1.9109,2,-0.714,-0.29,-0.33,0.55,301.55,51.63,5.04,0.09,0.02,-0.05,4.09,61.65,-12.21,8.7,-0.72,0.13,0.6
1.9145,5,0.506,0.51,0.51,0.47,101.81,2.1,92.83,0.25,0.17,-0.16,4.09,9.46,-19.53,-21.67,-0.15,0.77,0.23
1.9159,6,0.945,-0.01,-0.1,-0.31,337.34,-10.92,2.14,-0.04,0.04,-0.02,4.09,6.71,-15.11,-16.17,0.18,-0.02,0.96
1.9194,1,-0.106,0.09,-0.04,-0.99,182.14,11.12,3.62,-0.09,0.07,0.05,4.09,-5.04,10.53,-16.17,-0.13,0.15,1.04
1.9228,3,-0.545,0.1,-0.28,-0.78,129.82,27.85,21.32,0.17,-0.09,0.01,4.09,-37.84,51.12,9.61,-0.46,0.15,0.91
1.9269,7,-0.962,-0.14,-0.04,-0.23,41.52,1.22,16.29,-0.02,-0.14,0.03,0,11.9,16.17,-16.02,0.02,0.42,0.96
1.9284,4,-0.606,0.41,-0.51,0.45,287.95,14.84,-81.66,0.2,-0.02,-0.01,4.09,-18.46,0,-9.61,-0.24,-0.93,0.33
2.0256,0,-0.057,0.16,-0.04,-0.98,188,19.09,3.39,-0.02,-0.02,0,4.09,-2.44,17.4,-9,-0.31,0.04,0.95
2.0271,2,-0.699,-0.32,-0.29,0.57,300.09,49.73,10.19,0.13,-0.02,-0.07,4.09,67.6,-25.94,-14.95,-0.7,0.24,0.58
2.0323,5,0.51,0.52,0.51,0.45,100.12,3.12,94.41,0.24,0.02,0.07,4.09,4.12,-19.53,-12.36,-0.07,1.07,0.18
2.0338,6,0.943,-0.01,-0.11,-0.32,336.76,-12.22,2.4,-0.01,-0.01,-0.04,4.09,-1.98,-11.14,-3.97,0.19,0.04,0.94
2.038,1,-0.125,0.1,-0.04,-0.99,179.91,12.39,2.89,-0.09,-0.03,-0.01,4.09,-1.83,9.61,-25.94,-0.12,0.04,0.99
2.0395,3,-0.521,0.15,-0.27,-0.8,132.87,31.38,18.58,0.08,-0.08,-0.03,4.09,-35.25,36.32,18.16,-0.48,0.17,0.84
2.0433,7,-0.965,-0.14,-0.06,-0.21,39.47,3.15,17.24,0.03,0.05,-0.04,0,3.66,7.32,-10.83,-0.05,0.26,0.93
2.0448,4,-0.59,0.42,-0.52,0.45,287.24,13.54,-84.17,0.14,-0.02,-0,4.09,-38.76,14.95,-26.25,-0.24,-0.92,0.26
2.1195,0,-0.062,0.18,-0.03,-0.98,187.27,21.05,2.6,-0.01,-0.01,0.01,4.09,-4.12,8.7,-6.26,-0.35,0.03,0.94
2.1209,2,-0.678,-0.33,-0.24,0.61,296.21,47.43,13.33,0.09,0,0.05,4.09,47.15,-28.23,-30.82,-0.76,0.26,0.69
2.126,5,0.527,0.52,0.51,0.43,97.99,5.16,94.24,0.31,0.03,0.08,4.09,0.31,-16.02,-13.43,-0.1,1.03,0.22
2.1275,6,0.946,-0.02,-0.11,-0.3,338.28,-12.44,1.11,-0.16,-0.07,-0.01,4.09,-16.63,14.34,34.48,0.07,0.01,1.01
2.1313,1,-0.141,0.11,-0.03,-0.98,177.97,13.36,1.99,-0.05,-0.04,-0,4.09,-1.22,7.02,-18.46,-0.17,0.01,0.98
2.1327,3,-0.488,0.18,-0.27,-0.81,137.49,33.92,18.13,0.08,-0.02,0.07,4.09,-9.16,33.57,40.89,-0.63,0.21,0.86
2.1374,7,-0.966,-0.14,-0.07,-0.21,38.7,4.32,17.56,0.04,-0.03,-0.01,0,6.26,11.75,-15.72,-0.02,0.3,0.94
2.1389,4,-0.545,0.46,-0.53,0.46,285.01,9.36,-89.45,0.1,0.01,0.08,4.09,-59.66,21.97,-64.85,-0.16,-1.16,0.07
2.2155,0,-0.064,0.19,-0.03,-0.98,186.97,22.54,1.82,0.01,-0.03,-0.02,4.09,-3.05,3.97,1.68,-0.37,0,0.9
2.217,2,-0.66,-0.33,-0.22,0.64,291.31,45.31,12.58,0.08,-0.02,0.18,4.09,6.26,-19.53,-47.15,-0.84,0.24,0.8
2.2229,5,0.535,0.52,0.52,0.42,97.28,6.54,94.38,0.24,0.02,0.06,4.09,7.32,6.41,-9.77,-0.08,1.04,0.15
2.2244,6,0.951,-0.03,-0.09,-0.29,339.74,-10.91,-0.37,-0.03,0.02,0.07,4.09,-25.48,22.89,19.84,0.18,-0.02,1.05
2.2287,1,-0.149,0.12,-0.03,-0.98,176.94,13.99,1.3,0.01,-0.04,-0.05,4.09,0.61,0.31,-7.02,-0.23,-0,0.93
2.2303,3,-0.46,0.19,-0.3,-0.82,142.4,35.59,22.14,0.05,0,0.04,4.09,34.03,14.65,28.84,-0.63,0.26,0.78
2.2341,7,-0.967,-0.14,-0.08,-0.2,37.85,6.14,17.86,0.05,0.03,0,0,3.66,16.17,-5.95,-0.05,0.27,0.95
2.2356,4,-0.481,0.51,-0.54,0.46,283.29,3.09,-96.69,-0.03,-0.05,0.39,4.09,-80.57,8.09,-47.91,-0.06,-1.22,-0.24
2.3296,0,-0.061,0.2,-0.03,-0.98,187.26,23.68,1.53,0.06,-0.05,0.01,4.09,1.98,0.61,0.31,-0.46,-0.04,0.91
2.3311,2,-0.638,-0.31,-0.23,0.66,284.58,45.44,6.95,-0.22,0,0.15,4.09,-22.43,9.46,-23.8,-0.8,-0.13,0.83
2.3345,5,0.522,0.52,0.53,0.42,98.67,6.45,96.02,0.19,0,0.19,4.09,22.13,22.28,-9.31,-0.12,1.25,0.03
2.3359,6,0.953,-0.05,-0.08,-0.29,340.47,-10.23,-3.03,0.04,-0.01,0.09,4.09,-14.95,-2.29,55.54,0.13,0.01,1.07
2.3399,1,-0.151,0.12,-0.03,-0.98,176.72,14.44,1.38,0.04,-0.02,-0.09,4.09,8.54,-9.46,1.37,-0.25,-0.02,0.86
2.3417,3,-0.438,0.17,-0.33,-0.82,146.77,34.74,28.5,0.01,-0.03,0.01,4.09,40.89,-0.92,50.96,-0.55,0.43,0.74
2.3453,7,-0.966,-0.14,-0.1,-0.19,37.66,7.87,18.35,0.03,-0.05,0.06,0,7.02,23.04,-19.07,-0.1,0.36,1
2.3469,4,-0.415,0.58,-0.54,0.44,285.51,-3.65,-105.7,-0.04,-0.04,0,4.09,-83.77,-20.75,-56.76,0.03,-0.94,-0.3
2.4156,0,-0.061,0.21,-0.03,-0.98,187.27,24.04,1.68,0.03,-0.01,0.02,4.09,3.2,-12.51,3.05,-0.44,0.01,0.92
2.4171,2,-0.623,-0.29,-0.26,0.68,279.62,46.27,0.57,-0.15,0.08,0.03,4.09,-45.78,-4.27,-69.27,-0.7,-0.13,0.77
2.4207,5,0.506,0.52,0.56,0.4,100.72,8.22,99.67,0.16,0.02,0.03,4.09,37.23,8.7,-11.29,-0.14,1.06,-0.02
2.4222,6,0.958,-0.07,-0.07,-0.27,343.04,-9.66,-5.36,-0.22,0.11,-0.05,4.09,-17.09,3.05,-4.58,0.04,-0.28,0.9
2.4257,1,-0.141,0.11,-0.03,-0.98,177.96,12.88,1.81,-0.03,-0.08,0.06,4.09,-1.22,-19.84,13.89,-0.19,-0.03,1.05
2.4272,3,-0.401,0.14,-0.37,-0.83,153,32.05,36.14,-0.16,0.07,0.07,4.09,48.07,-5.95,42.42,-0.51,0.67,0.67
2.4308,7,-0.964,-0.14,-0.12,-0.19,38.12,10.39,19.1,0.11,-0.04,-0,0,9,28.84,10.99,-0.07,0.33,0.95
2.4321,4,-0.367,0.63,-0.56,0.38,288.29,-3.96,-116.29,-0.13,-0.1,0.36,4.09,-128.48,-44.56,66.99,-0.04,-1.01,-0.67
2.528,0,-0.061,0.19,-0.03,-0.98,187.3,22.63,1.68,-0.09,-0,0.01,4.09,-2.75,-27.77,2.59,-0.29,0.04,0.97
2.5299,2,-0.586,-0.23,-0.33,0.7,267.06,45.14,-15.51,-0.39,0.02,-0.04,4.09,-83.01,5.49,-57.98,-0.58,-0.56,0.65
2.5344,5,0.487,0.53,0.58,0.37,101.45,9.54,104.49,0.19,-0,0.01,4.09,59.2,7.78,-24.72,-0.15,1.03,-0.05
2.5359,6,0.957,-0.08,-0.07,-0.27,342.69,-9.64,-6.47,-0.07,-0.05,0.01,4.09,-4.12,-3.66,0.61,0.09,-0.1,0.99
2.5396,1,-0.13,0.09,-0.03,-0.99,179.25,10.67,1.74,-0.15,0,0.08,4.09,-1.37,-20.45,14.5,-0.06,0.07,1.09
2.5411,3,-0.374,0.11,-0.42,-0.82,157.22,29.23,44.43,-0.36,0.11,0.11,4.09,75.23,-0.31,38.76,-0.34,0.96,0.56
2.5448,7,-0.959,-0.15,-0.14,-0.2,39.51,12.13,19.94,0.03,0.11,-0,0,-6.87,14.65,-13.12,-0.25,0.22,0.97
2.5462,4,-0.319,0.68,-0.59,0.31,291.01,-2.27,-127.6,0.04,-0.09,-0.01,4.09,-98.11,-35.1,9,-0.12,-0.77,-0.6
2.6196,0,-0.055,0.17,-0.02,-0.98,187.9,19.8,1.41,-0.26,0.11,0.08,4.09,-6.56,-31.28,4.58,-0.12,0.16,1.08
2.6211,2,-0.562,-0.17,-0.39,0.71,259.12,43.37,-29.4,-0.21,0.09,-0.06,4.09,-87.74,-1.53,-65,-0.51,-0.52,0.62
2.6248,5,0.456,0.55,0.61,0.34,102.98,10.74,111.11,0.03,0.06,-0,4.09,74.16,16.17,-5.8,-0.24,0.92,-0.34
2.6263,6,0.952,-0.08,-0.07,-0.29,341.22,-10.34,-6.42,-0.04,0.07,-0.07,4.09,1.83,-18.92,-8.85,0.17,-0.18,0.9
2.6299,1,-0.118,0.08,-0.02,-0.99,180.59,9.6,1.45,-0.33,0.15,0.01,4.09,-3.81,-6.87,10.22,0.13,0.26,1.03
2.6313,3,-0.358,0.07,-0.48,-0.8,159.82,27.52,53.67,-0.18,0.01,-0.05,4.09,85.91,3.51,38.45,-0.33,0.8,0.45
2.6348,7,-0.959,-0.13,-0.15,-0.2,39.85,13.75,18.82,-0.21,0.06,0.05,0,-13.28,4.27,22.13,-0.5,0.39,0.89
2.6362,4,-0.273,0.71,-0.6,0.24,293.53,-0.7,-137.49,0.01,0.06,-0.17,4.09,-87.74,-26.4,7.93,-0.01,-0.53,-0.63
2.7317,0,-0.055,0.13,-0.02,-0.99,187.88,15.6,1.25,-0.31,0.03,-0.1,4.09,2.14,-61.19,6.87,0.09,0.09,0.96
2.7333,2,-0.539,-0.11,-0.44,0.71,253.35,39.65,-41.08,-0.09,0.05,-0.04,4.09,-70.8,-9.31,-63.48,-0.54,-0.58,0.55
2.737,5,0.415,0.57,0.64,0.3,103.98,10.68,118.9,-0.08,0.23,-0.08,4.09,77.67,3.66,5.65,-0.44,0.71,-0.53
2.7386,6,0.95,-0.08,-0.09,-0.29,340.94,-12.42,-5.96,-0.15,0.07,-0,4.09,11.75,-28.23,-2.14,0.14,-0.26,0.98
2.743,1,-0.115,0.06,-0.03,-0.99,180.9,7.52,2.17,-0.33,0.08,-0.06,4.09,7.78,-24.57,-0.15,0.16,0.19,0.99
2.7446,3,-0.335,0.03,-0.55,-0.77,162.01,24.09,63.71,-0.12,-0.04,-0.14,4.09,101.62,-20.29,55.85,-0.23,0.77,0.34
2.7483,7,-0.954,-0.13,-0.16,-0.21,41.94,14.74,19.29,-0.42,-0.14,0.1,0,29.75,25.48,11.44,-0.48,0.59,0.79
2.7498,4,-0.222,0.74,-0.61,0.18,295.81,0.33,-146.95,-0.11,-0.03,-0.1,4.09,-85.91,-19.84,-9.46,-0.03,-0.41,-0.82
2.824,0,-0.047,0.07,-0.02,-1,188.86,8.69,2.11,-0.32,0.08,0.02,4.09,7.32,-69.27,13.73,0.17,0.14,1.05
2.8256,2,-0.513,-0.05,-0.49,0.7,249.19,35.12,-51.07,-0.08,-0.01,0.2,4.09,-96.28,2.44,-59.66,-0.64,-0.88,0.56
2.8291,5,0.377,0.62,0.64,0.27,101.53,8.19,124.83,-0.16,0.29,-0.15,4.09,55.69,-14.34,46.23,-0.22,0.63,-0.57
2.8306,6,0.952,-0.08,-0.11,-0.28,342.48,-14.19,-5.71,-0.14,-0.11,0.02,4.09,10.07,-12.97,0.61,0.11,-0.09,1.01
2.834,1,-0.124,0.05,-0.03,-0.99,179.89,6.1,2.47,-0.22,0.04,0.1,4.09,7.32,4.88,-6.87,0.1,0.12,1.09
2.8357,3,-0.306,-0.04,-0.6,-0.73,162.59,18.37,73.65,-0.08,0.03,0.07,4.09,92.32,-12.66,41.5,-0.27,1.05,0.22
2.8394,7,-0.953,-0.14,-0.17,-0.21,41.71,15.21,20.31,0.16,0.12,-0.17,0,-14.5,-16.17,-41.66,-0.13,0.14,0.81
2.8408,4,-0.183,0.77,-0.6,0.12,298.46,1.64,-154.44,-0.02,-0.03,0.06,4.09,-39.52,-28.08,0.46,-0.16,-0.36,-0.95
2.9337,0,-0.037,0.01,-0.03,-1,189.81,0.71,3.21,-0.24,0.04,-0.08,4.09,6.1,-66.07,11.9,0.25,0.09,0.94
2.9352,2,-0.499,-0.01,-0.55,0.67,246.52,34.65,-62.17,-0.14,0.11,0.09,4.09,-101.47,23.04,-1.37,-0.44,-0.91,0.37
2.9387,5,0.355,0.65,0.63,0.24,98.95,7.97,129.78,-0.08,0.02,-0.12,4.09,59.51,-13.12,13.12,-0.13,0.72,-0.68
2.9402,6,0.952,-0.08,-0.11,-0.27,342.82,-15.04,-4.95,-0.05,0.04,0.03,4.09,7.32,-4.43,19.38,0.26,-0.1,0.99
2.9436,1,-0.13,0.06,-0.03,-0.99,179.3,6.98,2.96,-0.18,-0.02,-0.02,4.09,-1.07,5.19,-3.05,0.07,0.08,1.03
2.9451,3,-0.302,-0.08,-0.66,-0.69,161.49,16.9,82.39,-0.15,-0.04,-0.06,4.09,65.16,-13.12,15.56,-0.12,0.99,0.07
2.9487,7,-0.96,-0.13,-0.15,-0.2,40.09,13.47,18.05,-0.08,0.06,0.05,0,-21.97,-23.65,2.59,-0.33,0.29,0.96
2.9501,4,-0.172,0.78,-0.6,0.08,300.07,4.21,-158.32,-0.15,-0.23,-0.14,4.09,-18.46,-11.44,-7.48,-0.26,-0.24,-0.82
3.0216,0,-0.017,-0.06,-0.03,-1,191.9,-7.25,3.82,-0.16,0.03,0,4.09,5.8,-62.41,32.35,0.29,0.1,0.97
3.0231,2,-0.484,0.02,-0.62,0.62,243.86,34.76,-73.72,-0.21,0.08,-0.04,4.09,-85.14,16.94,-8.24,-0.35,-0.88,0.12
3.0283,5,0.321,0.67,0.64,0.2,98.18,8.12,136.11,0.02,-0.01,-0.03,4.09,52.34,0,15.56,-0.11,0.83,-0.67
3.0297,6,0.952,-0.07,-0.12,-0.27,342.63,-15.43,-3.47,-0.12,0.01,0.01,4.09,15.87,-0.15,-18.31,0.17,-0.14,1
3.0337,1,-0.124,0.06,-0.04,-0.99,180.02,7.05,3.36,-0.16,0.08,-0.05,4.09,6.26,9.92,12.51,0.02,0.18,0.95
3.0352,3,-0.287,-0.12,-0.69,-0.66,160.56,14.06,88.37,-0.12,-0.02,-0.04,4.09,64.85,-24.72,37.08,-0.14,0.95,-0.03
3.0391,7,-0.962,-0.12,-0.13,-0.21,40.09,11.86,16.86,-0.13,0.07,-0.04,0,-11.29,-16.02,1.53,-0.32,0.22,0.86
3.0405,4,-0.158,0.78,-0.6,0.07,300.27,4.81,-160.83,-0.02,0.09,-0.17,4.09,-30.06,1.68,0.46,0.02,-0.23,-0.81
3.1376,0,0,-0.13,-0.03,-0.99,193.56,-14.47,4.11,-0.24,0.03,0.1,4.09,-0.61,-50.51,20.45,0.5,0.1,1.01
3.1391,2,-0.466,0.06,-0.66,0.59,242.48,32.66,-81.57,-0.11,0.02,-0.07,4.09,-67.14,-5.04,-45.93,-0.43,-0.82,0.06
3.1426,5,0.301,0.67,0.65,0.18,98.94,9.02,140.02,0,0.12,-0.1,4.09,28.38,0,-15.11,-0.25,0.57,-0.66
3.144,6,0.952,-0.05,-0.12,-0.28,341.84,-15.02,-2.13,-0.17,0.01,-0.02,4.09,17.85,7.78,-17.24,0.12,-0.16,0.98
3.1474,1,-0.118,0.06,-0.04,-0.99,180.74,6.96,3.84,-0.11,0.01,0.14,4.09,1.37,3.51,12.66,-0.03,0.12,1.14
3.1489,3,-0.269,-0.17,-0.72,-0.62,157.85,9.86,95.11,-0.04,-0.09,0.17,4.09,74.16,-24.72,30.36,-0.14,1.18,-0.05
3.1525,7,-0.966,-0.11,-0.11,-0.21,39.32,9.38,15.5,-0.13,0.01,0.09,0,-0.76,-12.82,-22.74,-0.26,0.29,0.95
3.1539,4,-0.128,0.79,-0.6,0.05,300.13,3.96,-164.59,-0.03,0.01,-0.05,4.09,-20.9,16.33,0.76,-0.05,-0.19,-0.9
3.2235,0,0.01,-0.17,-0.03,-0.98,194.6,-19.6,3.75,-0.15,0.08,0.01,4.09,-3.51,-43.03,8.39,0.49,0.14,0.88
3.2251,2,-0.444,0.1,-0.69,0.57,241.38,30.01,-87.74,-0.01,0.04,0.1,4.09,-54.93,19.07,15.26,-0.53,-0.97,0.05
3.2286,5,0.285,0.67,0.66,0.16,100.01,9.55,143.09,-0.03,0.1,-0.08,4.09,32.35,7.63,-4.88,-0.2,0.53,-0.74
3.23,6,0.956,-0.04,-0.11,-0.27,342.56,-13.15,-0.79,-0.35,0.01,-0.02,4.09,13.28,39.37,32.04,-0.08,-0.23,1.02
3.2335,1,-0.112,0.06,-0.04,-0.99,181.49,7.52,4.27,-0.14,0.1,-0,4.09,-6.56,8.24,-3.51,-0.02,0.2,0.99
3.2351,3,-0.27,-0.19,-0.75,-0.57,156.61,10.67,101.71,-0.02,-0.03,0.06,4.09,56.3,-6.26,-44.4,-0.19,1.04,-0.2
3.2388,7,-0.969,-0.11,-0.09,-0.2,38.44,7.53,14.58,-0.02,0.02,-0.04,0,-8.24,-33.11,6.1,-0.16,0.26,0.93
3.2402,4,-0.116,0.79,-0.6,0.07,299.69,2.13,-164.83,0.06,-0.01,-0.12,4.09,27.01,17.4,3.36,-0.01,-0.33,-0.82
3.3397,0,0.017,-0.22,-0.03,-0.98,195.3,-25.26,3.57,-0.12,-0.02,-0.04,4.09,7.32,-40.28,17.24,0.5,0.05,0.82
3.3414,2,-0.431,0.08,-0.72,0.53,237.51,32.17,-93.91,-0.05,0.04,-0.06,4.09,-27.31,33.72,34.03,-0.44,-0.81,-0.06
3.3449,5,0.261,0.68,0.67,0.15,100.6,8.82,146.21,0.06,0,0.03,4.09,22.89,14.65,9.61,-0.23,0.58,-0.83
3.3463,6,0.971,-0.02,-0.05,-0.23,346.93,-6.05,-0.98,-0.15,-0.03,0.11,4.09,-10.83,103.45,60.42,-0.04,-0.07,1.14
3.3498,1,-0.113,0.06,-0.04,-0.99,181.37,7.92,4.06,-0.15,-0.03,-0.03,4.09,-7.02,5.49,4.43,0.02,0.06,0.97
3.3514,3,-0.277,-0.15,-0.79,-0.53,160.29,15.94,107.54,-0.04,-0.09,-0.02,4.09,40.74,51.42,-79.96,-0.21,0.93,-0.26
3.3549,7,-0.973,-0.11,-0.06,-0.19,36.94,4.7,13.85,-0.01,0.1,-0.02,0,-5.95,-34.94,-4.27,-0.13,0.14,0.97
3.3563,4,-0.129,0.78,-0.61,0.08,297.64,1.48,-162.33,0.15,0.06,-0.2,4.09,26.09,8.85,28.53,0.03,-0.35,-0.68
3.4256,0,0.028,-0.25,-0.04,-0.97,196.3,-29.48,3.95,-0.1,0.04,0.05,4.09,12.05,-21.51,13.43,0.6,0.1,0.85
3.4271,2,-0.432,0.07,-0.73,0.52,236.24,33.82,-95.82,-0.06,-0.14,-0.21,4.09,9.31,-14.8,-32.35,-0.51,-0.67,-0.18
3.4306,5,0.253,0.68,0.68,0.15,101.49,8.32,146.98,-0.02,0.18,-0.02,4.09,-17.09,8.85,-8.85,-0.09,0.54,-0.8
3.432,6,0.98,-0.03,0.04,-0.19,351.4,3.78,-4.27,0.31,0.17,0.05,4.09,-42.11,62.71,70.95,0.24,-0.08,1.06
3.4355,1,-0.097,0.07,-0.03,-0.99,183.12,7.89,3.13,-0.1,-0.07,-0.07,4.09,-18.16,-9.16,44.25,-0.03,0.01,0.96
3.437,3,-0.262,-0.09,-0.82,-0.49,168.26,19.97,113.66,-0.04,-0.06,-0.31,4.09,24.26,30.52,-44.86,-0.16,0.64,-0.24
3.4405,7,-0.973,-0.11,-0.03,-0.2,37.81,1.19,12.81,-0,0.06,0.01,0,-1.68,-25.33,46.54,-0.05,0.17,1
3.4418,4,-0.127,0.77,-0.62,0.1,296.48,0.66,-161.73,0.11,-0.07,-0.11,4.09,8.85,6.87,0.31,-0,-0.41,-0.82
3.5382,0,0.036,-0.27,-0.05,-0.96,197.01,-31.78,4.77,0.01,0.04,0.08,4.09,6.71,-1.68,-1.68,0.56,0.12,0.92
3.5402,2,-0.43,0.09,-0.72,0.53,237.55,31.95,-93.97,-0.07,-0,0.02,4.09,17.4,-9.46,14.34,-0.47,-0.85,-0.13
3.5443,5,0.275,0.66,0.68,0.15,103.13,9.97,144.39,0.07,-0.14,-0.13,4.09,-49.59,-24.41,-36.93,-0.3,0.64,-0.69
3.5458,6,0.985,-0.05,0.08,-0.14,356.9,7.8,-7.03,0.19,0.05,-0.12,4.09,-37.38,2.75,25.94,0.08,-0.11,0.89
3.5505,1,-0.048,0.06,-0.02,-1,188.62,6.68,1.94,-0.03,0.06,-0.07,4.09,-5.49,-9.77,59.81,-0.09,0.09,0.92
3.552,3,-0.249,-0.07,-0.84,-0.48,171.38,20.21,115.87,0.01,-0.01,0,4.09,2.59,9.31,-22.13,-0.31,0.85,-0.39
3.5561,7,-0.963,-0.11,-0.01,-0.25,42.78,-1.92,12.26,0.1,-0.04,-0.06,0,-12.66,-17.24,68.05,0.14,0.21,0.91
3.5577,4,-0.142,0.77,-0.62,0.11,296.34,0.64,-159.55,0.06,-0.02,-0.03,4.09,26.55,2.59,-10.68,-0.03,-0.43,-0.88
3.6299,0,0.035,-0.28,-0.05,-0.96,196.67,-32.84,5.3,-0.03,-0.1,0.02,4.09,0.15,2.75,-3.97,0.58,-0.03,0.85
3.6316,2,-0.437,0.09,-0.71,0.55,239.29,31.35,-91.26,-0.06,0.08,0.26,4.09,6.1,-6.87,-36.93,-0.55,-1.13,-0.02
3.6355,5,0.342,0.61,0.7,0.16,105.58,16.36,138.17,0,0.18,-0.14,4.09,-72.94,-26.7,-51.12,-0.12,0.63,-0.56
3.6369,6,0.991,-0.07,0.07,-0.09,2.7,6.75,-9.07,-0.01,0.03,-0.07,4.09,-28.38,-36.16,69.73,-0.14,-0.22,0.92
3.6407,1,-0.007,0.04,-0.02,-1,193.33,4.72,2.24,-0.15,-0.08,0.03,4.09,3.05,-23.19,43.79,0.07,-0.05,1.04
3.6422,3,-0.246,-0.05,-0.84,-0.48,174.15,21.52,116.96,0.07,-0.16,-0.12,4.09,-9,21.67,8.54,-0.21,0.9,-0.33
3.646,7,-0.957,-0.11,0.02,-0.27,44.88,-4.97,11.43,-0.16,-0.06,0.05,0,-3.05,-14.19,-1.98,-0.03,0.33,1
3.6474,4,-0.139,0.77,-0.62,0.1,296.31,1.11,-160.29,-0.59,-0.05,-0.01,4.09,2.9,5.65,-17.4,-0.18,-0.05,-1.13
3.7258,0,0.036,-0.28,-0.05,-0.96,196.74,-32.68,5.34,-0.04,-0.04,-0.08,4.09,1.68,15.11,-9.46,0.53,0.03,0.76
3.7274,2,-0.437,0.1,-0.71,0.54,239.86,30.99,-92.17,-0.02,0.01,0.01,4.09,-10.07,-4.12,10.99,-0.51,-0.91,-0.03
3.731,5,0.383,0.57,0.71,0.17,107.79,20.47,133.84,0.17,0.23,-0.04,4.09,-35.71,-7.63,-34.48,-0.57,0.68,-0.46
3.7324,6,0.995,-0.09,0.04,-0.02,11.84,4.81,-10.77,-0.1,-0.16,0.03,4.09,-19.23,-20.29,126.19,-0.14,0.01,1.02
3.736,1,0.019,0.03,-0.01,-1,196.24,3.32,1.51,-0.13,-0.02,0.05,4.09,-9,-3.51,31.13,0.06,0.02,1.04
3.7377,3,-0.239,-0.04,-0.84,-0.48,175.29,21.32,117.37,-0,0.04,0.07,4.09,14.65,-2.44,-17.85,-0.46,0.81,-0.37
3.7416,7,-0.948,-0.11,0.02,-0.3,48.5,-6.19,10.84,-0.1,-0.06,0.05,0,-5.65,5.49,78.58,0.08,0.36,0.98
3.7431,4,-0.145,0.77,-0.61,0.12,296.92,-0.05,-158.55,0.17,0.01,-0.11,4.09,35.86,7.78,6.71,-0.09,-0.22,-0.74
3.8376,0,0.035,-0.28,-0.05,-0.96,196.69,-32.51,5.42,0.01,-0.07,0.06,4.09,4.12,4.73,5.34,0.55,0.02,0.89
3.8391,2,-0.441,0.09,-0.72,0.53,239.16,32.6,-93.05,0.05,0.05,0.07,4.09,-2.59,7.93,-6.1,-0.59,-0.85,0.01
3.8428,5,0.411,0.54,0.71,0.18,108.87,23.09,130.6,-0.17,-0.14,-0.13,4.09,-55.08,-13.73,-23.35,-0.05,0.63,-0.63
3.8443,6,0.994,-0.09,0.04,0.05,18.87,4.63,-10.4,0.44,-0.54,-0.25,4.09,18.92,-42.57,-38.6,0.33,0.26,0.95
3.8479,1,0.039,0.02,-0.01,-1,198.56,2.69,1.37,-0.11,0.02,0.04,4.09,4.27,-2.9,20.75,0.06,0.03,1.04
3.8494,3,-0.237,-0.02,-0.85,-0.47,177.47,22.34,118.81,0.18,-0.05,-0.11,4.09,-4.88,12.36,-7.17,-0.37,0.8,-0.36
3.8533,7,-0.94,-0.11,0.03,-0.32,51.44,-6.81,10.7,0.15,0.07,-0,0,-3.2,-2.9,23.35,0.17,0.01,0.97
3.8548,4,-0.156,0.77,-0.6,0.13,298,-0.62,-156.66,0.24,0.16,-0.15,4.09,23.96,-12.97,19.99,0.1,-0.41,-0.58
3.9396,0,0.047,-0.28,-0.05,-0.96,198.18,-32.98,5.12,-0,0.01,0.04,4.09,5.34,7.63,18.46,0.57,0.11,0.9
3.9412,2,-0.437,0.06,-0.72,0.54,236.78,33.94,-92.82,0.14,0.06,-0.04,4.09,13.73,18.77,52.19,-0.59,-0.73,0.11
3.9448,5,0.423,0.51,0.73,0.17,111.46,26.29,130.75,-0.22,0.41,-0.04,4.09,-7.32,10.99,2.59,-0.74,0.61,-0.8
3.9463,6,0.996,-0.07,0,0.04,18.43,0.73,-8.54,0.12,-0,-0.07,4.09,19.84,-37.08,16.48,0.12,-0.17,0.97
3.95,1,0.056,0.02,-0.01,-1,200.49,2.69,1.46,-0.12,-0.09,-0.07,4.09,7.32,6.41,41.35,0.05,-0.05,0.93
3.9518,3,-0.239,-0.01,-0.84,-0.48,177.92,22.84,117,-0.06,-0.1,0.06,4.09,-16.94,-22.43,2.59,-0.49,0.96,-0.43
3.9554,7,-0.934,-0.1,0.04,-0.34,53.24,-8.1,9.67,0.11,0.06,0.01,0,-7.17,-8.54,20.45,0.23,0.03,0.95
3.9569,4,-0.184,0.76,-0.61,0.13,296.44,1.52,-153.97,0.31,0.27,0.18,4.09,27.31,-6.1,14.34,0.34,-0.85,-0.77
4.0456,0,0.056,-0.28,-0.05,-0.96,199.32,-32.66,5.01,-0.01,-0.02,0.03,4.09,8.24,2.29,8.24,0.6,-0,0.87
4.0472,2,-0.441,0.03,-0.73,0.53,234.19,37.23,-93.92,0.18,0.07,0.01,4.09,5.34,36.77,26.09,-0.67,-0.89,0.11
4.051,5,0.432,0.5,0.73,0.18,112.48,26.88,129.07,0.17,-0.34,0.3,4.09,-16.94,-9.92,-28.84,0.03,0.83,-0.33
4.0524,6,0.997,-0.06,-0.02,0.04,19.04,-2.12,-6.96,0.15,-0.04,0.05,4.09,14.34,-27.77,-21.97,0.19,-0.11,1.04
4.0559,1,0.086,0.03,-0.02,-1,204,3.68,2.44,-0.09,0.12,0.08,4.09,10.22,22.13,38.76,0.05,0.14,1.07
4.0576,3,-0.251,-0.01,-0.84,-0.48,177.85,24.43,116.83,0.21,0.06,-0.08,4.09,7.48,-12.36,-23.35,-0.59,0.63,-0.32
4.0612,7,-0.926,-0.09,0.06,-0.36,55.93,-10.06,7.74,-0.18,0.07,0.16,0,-7.78,-6.87,41.5,0.02,0.22,1.16
4.0627,4,-0.207,0.74,-0.62,0.15,294.95,2.1,-150.62,0.49,0.06,0.02,4.09,34.48,12.82,28.08,0.05,-0.73,-0.71
4.1316,0,0.08,-0.26,-0.06,-0.96,202.28,-31.16,4.68,0.11,-0.03,-0.05,4.09,10.68,22.89,23.04,0.39,0.05,0.86
4.1331,2,-0.445,-0.01,-0.74,0.51,229.71,42.1,-97.11,0.03,0.03,0.07,4.09,-5.8,34.33,55.85,-0.68,-0.8,-0.06
4.1366,5,0.445,0.48,0.73,0.18,113.43,28.8,128.12,-0.25,0.37,-0.41,4.09,4.43,-3.05,8.39,-0.51,0.77,-0.29
4.138,6,0.998,-0.05,-0.04,0.02,16.79,-4.39,-5.32,-0.02,0.29,0.08,4.09,6.1,-9.77,3.2,0.05,-0.38,1.05
4.1417,1,0.106,0.05,-0.02,-0.99,206.39,5.03,3.32,0.1,-0,-0.1,4.09,5.8,1.37,10.38,-0.18,0.07,0.89
4.1433,3,-0.249,-0,-0.84,-0.47,178.5,24.61,118,0.18,-0.11,0.02,4.09,11.44,-2.9,-15.11,-0.54,0.83,-0.27
4.1468,7,-0.914,-0.09,0.05,-0.39,59.98,-8.89,7.58,-0.22,0.28,0.08,0,12.51,59.97,44.56,-0.18,0.13,1.11
4.1481,4,-0.23,0.71,-0.64,0.18,290.51,2.58,-146.3,0.28,0.03,-0.03,4.09,45.78,21.06,46.23,-0.05,-0.76,-0.6
4.2458,0,0.107,-0.24,-0.06,-0.96,205.68,-28.91,3.92,0.19,0.17,-0.05,4.09,8.24,24.87,5.19,0.32,0.27,0.9
4.2475,2,-0.451,-0.05,-0.75,0.48,225.31,46.7,-100.29,0.03,-0.08,-0.15,4.09,6.87,21.82,43.03,-0.67,-0.51,-0.15
4.2512,5,0.442,0.49,0.73,0.18,113.03,28.11,128.11,0.02,0.15,-0.11,4.09,-8.24,-8.54,21.67,-0.64,0.87,-0.35
4.2527,6,0.997,-0.04,-0.04,0.04,18.31,-4.84,-5.27,-0.13,-0.16,0.05,4.09,9.46,1.53,-1.37,-0.01,0.08,1.07
4.2565,1,0.108,0.04,-0.03,-0.99,206.63,4.54,3.62,0.08,0.24,0.17,4.09,-4.58,-14.5,-13.12,-0.12,0.33,1.18
4.258,3,-0.258,0.01,-0.85,-0.46,179.28,26.29,119.01,0.14,-0.04,-0.12,4.09,1.83,-5.19,-2.59,-0.5,0.68,-0.31
4.2617,7,-0.91,-0.09,-0.01,-0.4,61.76,-2.76,9.84,0.58,-0.11,-0.04,0,6.1,26.09,-15.72,0.53,-0.18,0.99
4.2632,4,-0.249,0.67,-0.67,0.2,284.87,4.11,-143.09,0.33,-0.03,-0.08,4.09,19.68,19.07,62.87,-0.1,-0.8,-0.54
4.3375,0,0.105,-0.23,-0.06,-0.96,205.29,-27.75,4.92,0.27,0.05,-0.03,4.09,6.87,-3.66,-7.93,0.22,0.19,0.97
4.339,2,-0.444,-0.07,-0.75,0.49,222.46,47.51,-101.04,-0.06,0,-0.01,4.09,16.48,12.82,1.07,-0.68,-0.67,-0.16
4.3433,5,0.454,0.48,0.73,0.18,112.27,29.28,126.95,0.25,-0.15,0.06,4.09,-12.82,-22.74,-8.85,-0.39,0.95,-0.34
4.3448,6,0.998,-0.03,-0.04,0.03,17.77,-4.62,-4.06,0.08,0.14,-0.01,4.09,3.81,3.66,29.75,0.15,-0.18,1
4.3484,1,0.096,0.06,-0.03,-0.99,205.33,6.06,3.77,0.01,0.01,-0.18,4.09,-1.68,9.46,-0.61,-0.09,0.06,0.79
4.3499,3,-0.258,0.01,-0.85,-0.47,179.24,26.27,118.65,0.15,-0.14,0.01,4.09,-1.83,-9.46,-1.68,-0.53,0.84,-0.28
4.3536,7,-0.91,-0.08,-0.01,-0.41,61.88,-2.95,9.3,-0.11,0.01,-0.04,0,5.95,-10.22,-15.72,-0.13,0.33,0.98
4.355,4,-0.253,0.62,-0.71,0.21,278.11,6.09,-142.39,0.36,0.03,0.03,4.09,4.12,23.04,78.43,-0.15,-0.9,-0.57
4.4537,0,0.093,-0.23,-0.07,-0.97,203.51,-26.82,6.45,0.09,-0.06,-0.05,4.09,5.34,8.54,0,0.32,0.06,0.86
4.4552,2,-0.453,-0.08,-0.74,0.5,223.61,48.57,-98.45,-0.03,-0.17,-0.38,4.09,25.94,-42.42,-2.14,-0.47,-0.29,-0.22
4.4585,5,0.472,0.48,0.72,0.17,110.75,31.2,125.37,0.24,0,-0.04,4.09,-8.85,-24.26,-2.75,-0.52,0.79,-0.25
4.4599,6,0.998,-0.03,-0.04,0.04,18.76,-4.38,-3.49,-0.06,-0.12,0.02,4.09,5.65,9.61,-15.11,0.05,0.01,1.02
4.4634,1,0.095,0.05,-0.02,-0.99,205.07,5.52,2.83,-0.04,-0.01,0.15,4.09,-6.87,-3.2,3.81,-0.06,0.01,1.14
4.465,3,-0.277,0.01,-0.83,-0.48,177.88,28.26,115.3,-0.01,0.22,-0.44,4.09,-68.97,-27.47,25.79,-0.29,0.22,-0.39
4.4686,7,-0.912,-0.08,-0.02,-0.4,61.25,-1.82,9.75,0.53,0.1,-0.03,0,-7.32,-75.38,-36.01,-0.01,-0.14,1.15
4.4701,4,-0.226,0.49,-0.82,0.15,259.32,12.76,-150.73,0.82,0.19,-0.6,4.09,-116.58,85.91,357.97,-0.18,-0.86,0.17
4.5356,0,0.095,-0.22,-0.08,-0.97,203.61,-25.93,6.95,0.07,-0.04,-0.01,4.09,4.27,6.41,-3.97,0.36,0.06,0.91
4.5372,2,-0.457,-0.05,-0.67,0.58,232.88,42.03,-83.3,0.2,0.13,-0.67,4.09,165.1,-84.38,-147.09,-0.26,-0.23,0.34
4.5407,5,0.482,0.48,0.71,0.17,108.51,31.59,124.2,0.13,0.05,-0.1,4.09,6.26,-13.43,7.78,-0.51,0.7,-0.3
4.5421,6,0.999,-0.02,-0.03,0.02,16.99,-3.08,-2.79,0,0.01,0,4.09,0.61,16.48,-5.95,0.06,-0.06,0.99
4.5459,1,0.115,0.05,-0.02,-0.99,207.4,5.73,2.8,-0.04,-0.09,-0.06,4.09,-5.04,0,27.62,-0.07,-0.04,0.95
4.5477,3,-0.236,-0.05,-0.76,-0.6,171.57,17.16,100.22,0.11,-0.4,-0.54,4.09,-169.07,-17.09,205.69,-0.07,0.53,0.35
4.5514,7,-0.904,-0.09,-0,-0.42,63.35,-4.17,9.96,0.04,0.07,0.11,0,0.15,-2.59,9.46,0.02,0.09,1.08
4.5529,4,-0.102,0.31,-0.94,0.05,231.2,9.22,-170.55,0.06,0.18,-0.88,4.09,-114.75,169.37,125.12,0.08,-0.16,-0.18
4.6196,0,0.103,-0.21,-0.08,-0.97,204.61,-25.28,6.91,0.15,0,-0.01,4.09,7.48,10.07,10.38,0.29,0.17,0.94
4.6211,2,-0.411,-0.02,-0.52,0.75,235.94,27.34,-59.66,0.2,0.38,0.28,4.09,284.12,-49.59,-58.44,-0.55,-0.72,0.92
4.6247,5,0.486,0.47,0.72,0.15,109.64,33.89,125.65,0.61,-0.15,0.21,4.09,33.11,5.95,-107.27,-0.61,1.25,-0.05
4.6262,6,1,-0.02,-0.02,0.01,15.23,-1.94,-2.55,-0.11,0.09,0.05,4.09,-1.07,13.43,-16.33,-0.08,-0.15,1.06
4.6298,1,0.128,0.05,-0.02,-0.99,208.87,5.28,2.54,-0.04,0.08,0.03,4.09,-3.81,-3.2,16.48,-0.06,0.1,1.01
4.6313,3,-0.124,-0.13,-0.63,-0.75,173.13,-2.61,80.35,0.17,-0.35,0.17,4.09,-218.66,39.83,125.27,0.03,1.11,0.65
4.6409,7,-0.892,-0.1,0,-0.44,66.43,-4.97,9.81,-0.06,-0.11,0.05,0,3.66,-7.48,32.35,0.14,0.29,1.01
4.6427,4,0.013,0.26,-0.96,0.06,223.59,-3.12,-174.06,-0.24,0.09,0.01,4.09,97.96,79.65,41.66,0.19,-0.19,-0.8
4.7448,0,0.097,-0.19,-0.09,-0.97,203.79,-22.77,8.03,-0.04,-0,-0.02,4.09,4.27,29.45,-19.53,0.43,0.12,0.87
4.7469,2,-0.429,-0.08,-0.29,0.85,241.89,23.06,-27.26,0.12,0.06,0.41,4.09,291.9,-81.94,128.63,-0.59,-0.46,1.19
4.7506,5,0.404,0.37,0.84,0,136.95,42.5,156.01,1.15,-0.02,-0.94,4.09,200.04,199.89,-345.92,-0.41,0.55,0.8
4.7521,3,-0.141,-0.07,-0.46,-0.87,175.82,0.08,55.41,0.23,-0.56,0.08,4.09,-279.69,34.48,-99.95,-0.02,0.5,1.2
4.7558,1,0.126,0.04,-0.02,-0.99,208.66,4.74,2.38,-0.04,0.01,0.02,4.09,-4.43,-5.8,-9.92,-0.05,0.04,1.02
4.7572,4,-0.049,0.24,-0.94,0.25,222.26,-1.41,-151.07,-0.08,0.2,-0.16,4.09,358.89,-103,-79.04,0.17,-0.54,-0.68
4.8466,7,-0.893,-0.11,0,-0.44,65.8,-5.76,10.65,0.09,0.04,-0.03,0,-1.37,-11.14,1.22,0.13,0.09,0.96
4.8482,2,-0.534,-0.13,-0.08,0.83,259.54,17.18,0.54,-0.16,-0.24,0.19,4.09,115.2,-96.74,140.69,-0.46,-0.19,1.09
4.8519,0,0.076,-0.17,-0.09,-0.98,201.27,-19.85,9.51,0.05,-0.01,-0.18,4.09,9.16,28.23,-42.42,0.23,0.12,0.79
4.8534,3,-0.241,0,-0.26,-0.94,167.11,7.31,29.22,0.17,0.15,0.74,4.09,-207.98,-3.97,-195.31,-0.44,0.81,1.51
4.857,5,0.146,0.28,0.94,-0.12,162.22,19.89,-171.56,-0.74,-0.05,-0.51,4.09,135.04,254.97,109.1,0.54,-0.3,-0.72
4.8591,6,0.998,-0.03,0.05,-0.03,10.16,5.83,-3.71,0.17,0.07,0.03,4.09,-3.51,31.74,-28.99,0.08,-0.13,1.07
4.8644,1,0.116,0.04,-0.01,-0.99,207.48,4.95,2.02,-0.08,-0.02,-0.05,4.09,0.15,7.63,-12.97,-0.02,-0.01,0.94
4.8659,4,-0.242,0.24,-0.79,0.51,233.25,8.07,-111.94,0.59,0.06,1.16,4.09,290.53,-147.09,77.82,-0.73,-2.07,-0.39
4.9427,7,-0.895,-0.11,0.02,-0.43,64.9,-7.21,10.56,0.01,0.01,0.02,0,-3.51,-17.4,-25.63,0.12,0.17,1
4.9444,2,-0.565,-0.09,0.03,0.82,263.83,7.12,8.65,-0.26,-0.45,0.41,4.09,38.3,-47.15,33.57,-0.46,-0.19,1.35
4.9479,0,0.041,-0.13,-0.09,-0.99,197.36,-15.69,10.07,0.15,-0.02,0.27,4.09,-18.62,33.57,-46.84,0.19,0.21,1.23
4.9493,6,0.996,-0.03,0.07,-0.04,8.87,8.04,-4.14,0.04,-0,0.07,4.09,8.7,6.56,-5.8,-0.17,-0.06,1.07
4.9527,5,-0.003,0.41,0.9,-0.16,145.66,7.48,-162.73,-0.56,-0.46,0.19,4.09,40.13,53.25,192.87,0.42,-0.5,-1.12
4.9542,3,-0.37,0.12,-0.15,-0.91,151.59,18.96,11,-0.32,-0.01,0.09,4.09,-45.32,82.55,-137.18,-0.07,0.35,0.97
4.9577,1,0.107,0.05,-0.01,-0.99,206.4,5.08,1.58,-0,-0,-0.16,4.09,-7.32,-8.7,-8.7,-0.07,0.03,0.82
4.9595,4,-0.386,0.22,-0.69,0.57,245.3,15.92,-92.68,0.15,-0.48,0.57,4.09,75.23,-160.52,124.36,-0.89,-1.33,-0.24
5.0571,7,-0.901,-0.11,0.02,-0.42,63.18,-7.61,10.56,-0.07,-0.04,-0.05,0,3.81,9.31,-0.15,0.13,0.25,0.9
5.0581,2,-0.616,-0.09,0.03,0.78,271,6.66,9.07,-0.08,-0.06,-0.1,4.09,-54.02,52.8,73.09,-0.14,0.06,0.91
5.0631,0,0.011,-0.11,-0.07,-0.99,194.4,-12.62,8.37,0.12,-0.01,-0.07,4.09,-34.64,17.55,-40.74,0.06,0.15,0.92
5.0651,6,0.992,-0.03,0.07,-0.1,1.96,8.22,-3.81,0.05,-0.03,-0.16,4.09,27.01,-1.37,-97.66,0.01,-0.05,0.89
5.0681,5,0.05,0.61,0.79,-0.06,118.57,8.67,-178.16,-0.93,-0.05,-0.13,4.09,-319.06,104.06,365.3,0.16,-0.86,-0.87
5.0701,3,-0.451,0.16,-0.14,-0.87,140.3,23.97,5.85,0.12,-0.17,-0.22,4.09,46.54,16.33,-54.63,-0.26,-0.13,0.77
5.0731,1,0.1,0.03,-0.01,-0.99,205.61,3.76,1.13,-0.01,0.01,0.01,4.09,-8.85,-15.41,-7.02,-0.07,0.02,1.03
5.0751,4,-0.553,0.19,-0.64,0.5,262.66,30.69,-82.26,0.01,-0.01,-0.5,4.09,21.51,-163.27,107.57,-0.27,-0.39,0.09
5.1491,7,-0.906,-0.12,0.02,-0.41,61.78,-7.37,11.38,-0,-0.11,-0.06,0,22.13,-16.17,-83.31,0.23,0.17,0.99
5.1501,2,-0.657,-0.09,-0.06,0.75,276.98,12.15,2.24,-0.24,0.02,0.05,4.09,-91.86,58.75,64.39,-0.15,-0.21,1.05
5.1541,0,-0.051,-0.08,-0.06,-0.99,187.72,-8.48,6.91,0.15,-0.12,0.29,4.09,-20.9,26.09,-86.21,0.07,0.01,1.29
5.1551,6,0.985,-0.01,0.05,-0.16,355.12,5.98,-1.97,0.04,0.29,-0.01,4.09,24.87,-45.78,-59.97,0.02,-0.28,0.99
5.1601,5,0.206,0.73,0.6,0.25,95.69,-7.03,142.28,1.19,-0.43,0.52,4.09,-439.45,21.06,-19.23,0.75,1.77,-0.44
5.1611,3,-0.495,0.14,-0.16,-0.84,135.02,22.9,8.74,-0.11,-0.19,-0.04,4.09,59.05,-69.58,-65.77,-0.17,0.14,0.96
5.1651,1,0.079,0.03,0,-1,203.13,3.34,0.23,-0.18,0.12,0.05,4.09,-6.56,-3.81,-39.06,0.16,0.12,1.04
5.1661,4,-0.682,0.19,-0.52,0.48,284.42,31.39,-62.68,0.49,0.06,-0.05,4.09,144.81,-171.51,45.78,-0.42,-0.56,0.89
5.2431,7,-0.923,-0.13,0.02,-0.36,56.16,-7.23,13.15,0.07,-0.1,0.13,0,-8.7,-8.09,-14.34,0.38,0.23,1.06
5.2441,2,-0.736,-0.05,-0.13,0.66,289.35,15.18,-5.95,0.09,0.19,-0.04,4.09,-110.93,0.15,120.7,-0.06,-0.01,0.99
5.2481,0,-0.086,-0.04,-0.05,-0.99,183.92,-4.39,6.51,-0.07,-0.15,-0.24,4.09,-5.65,2.29,-9.31,0.18,-0.03,0.7
5.2501,6,0.979,-0.01,0.01,-0.2,350.82,0.36,-1.47,0.08,0.01,-0.01,4.09,-3.36,-66.68,-39.37,0.06,-0.01,1
5.2541,5,0.519,0.54,0.6,0.28,96.4,18.37,108.51,0.09,0.04,-0.06,4.09,-222.32,-181.88,-323.79,-0.32,0.83,-0.19
5.2551,3,-0.574,0.06,-0.15,-0.8,124.37,15.66,9.92,0.11,-0.23,-0.01,4.09,52.64,-92.32,-82.09,-0.1,-0.02,1.04
5.2591,1,0.035,0.03,0.01,-1,198.08,3.1,-0.75,-0.09,-0.02,-0.05,4.09,-2.9,16.48,-42.72,0.05,-0.08,0.91
5.2611,4,-0.795,0.12,-0.35,0.48,303.13,25.8,-36.34,0.53,0.13,0.43,4.09,174.71,-125.27,63.02,-0.37,-0.48,1.43
5.3641,7,-0.939,-0.13,0.04,-0.32,50.26,-8.6,12.65,-0.15,0.3,0.03,0,-8.09,-23.8,-53.71,-0.14,0.08,1.08
5.3651,2,-0.781,-0.01,-0.15,0.61,297.2,13.95,-9.94,0.36,-0.15,0.02,4.09,-4.43,-41.81,35.25,-0.32,0.21,1.03
5.3691,0,-0.09,-0.05,-0.06,-0.99,183.33,-5.54,7.01,0.06,-0.1,0.1,4.09,10.68,-40.28,-14.34,0.03,-0.01,1.18
5.3701,6,0.971,-0.03,-0.05,-0.23,347.16,-6.38,-1.76,0.27,-0.13,0.15,4.09,3.81,-72.48,-41.96,0.27,0.19,1.16
5.3741,5,0.74,0.35,0.56,0.14,74.15,46.61,78.69,0.11,0.42,-0.6,4.09,-162.2,-180.51,-144.65,-0.52,0.02,0.36
5.3781,3,-0.591,0,-0.14,-0.79,121.81,10.02,12.76,0.18,-0.06,0.16,4.09,13.58,9.31,59.05,-0.19,0.09,1.14
5.3821,1,0.007,0.03,0,-1,194.8,3.52,-0.11,-0.13,0.04,0.09,4.09,8.24,-4.73,-34.79,0.06,0.04,1.1
5.3831,4,-0.847,0.07,-0.23,0.47,312.18,18.94,-20.73,0.09,0.16,0.13,4.09,8.24,-56.15,40.28,-0.2,-0.35,1.02
5.4611,7,-0.944,-0.12,0.03,-0.31,49.42,-7.43,11.92,-0.01,-0.11,0.02,0,2.44,11.75,-5.49,0.17,0.3,0.96
5.4621,2,-0.797,-0.03,-0.1,0.59,300.16,11.44,-4.17,0.04,0.1,0.25,4.09,78.43,-22.58,16.17,-0.13,-0.09,1.27
5.4661,0,-0.083,-0.06,-0.06,-0.99,184.03,-6.63,7.64,0.04,-0.03,0.02,4.09,0,12.97,10.07,0.11,0.06,0.98
5.4671,6,0.963,-0.04,-0.08,-0.25,344.91,-10.35,-1.67,-1.04,0.14,0.21,4.09,-54.63,33.11,115.66,-0.36,-0.37,0.94
5.4711,5,0.873,0.2,0.43,0.12,46.52,44.38,39.2,0.52,0.33,0.26,4.09,-236.51,-156.4,53.25,-0.71,0.25,1.33
5.4721,3,-0.576,0.03,-0.13,-0.81,124.06,11.23,9.81,-0.1,-0.04,0.35,4.09,-77.82,27.16,-22.58,-0.23,0.31,1.24
5.4761,1,-0.034,0.03,-0,-1,190.17,3.98,-0,-0.04,-0.06,-0.05,4.09,7.32,8.7,-51.88,-0.02,-0.05,0.94
5.4781,4,-0.869,0.11,-0.2,0.44,317.47,15.11,-22.02,0.13,-0.06,0.1,4.09,-40.28,-26.4,0.61,-0.27,-0.27,1.01
5.5461,7,-0.946,-0.12,0.02,-0.3,48.85,-6.05,12.01,0.05,-0.02,0.01,0,-2.75,18.77,-15.87,0.16,0.19,0.98
5.5481,2,-0.805,-0.07,-0.05,0.59,302.14,9.05,3.24,-0.04,0.2,-0.09,4.09,40.44,-4.88,9.31,0.03,-0.05,0.96
5.5521,0,-0.068,-0.06,-0.05,-0.99,185.85,-5.89,6.69,0.02,-0.07,0.07,4.09,-9.46,16.33,11.44,0.1,0.04,1.07
5.5531,6,0.968,-0.06,-0.06,-0.24,346.84,-8.22,-4.52,-0.35,0.34,0.12,4.09,-15.56,6.26,25.02,0.02,-0.49,1.08
5.5571,5,0.894,0.08,0.26,0.36,62.12,24.16,20.97,0.7,-0.23,0.49,4.09,-204.01,-38.6,382.69,-0.02,0.39,1.61
5.5601,3,-0.595,0.08,-0.07,-0.8,120.78,11.92,1.51,-0.06,-0.02,-0.21,4.09,-24.26,-4.27,-21.51,-0.09,0.08,0.85
5.5641,1,-0.077,0.04,-0.01,-1,185.24,4.96,0.9,0.06,0,0.03,4.09,16.78,18.46,-54.63,-0.15,0.01,1.01
5.5651,4,-0.866,0.12,-0.18,0.45,316.67,11.71,-22.1,0.11,-0.07,-0.04,4.09,45.01,-18.46,-39.52,-0.2,-0.23,0.94
5.6571,7,-0.952,-0.11,0,-0.29,47.17,-3.99,11.63,0.12,0.05,-0.05,0,-6.1,28.53,-8.39,0.14,0.09,0.96
5.6581,2,-0.796,-0.07,-0.04,0.6,300.29,8.32,3.55,-0.12,-0,0.01,4.09,-2.44,-13.28,-39.37,-0.17,-0.06,0.99
5.6631,0,-0.054,-0.03,-0.04,-1,187.69,-3.38,5.27,0.02,0.14,0.17,4.09,-14.95,46.69,-0.76,0.03,0.25,1.17
5.6651,6,0.966,-0.06,-0.06,-0.25,345.88,-8.09,-5.53,-0.2,0.07,-0.04,4.09,10.07,-9.92,-66.38,-0.01,-0.26,0.97
5.6681,5,0.777,0.05,0.18,0.6,91.57,12.18,17.35,-0.17,-0.43,0.28,4.09,-49.74,5.49,126.5,0.12,0.64,1.2
5.6701,3,-0.612,0.06,-0.06,-0.79,118.36,9.68,1.42,-0.2,0.16,0.14,4.09,18.46,-15.41,-18.31,-0.29,0.25,1.1
5.6731,1,-0.12,0.06,-0.02,-0.99,180.32,7.4,1.84,-0.01,0.03,0.13,4.09,-2.75,8.7,-41.66,-0.11,0.11,1.2
5.6751,4,-0.838,0.09,-0.14,0.52,309.18,8.73,-17.17,-0.24,-0.07,0.07,4.09,46.54,24.41,-105.13,-0.32,-0.46,0.89
5.7521,7,-0.958,-0.1,-0.02,-0.27,45.07,-0.56,12.13,-0.02,-0.14,0.1,0,35.55,30.98,-72.02,0.04,0.36,1.07
5.7531,2,-0.777,-0.06,-0.05,0.62,296.63,8.79,2.42,-0.06,0.07,-0.05,4.09,-10.38,21.06,-38.45,-0.09,-0.03,0.95
5.7571,0,-0.055,0.03,-0.04,-1,187.88,3.37,4.87,0.1,0.08,-0.21,4.09,-7.48,77.51,-3.81,-0.09,0.14,0.74
5.7581,6,0.963,-0.07,-0.07,-0.25,345.28,-9.74,-5.69,-0.09,0.07,-0.07,4.09,7.78,-24.26,29.14,0.12,-0.19,0.9
5.7631,5,0.804,0.04,0.15,0.57,86.48,11.24,13.41,-0.13,-0.13,-0.16,4.09,-17.24,-36.01,-136.26,-0.1,0.34,0.77
5.7651,3,-0.624,0.05,-0.08,-0.78,116.79,10.5,3.8,-0.08,-0.01,-0.08,4.09,29.3,12.66,-14.95,-0.14,0.14,0.91
5.7681,1,-0.122,0.06,-0.01,-0.99,180.01,7.49,0.5,-0.41,-0.02,-0.34,4.09,16.33,0.92,0.61,0.28,0.16,0.7
5.7701,4,-0.807,0.06,-0.14,0.57,302.38,8.6,-14.71,-0.13,0.14,0.02,4.09,7.78,27.01,-4.73,-0.06,-0.4,0.95
5.8491,7,-0.97,-0.13,-0.1,-0.18,36.33,8.04,17.07,-0.33,0.35,-0.13,0,38.3,63.48,-22.28,-0.48,0.03,0.78
5.8501,2,-0.753,-0.07,-0.06,0.65,292.49,10.74,1.62,-0.1,0.08,-0.02,4.09,10.38,17.09,-39.83,-0.12,-0.08,0.98
5.8541,0,-0.071,0.05,-0.03,-1,186.03,6.37,3.48,0.07,0.04,-0.05,4.09,-3.51,-10.22,-20.6,-0.18,0.06,0.95
5.8551,6,0.962,-0.06,-0.1,-0.24,346.06,-13.12,-4.14,-0.01,0.08,0.01,4.09,20.9,-36.16,16.78,0.25,-0.16,0.98
5.8601,5,0.866,0.03,0.1,0.49,73.57,7.82,8.85,-0.26,0.23,0.21,4.09,-24.72,-55.69,-83.47,-0.55,0.27,1.16
5.8621,3,-0.64,0.04,-0.1,-0.76,114.53,10.64,6.19,-0.01,-0.02,-0,4.09,31.74,-3.97,-21.97,-0.16,0.11,0.97
5.8671,1,-0.129,0.05,-0.03,-0.99,179.32,5.75,2.45,-0.37,0.06,0.17,4.09,13.58,-11.9,-14.95,0.18,0.15,1.14
5.8681,4,-0.798,0.06,-0.15,0.58,300.65,10.05,-15.51,-0,0.13,-0.02,4.09,-25.94,29.6,-34.64,-0.05,-0.3,0.94
5.9671,7,-0.962,-0.13,-0.12,-0.21,40.12,9.84,17.57,0.08,-0.05,-0.2,0,-10.99,10.38,13.58,-0.04,0.25,0.75
5.9681,2,-0.735,-0.08,-0.06,0.67,289.49,11.33,1.78,-0.14,0.04,0.03,4.09,4.27,-0.92,-33.72,-0.17,-0.13,1.02
5.9721,0,-0.081,0.05,-0.03,-0.99,184.94,5.96,3.45,-0.14,0.07,-0.12,4.09,8.24,-33.42,-19.99,0.01,0.15,0.89
5.9731,6,0.967,-0.06,-0.12,-0.22,349.14,-15.02,-4.01,-0.12,-0.06,0.02,4.09,7.32,0,1.98,0.17,-0.06,1
5.9781,5,0.858,0.02,0.08,0.51,75.61,6.91,7.36,-0.39,-0,0.05,4.09,11.75,25.94,-68.21,-0.27,0.42,0.98
5.9801,3,-0.655,0.02,-0.11,-0.75,112.34,10.02,8.23,0.03,-0.05,0,4.09,21.51,-9.61,-14.34,-0.13,0.11,0.98
5.9851,1,-0.136,0.05,-0.04,-0.99,178.62,5.82,3.43,-0.25,-0.01,-0.06,4.09,3.36,-4.12,-3.05,0.15,0.11,0.97
5.9861,4,-0.765,0.07,-0.16,0.62,294.5,9.12,-18.12,-0.07,0.09,-0.06,4.09,-12.66,3.81,-52.03,-0.08,-0.37,0.87
6.0591,7,-0.964,-0.11,-0.1,-0.22,40.76,7.73,15,-0.03,-0.02,-0.11,0,-34.79,-43.33,-21.21,-0.13,0.24,0.85
6.0601,2,-0.732,-0.07,-0.06,0.68,288.76,10.37,0.8,-0.12,0.03,-0.01,4.09,-19.38,-9.46,36.32,-0.15,-0.09,0.98
6.0651,0,-0.105,0.02,-0.04,-0.99,182.06,2.97,4.32,-0.07,0.02,-0.01,4.09,9.61,-26.86,-21.67,0.01,0.11,0.99
6.0661,6,0.967,-0.06,-0.12,-0.22,349.26,-15.17,-3.45,-0.08,0.13,0,4.09,2.9,-2.9,21.21,0.22,-0.17,0.97
6.0711,5,0.887,0.03,0.12,0.45,68.22,10.41,8.92,0.06,-0.08,-0.03,4.09,46.08,28.84,-16.78,-0.08,0.16,0.97
6.0721,3,-0.669,0,-0.11,-0.73,110.1,8.7,9.46,0.02,-0.01,0.04,4.09,14.19,-11.6,-15.11,-0.15,0.15,1.03
6.0771,1,-0.121,0.05,-0.04,-0.99,180.35,6.51,4.01,-0.17,-0.02,-0,4.09,2.29,22.74,34.18,0.05,0.09,0.99
6.0791,4,-0.763,0.08,-0.15,0.62,294.25,7.31,-18.07,-0.07,0.06,0.06,4.09,3.05,-25.18,41.96,-0.09,-0.4,0.99
6.1551,7,-0.968,-0.09,-0.04,-0.23,41.15,2.42,11.51,0.26,0.05,-0.01,0,-36.93,-62.26,57.68,0.18,0,1.02
6.1561,2,-0.757,-0.05,-0.06,0.65,292.85,9.03,-0.55,0.02,-0.04,0.06,4.09,-17.7,-16.63,40.74,-0.21,0.03,1.04
6.1621,0,-0.116,-0,-0.04,-0.99,180.75,0.28,4.78,-0.11,-0.06,0.06,4.09,4.88,-38.6,-0.46,0.11,0.05,1.06
6.1641,6,0.97,-0.06,-0.12,-0.2,351.31,-15.2,-3.73,0.02,-0.08,-0.02,4.09,1.37,0.15,-5.49,0.23,0,0.95
6.1681,5,0.88,0.07,0.15,0.45,69.32,11.31,15.31,0.06,-0.14,0.02,4.09,71.41,0.31,-9.92,-0.04,0.28,1
6.1701,3,-0.675,-0.01,-0.12,-0.73,109.23,8.17,10.76,-0.03,-0.02,-0.02,4.09,12.97,4.27,5.04,-0.12,0.21,0.95
6.1751,1,-0.091,0.06,-0.05,-0.99,183.91,7.54,5,-0.02,0.04,0.07,4.09,2.14,11.44,30.98,-0.11,0.14,1.05
6.1771,4,-0.798,0.09,-0.14,0.58,300.93,6.44,-17.6,-0.03,-0.19,0.08,4.09,-28.23,-24.72,86.36,-0.32,-0.28,1.01
6.2511,7,-0.968,-0.07,0.01,-0.24,41.81,-3.13,7.84,-0.24,-0.02,-0.09,0,-17.09,-17.85,79.19,-0.12,0.16,0.88
6.2521,2,-0.775,-0.04,-0.06,0.63,295.95,8.9,-0.79,0.09,-0,0,4.09,-3.66,11.6,0.31,-0.14,0.06,0.99
6.2581,0,-0.11,-0.02,-0.04,-0.99,181.35,-2.17,4.85,-0.03,-0,0.02,4.09,5.19,-3.2,16.78,0.08,0.09,1.01
6.2601,6,0.969,-0.06,-0.13,-0.21,350.55,-15.54,-3.37,-0.02,0.07,-0.01,4.09,2.44,-3.66,9.16,0.27,-0.13,0.94
6.2651,5,0.893,0.12,0.16,0.4,64.63,11.23,20.71,0.23,0.01,-0.04,4.09,64.54,-9.61,-60.58,-0.05,0.17,0.97
6.2671,3,-0.669,-0.02,-0.12,-0.73,110.04,7.63,11.9,-0.07,-0.02,0.01,4.09,5.19,-2.9,13.28,-0.11,0.28,0.97
6.2721,1,-0.065,0.07,-0.05,-0.99,186.97,8.04,4.91,-0.07,0.02,-0.1,4.09,-12.82,-6.1,22.13,-0.08,0.1,0.93
6.2741,4,-0.84,0.1,-0.15,0.51,309.81,8.31,-18.8,0.14,-0.12,-0.01,4.09,-26.4,12.05,45.78,-0.18,-0.14,0.98
6.3541,7,-0.95,-0.06,0.03,-0.31,49.41,-5.04,5.43,-0.36,-0.24,0.19,0,-1.68,-17.85,-21.36,-0.14,0.58,1.12
6.3571,2,-0.772,-0.04,-0.08,0.63,295.44,9.92,-1.68,-0.02,0.01,0.01,4.09,-14.04,5.8,-1.22,-0.17,-0.05,0.99
6.3681,0,-0.095,-0.03,-0.04,-0.99,182.96,-3.22,5.04,-0.01,-0.03,0.05,4.09,1.22,-4.58,17.7,0.08,0.07,1.03
6.3691,6,0.97,-0.06,-0.13,-0.2,351.52,-16.16,-3.46,-0.07,-0.01,0.02,4.09,1.98,-1.37,3.97,0.21,-0.08,0.99
6.3731,5,0.913,0.15,0.16,0.34,57.42,11.41,23.2,0.16,0.16,-0.02,4.09,27.47,-28.38,-89.57,-0.19,0.17,0.97
6.3751,3,-0.666,-0.03,-0.12,-0.74,110.55,6.63,12.42,0.02,0.01,0.02,4.09,0.92,-0.76,7.63,-0.13,0.19,1
6.3801,1,-0.046,0.06,-0.04,-1,188.99,6.99,4.6,-0.11,0.09,0,4.09,-2.59,-8.09,7.17,-0.02,0.18,0.99
6.3811,4,-0.837,0.1,-0.16,0.51,309.22,10.13,-19.44,0.08,-0.02,-0.01,4.09,1.68,23.5,-39.98,-0.15,-0.27,0.95
6.4471,7,-0.949,-0.06,0.03,-0.31,49.72,-5.32,6.1,0.15,0.15,0.01,0,2.44,6.41,24.87,0.17,-0.07,1.01
6.4481,2,-0.772,-0.04,-0.08,0.63,295.45,10.45,-2.59,0,0.01,-0.01,4.09,-2.75,6.26,0.46,-0.17,-0.04,0.98
6.4521,0,-0.078,-0.04,-0.04,-1,184.87,-3.74,5.34,-0.03,0.03,-0.02,4.09,3.2,-2.44,16.33,0.09,0.13,0.96
6.4531,6,0.97,-0.06,-0.13,-0.2,351.42,-16.19,-3.35,-0.01,0.03,0,4.09,-0.15,-0.15,4.58,0.29,-0.08,0.96
6.4571,5,0.941,0.14,0.15,0.27,48.22,11.74,20.73,0.05,0.26,-0.08,4.09,-19.07,-17.09,-48.52,-0.28,0.08,0.91
6.4581,3,-0.658,-0.03,-0.12,-0.74,111.71,6.42,12.1,0.05,0,-0.01,4.09,-7.32,5.95,24.87,-0.12,0.17,0.97
6.4791,1,-0.048,0.05,-0.04,-1,188.83,6.31,4.75,-0.08,-0.04,0.03,4.09,-0.92,4.58,1.53,-0.02,0.05,1.03
6.4801,4,-0.818,0.09,-0.17,0.54,305.21,10.09,-19.23,0.02,0.06,-0.03,4.09,4.88,6.41,-17.7,-0.1,-0.33,0.91
6.5571,7,-0.948,-0.06,0.03,-0.31,50.25,-5.47,5.59,0,0.02,-0,0,-4.58,-8.85,8.39,0.09,0.08,0.99
6.5581,2,-0.774,-0.04,-0.09,0.63,295.88,10.82,-2.51,-0.02,0.04,-0,4.09,1.07,1.83,11.29,-0.15,-0.07,0.99
6.5621,0,-0.072,-0.05,-0.05,-1,185.57,-4.89,5.57,-0.02,0.01,0.01,4.09,-1.83,-19.84,-1.68,0.1,0.1,1.01
6.5641,6,0.969,-0.06,-0.13,-0.2,351.29,-16.36,-3.22,-0.05,0.02,0,4.09,0.15,0,-3.2,0.25,-0.09,0.97
6.5671,5,0.945,0.11,0.13,0.28,48.62,10.63,16,-0,0.08,0.06,4.09,-53.71,7.48,52.95,-0.24,0.23,1.01
6.5691,3,-0.645,-0.03,-0.11,-0.76,113.72,6.17,11.83,-0.05,-0,0.01,4.09,-4.43,1.37,9.31,-0.09,0.25,0.97
6.5721,1,-0.042,0.06,-0.04,-1,189.44,6.64,4.64,-0.05,0.03,0,4.09,-1.07,5.8,4.88,-0.06,0.12,0.99
6.5741,4,-0.822,0.08,-0.16,0.54,305.89,9.43,-18.18,0,0.06,-0.01,4.09,12.36,-14.04,24.41,-0.11,-0.32,0.93
6.6561,7,-0.949,-0.06,0.03,-0.31,49.64,-5.82,5.34,-0.01,0.03,-0,0,0.15,-1.22,2.44,0.08,0.07,0.99
6.6581,2,-0.781,-0.04,-0.08,0.62,297.14,10.5,-2.28,0,0.02,0.01,4.09,-1.53,-6.26,14.34,-0.16,-0.04,1
6.6621,0,-0.074,-0.06,-0.04,-0.99,185.26,-6.57,5.4,-0.01,-0.03,0.02,4.09,-0.15,-7.02,2.14,0.13,0.07,1
6.6631,6,0.97,-0.06,-0.13,-0.2,351.51,-16.32,-3.37,-0.06,0.02,0,4.09,0.46,0.76,1.53,0.24,-0.1,0.97
6.6671,5,0.93,0.07,0.12,0.34,55.56,9.53,12.42,-0.03,-0.06,0.06,4.09,-27.01,17.7,89.72,-0.16,0.32,1.01
6.6691,3,-0.642,-0.03,-0.11,-0.76,114.19,5.48,11.66,-0.04,0.01,0.03,4.09,-1.37,-6.1,4.73,-0.11,0.24,0.99
6.6721,7,-0.947,-0.06,0.04,-0.32,50.6,-5.99,5.2,-0.04,-0.02,0,0,0.76,-1.98,-6.87,0.07,0.16,0.99
6.6741,4,-0.834,0.08,-0.14,0.53,308.28,8.21,-16.54,-0.06,-0.04,0.04,4.09,7.78,-18.46,19.38,-0.21,-0.33,0.97
6.7771,1,-0.037,0.06,-0.04,-1,190.08,6.79,4.93,-0.08,0.03,-0.02,4.09,0,-3.05,0.31,-0.04,0.11,0.98
6.7801,2,-0.787,-0.04,-0.08,0.61,298.21,10.04,-2.06,0.01,-0.01,0.02,4.09,3.97,-1.07,1.83,-0.19,-0.03,1
6.7861,0,-0.069,-0.06,-0.04,-0.99,185.79,-7,5.24,0,-0.01,-0,4.09,0.92,1.22,9.61,0.12,0.08,0.99
6.7871,6,0.97,-0.06,-0.13,-0.2,351.69,-16.25,-3.39,-0.04,0.01,-0,4.09,0.92,0.76,2.9,0.25,-0.08,0.96
6.7911,5,0.914,0.06,0.11,0.38,60.64,9.3,11.7,-0.02,-0.1,-0.02,4.09,-5.04,7.48,23.19,-0.11,0.27,0.94
6.7921,3,-0.643,-0.03,-0.11,-0.76,114.01,5.11,11.6,-0.01,0.02,0.02,4.09,1.07,1.68,-0.31,-0.11,0.22,0.99
6.7981,1,-0.038,0.06,-0.05,-1,190.02,6.55,5.01,-0.07,0.01,0,4.09,0.31,-1.37,-2.59,-0.04,0.1,0.99
6.8001,4,-0.847,0.08,-0.13,0.51,310.87,7.9,-16.04,-0.04,-0.09,0.02,4.09,-5.65,-5.04,16.33,-0.24,-0.27,0.96
6.8471,7,-0.947,-0.06,0.04,-0.31,50.35,-6.07,5.18,-0,0.01,0,0,-0.31,-0.31,0.31,0.1,0.09,0.99
6.8491,2,-0.788,-0.04,-0.08,0.61,298.59,10.16,-1.71,-0.02,0.01,0,4.09,-1.22,1.22,5.65,-0.16,-0.05,0.99
6.8531,0,-0.06,-0.06,-0.04,-1,186.8,-7.01,5.13,-0.01,0,0,4.09,-0.61,4.12,10.22,0.14,0.09,0.99
6.8551,6,0.97,-0.06,-0.13,-0.19,352,-16.29,-3.41,-0.03,0,0,4.09,1.07,-0.15,0.92,0.25,-0.07,0.97
6.8621,5,0.909,0.06,0.1,0.4,62.25,8.03,11.58,-0.06,-0.07,-0,4.09,-3.2,-7.63,-2.44,-0.13,0.29,0.95
6.8641,3,-0.643,-0.03,-0.11,-0.76,113.89,5.23,11.7,-0.01,0,0.01,4.09,1.37,0.31,1.22,-0.09,0.21,0.98
6.8721,7,-0.947,-0.06,0.04,-0.31,50.38,-6.17,5.06,-0.02,-0,0.01,0,1.22,0,0.76,0.1,0.1,1
6.8741,4,-0.849,0.08,-0.13,0.5,311.39,8.42,-16.14,-0.03,-0.03,0.01,4.09,-2.29,7.93,-5.04,-0.18,-0.29,0.95
6.9391,1,-0.037,0.05,-0.05,-1,190.11,6.12,5.1,-0.07,-0.02,-0.01,4.09,-0.61,-3.81,1.37,-0.04,0.08,0.99
6.9411,2,-0.791,-0.04,-0.08,0.61,299.01,10.28,-1.79,0.01,0.01,0.01,4.09,-0.46,1.07,3.97,-0.17,-0.03,0.99
6.9451,0,-0.054,-0.06,-0.04,-1,187.54,-7.04,4.92,-0.01,0.01,0.01,4.09,-1.37,0,3.97,0.13,0.09,1
6.9471,6,0.97,-0.06,-0.13,-0.19,351.99,-16.25,-3.31,-0.05,0,-0,4.09,0.46,1.53,-2.59,0.24,-0.08,0.96
6.9501,5,0.914,0.07,0.1,0.39,60.95,7.36,11.47,-0.14,0.05,0.05,4.09,8.7,-5.34,-29.3,-0.27,0.26,0.99
6.9511,3,-0.643,-0.03,-0.11,-0.76,113.96,5.13,11.79,-0.04,0.02,0.02,4.09,0.61,0.46,-1.68,-0.1,0.25,0.98
6.9721,1,-0.033,0.05,-0.05,-1,190.5,5.46,5.01,-0.08,0.01,0.02,4.09,-0.15,-4.27,6.26,-0.02,0.1,1.01
6.9731,4,-0.845,0.08,-0.14,0.51,310.58,8.86,-16.58,-0.01,0.02,-0,4.09,-7.02,4.73,-4.58,-0.13,-0.3,0.94
7.0481,7,-0.946,-0.06,0.04,-0.32,50.63,-6.11,5.17,0,0.01,-0.01,0,1.83,1.22,7.93,0.11,0.08,0.98
7.0501,2,-0.792,-0.04,-0.08,0.6,299.25,10.25,-1.62,0.01,0.01,0,4.09,0,-0.76,-1.37,-0.16,-0.02,0.99
7.0531,0,-0.05,-0.06,-0.04,-1,188.04,-7.11,4.75,-0,0.01,0,4.09,0,0.76,4.43,0.13,0.09,0.99
7.0551,6,0.97,-0.06,-0.13,-0.19,351.88,-16.16,-3.32,-0.06,0,-0,4.09,0.31,0.15,0,0.23,-0.08,0.97
7.0581,5,0.922,0.07,0.1,0.37,58.25,8.12,11.61,-0.01,0.07,-0,4.09,8.54,5.49,-5.19,-0.19,0.16,0.97
7.0601,3,-0.646,-0.03,-0.11,-0.76,113.52,5.16,11.84,-0,0.01,0.01,4.09,-0.15,-0.15,-2.29,-0.11,0.21,0.98
7.0811,1,-0.029,0.04,-0.05,-1,190.97,4.98,5.11,-0.07,0.02,0.01,4.09,0,-0.15,3.51,-0.02,0.11,1.01
7.0821,4,-0.843,0.09,-0.14,0.51,310.25,8.77,-17.21,0.01,-0,-0,4.09,-3.51,-2.14,-2.59,-0.15,-0.28,0.94
7.1671,7,-0.945,-0.06,0.04,-0.32,51.02,-6.14,5.32,-0.03,-0,-0,0,1.37,0,4.27,0.08,0.11,0.99
7.1691,2,-0.791,-0.04,-0.08,0.61,298.98,10.01,-1.68,-0.01,0,0.01,4.09,0.61,-1.68,-0.46,-0.17,-0.04,0.99
7.1731,0,-0.047,-0.06,-0.04,-1,188.4,-7.09,4.79,-0,0.01,0.01,4.09,0.76,1.22,2.75,0.13,0.09,1
7.1751,6,0.971,-0.06,-0.13,-0.19,351.86,-16.03,-3.34,-0.05,0.01,0,4.09,0,0.46,0.15,0.24,-0.08,0.97
