0,5,0.659,0.11,0.11,0.74,110.3,-0.43,17.95,0,0.01,0.02,4.07,0,-0.46,1.22,-0,0.31,0.97
0.0255,3,0.725,0.01,0.11,0.68,101.14,8.6,9.61,0,0,0.01,3.99,0,-1.07,1.22,-0.16,0.16,0.98
0.0273,4,0.838,-0.11,0.11,-0.52,309.49,3.79,-17.76,-0.01,0,-0,4,-2.75,8.7,-37.84,-0.07,-0.32,0.94
0.0367,2,0.7,0,0.08,-0.71,282.88,6.39,-6.44,-0.01,0.01,0,4.09,0.15,0.46,-1.22,-0.1,-0.12,0.99
0.0385,6,-0.946,0.02,0.22,-0.23,43.72,-24.24,-8.7,-0,0,0,3.99,-0.46,-0.92,0,0.41,-0.14,0.9
0.0852,0,0.291,-0.04,-0.03,-0.96,227.83,-5.85,1.85,-0.02,0,0,4.09,0,-0.15,0.15,0.12,0.02,1
0.0871,7,0.987,0.05,-0.15,-0.04,7.99,-16.63,6.23,0,0,-0,0,0,-1.07,0.15,0.29,0.1,0.95
0.091,1,0.234,-0.16,-0.02,-0.96,221.8,-18.56,-1.91,-0.01,0,-0,4.09,0,0.61,-0.31,0.33,-0.04,0.94
0.0925,5,0.657,0.11,0.11,0.74,110.52,-0.46,17.98,0,0.01,0.02,4.07,0,0.46,0.92,0,0.31,0.97
0.1093,3,0.724,0.01,0.11,0.68,101.19,8.49,9.59,0,0,0.01,3.99,0,-0.76,0.92,-0.15,0.16,0.98
0.1108,4,0.823,-0.11,0.11,-0.55,306.38,3.52,-18.21,0,-0,0.01,3.99,-1.68,6.56,-26.4,-0.06,-0.31,0.96
0.1539,2,0.698,0,0.08,-0.71,282.58,6.28,-6.35,0,0.01,-0.01,4.09,1.07,-2.44,-7.32,-0.1,-0.11,0.98
0.1553,6,-0.946,0.02,0.22,-0.23,43.75,-24.37,-8.78,-0,0,-0,3.99,-0.76,-1.22,0.61,0.41,-0.14,0.9
0.1831,0,0.291,-0.04,-0.03,-0.96,227.85,-5.88,1.79,-0.02,0.01,0,4.09,0.15,0,0.92,0.12,0.03,0.99
0.1846,7,0.987,0.05,-0.15,-0.04,7.93,-16.8,6.26,-0,0,-0,0,0.31,-1.53,0.31,0.29,0.1,0.95
0.1895,1,0.233,-0.16,-0.02,-0.96,221.73,-18.45,-1.94,-0.01,0,-0,4.09,0.31,1.22,0,0.33,-0.03,0.94
0.191,5,0.648,0.11,0.12,0.75,111.97,-0.51,18.17,0.1,0.06,0.03,4.07,11.75,12.82,71.11,-0.07,0.22,1.03
0.2038,2,0.694,-0,0.08,-0.72,281.98,6.05,-6.46,-0.01,0.01,0.01,4.09,0.76,-1.53,-2.14,-0.09,-0.12,0.99
0.2054,4,0.799,-0.12,0.12,-0.58,301.77,3.22,-18.73,-0.04,-0,0.06,4,-11.29,15.26,-63.93,-0.08,-0.41,1.02
0.2415,3,0.723,0.01,0.11,0.68,101.36,8.49,9.55,-0.01,0,0.01,3.99,0.15,0.15,0.31,-0.15,0.17,0.98
0.243,6,-0.945,0.02,0.22,-0.23,43.92,-24.59,-8.98,-0,-0,-0,3.99,-0.92,-1.68,0.76,0.41,-0.14,0.9
0.2974,0,0.29,-0.05,-0.03,-0.96,227.77,-6.04,1.77,-0.02,0,0,4.09,0.31,0,-0.61,0.13,0.02,1
0.2989,7,0.986,0.05,-0.15,-0.05,7.84,-17.03,6.32,-0.01,0,-0,0,0,-2.44,-1.37,0.28,0.1,0.95
0.3059,1,0.234,-0.16,-0.02,-0.96,221.75,-18.36,-1.9,-0.01,0,-0,4.09,0.31,1.22,0.15,0.32,-0.03,0.94
0.3088,5,0.514,0.15,0.14,0.83,129.48,-6,23.21,-0.31,0.05,0.26,4.07,143.13,-29.75,286.1,0.22,0.78,1.03
0.3147,2,0.691,-0,0.07,-0.72,281.41,5.68,-6.3,0.04,0.01,0.05,4.09,8.54,1.53,-12.36,-0.09,-0.04,1.07
0.3162,4,0.759,-0.17,0.17,-0.6,296.24,2.88,-27.76,-0.3,-0.21,0.5,4,-182.34,21.06,-2.44,-0.34,-0.86,1.27
0.3433,3,0.72,0.01,0.11,0.69,101.88,8.04,9.33,0.1,-0.04,0.02,3.99,-10.68,-3.51,15.26,-0.1,0.05,1.02
0.3449,6,-0.945,0.02,0.23,-0.23,43.96,-24.76,-9.1,0,0,-0,3.99,-0.15,-2.59,2.59,0.42,-0.14,0.9
0.3993,0,0.289,-0.05,-0.03,-0.96,227.66,-6.22,1.83,-0.03,0.01,0.02,4.09,1.07,-0.92,0.31,0.13,0.02,1.01
0.4019,7,0.986,0.05,-0.15,-0.04,7.9,-17.29,6.35,0.01,0,-0,0,1.07,-1.68,1.83,0.31,0.1,0.94
0.4099,1,0.234,-0.16,-0.02,-0.96,221.71,-18.35,-1.81,-0,0,0.01,4.09,0,1.98,-1.22,0.32,-0.03,0.95
0.4119,5,0.352,0.3,0.23,0.86,141.82,-20.54,40.22,-0.26,0.21,0.51,4.07,242.31,-91.55,34.18,0.54,1.15,0.83
0.4314,3,0.675,-0.02,0.08,0.73,109.15,7.49,5.46,0.06,-0,0.04,3.99,-85.6,19.07,119.93,-0.13,0.06,1.04
0.4332,4,0.652,-0.32,0.3,-0.62,287.07,0.07,-52.26,-0.14,0.12,0.4,4,-289,41.96,-192.11,0.13,-1.2,0.72
0.4464,2,0.654,0.04,0.05,-0.75,275.83,6.8,-1.7,0.18,0.01,0.03,4.09,93.69,35.1,-100.71,-0.13,0.13,1.03
0.448,6,-0.943,0.02,0.23,-0.24,44.59,-24.94,-9.38,0,0,0,3.99,0.15,-1.07,5.19,0.42,-0.15,0.89
0.5072,0,0.294,-0.05,-0.03,-0.95,228.17,-5.97,1.83,-0.05,0.03,0,4.09,0.61,7.17,14.34,0.15,0.04,0.98
0.5086,7,0.986,0.05,-0.15,-0.04,8.3,-17.34,6.38,0.02,-0,-0,0,1.53,1.68,5.8,0.32,0.11,0.94
0.515,1,0.236,-0.16,-0.02,-0.96,221.98,-18.33,-1.76,-0.01,-0.03,-0,4.09,1.37,-3.66,3.66,0.31,-0.06,0.95
0.5167,5,0.3,0.43,0.36,0.77,133.72,-26.81,66.15,-0.24,-0.02,0.05,4.07,215.3,-120.85,-107.57,0.6,0.83,0.15
0.5236,3,0.623,-0.06,0.05,0.78,116.68,9.12,0.17,-0.37,0.13,0.05,3.99,-19.99,32.2,52.34,-0.22,0.4,1.03
0.5251,4,0.461,-0.51,0.39,-0.61,281.29,-15.33,-80.17,-0.45,-0.02,-0.13,4,-275.12,-77.67,-78.28,0.22,-0.88,-0.32
0.5432,2,0.593,0.11,0.02,-0.8,268,12.02,5.51,-0.23,-0.02,0.04,4.09,76.29,47.3,-48.22,-0.18,-0.13,1.04
0.5447,6,-0.943,0.02,0.23,-0.24,44.81,-24.96,-9.46,0.05,-0.01,0,3.99,0.76,2.59,0,0.47,-0.16,0.87
0.5981,0,0.299,-0.04,-0.03,-0.95,228.78,-5.33,1.78,0.03,-0.02,0.01,4.09,-1.22,13.89,2.29,0.05,0.04,1.01
0.5997,7,0.986,0.05,-0.15,-0.04,8.69,-17.34,6.26,0.05,-0.01,0,0,-3.66,3.2,-1.83,0.34,0.12,0.93
0.6069,1,0.242,-0.16,-0.02,-0.96,222.72,-18.36,-1.78,0.05,-0.01,-0,4.09,2.59,0.15,7.17,0.27,-0.01,0.96
0.6083,5,0.358,0.5,0.48,0.63,119.08,-16.64,86.96,-0.08,-0.15,-0.31,4.07,88.5,-97.05,-163.42,0.32,0.64,-0.01
0.6306,3,0.597,-0.07,0.11,0.79,120.58,13.76,4.99,-0.29,0.16,0.04,3.99,110.78,66.68,54.93,-0.32,0.43,0.95
0.6322,4,0.394,-0.63,0.47,-0.48,289.55,-13.52,-103.27,-0.24,0.03,-0.24,4,-120.09,-74.46,164.95,0.18,-0.67,-0.39
0.6528,2,0.564,0.15,0.04,-0.81,264.62,16.62,6.24,-0.4,-0.1,-0.12,4.09,-75.23,31.13,-21.82,-0.22,-0.31,0.9
0.6551,6,-0.944,0.02,0.23,-0.24,44.49,-24.66,-9.3,0,0.01,0.01,3.99,-0.46,7.93,-7.48,0.42,-0.16,0.91
0.6922,0,0.3,-0.03,-0.02,-0.95,228.9,-3.59,1.51,0.05,0.01,0,4.09,-2.59,18.46,-2.29,0.03,0.07,1
0.6938,7,0.987,0.04,-0.15,-0.04,8.06,-16.94,6.02,-0.05,-0,0,0,-5.49,3.97,-11.14,0.25,0.1,0.97
0.6973,1,0.244,-0.15,-0.03,-0.96,222.91,-17.84,-1.58,0.06,0.02,0.01,4.09,-1.68,5.8,-5.04,0.27,0.02,0.97
0.6987,5,0.476,0.45,0.55,0.52,112.04,2.84,90.27,0.06,-0.11,-0.57,4.07,-51.57,-54.93,-130.46,0.03,0.45,0.12
0.7162,3,0.562,-0.04,0.23,0.79,126.72,18.88,20.29,-0.21,-0.05,0.18,3.99,170.59,43.33,4.43,-0.27,0.58,1.03
0.7177,4,0.507,-0.53,0.59,-0.34,288.06,14.3,-105.5,0.01,0.06,-0.61,4,90.03,-72.02,218.96,-0.09,-0.49,-0.09
0.7613,2,0.565,0.08,0.15,-0.81,262.55,17.63,-9.34,-0.15,0.08,0.14,4.09,-207.37,-14.65,-39.52,-0.22,-0.3,1.09
0.763,6,-0.949,0.02,0.22,-0.23,42.63,-23.71,-8.91,0.01,0.01,0.01,3.99,-3.81,13.28,-22.58,0.4,-0.15,0.91
0.7939,0,0.291,-0.01,-0.02,-0.96,227.85,-1.62,1.33,-0.01,0.03,0.04,4.09,-5.19,26.25,-16.94,0.05,0.04,1.04
0.7957,7,0.987,0.04,-0.14,-0.05,6.86,-16.33,5.85,-0.01,-0,0,0,-4.43,4.27,-12.97,0.28,0.1,0.96
0.7994,1,0.235,-0.15,-0.02,-0.96,221.75,-16.85,-1.43,0.06,0.02,0.03,4.09,-7.02,15.41,-18.77,0.25,0.02,1.01
0.8009,5,0.544,0.41,0.51,0.52,108.09,7.17,81.75,0.47,0.03,-0.34,4.07,-109.56,-15.72,26.4,-0.17,0.73,0.59
0.8183,2,0.566,-0.02,0.27,-0.78,262.24,15.84,-27.7,-0.07,0.05,0.17,4.09,-162.35,-13.58,33.42,-0.24,-0.59,0.97
0.8206,4,0.644,-0.41,0.58,-0.27,295.54,32.02,-91.53,0.41,0.02,-0.37,4,118.26,-121.46,94.3,-0.37,-0.66,0.43
0.8652,3,0.576,0.01,0.37,0.73,125.81,24.69,37.14,0.09,-0.15,-0.01,3.99,131.68,42.27,-37.84,-0.31,0.46,0.83
0.8667,6,-0.956,0.02,0.21,-0.2,39.87,-22.79,-8.11,0,0,0,3.99,1.98,8.39,-12.66,0.38,-0.13,0.91
0.9236,0,0.279,0.02,-0,-0.96,226.46,1.98,0.93,-0.07,-0.01,0.04,4.09,0.61,52.49,-5.34,0.01,-0.04,1.04
0.9263,7,0.987,0.04,-0.14,-0.06,6.13,-15.88,5.68,0.05,0.03,-0,0,-2.44,4.88,-3.36,0.32,0.08,0.94
0.93,1,0.214,-0.13,-0.02,-0.97,219.2,-14.78,-1.32,-0.04,0.02,0.02,4.09,-5.19,20.6,-24.72,0.3,-0.04,0.98
0.9315,5,0.577,0.38,0.47,0.56,107.09,6.99,73.41,0.22,-0.05,-0.01,4.07,-26.4,-21.21,47.91,-0.08,0.89,0.49
0.9352,3,0.592,0.03,0.44,0.67,124.08,29.27,45.86,0.19,-0.03,-0.28,3.99,48.07,9.16,-53.1,-0.39,0.31,0.56
0.9373,4,0.731,-0.35,0.53,-0.25,307.18,37.4,-76.13,0.38,-0.11,0.11,4,28.23,-39.52,-30.36,-0.67,-0.95,0.65
0.9569,2,0.619,-0.06,0.36,-0.69,269.96,21.14,-38.41,0.08,0.12,-0.03,4.09,-77.36,7.02,118.71,-0.26,-0.45,0.78
0.9585,6,-0.958,0.02,0.2,-0.2,39.57,-22.25,-7.53,-0.05,-0.01,-0,3.99,5.19,0.61,5.04,0.34,-0.09,0.93
0.9997,0,0.281,0.07,0.01,-0.96,226.8,7.77,1.03,-0.05,-0.03,-0.01,4.09,1.07,63.63,11.44,-0.11,-0.02,0.97
1.0015,7,0.988,0.04,-0.14,-0.06,5.93,-15.28,5.47,-0.01,0.01,-0,0,1.22,6.87,7.63,0.24,0.08,0.96
1.0075,1,0.197,-0.11,-0.01,-0.97,217.14,-12.75,-1.68,-0.16,-0.01,-0.08,4.09,-2.29,16.63,-8.39,0.34,-0.1,0.86
1.0094,5,0.546,0.42,0.42,0.59,107.29,-1.84,72.85,-0.03,0.08,0.01,4.07,-6.87,-24.57,57.07,-0.04,0.97,0.26
1.0314,3,0.612,0.02,0.45,0.65,121.3,32.14,46.12,0.23,0.04,-0.13,3.99,-17.4,-0.15,-11.6,-0.55,0.37,0.62
1.033,4,0.744,-0.35,0.52,-0.22,310.65,38.58,-74.57,-0.01,-0.25,-0.12,4,-6.1,-12.97,54.93,-0.73,-0.47,0.24
1.0512,2,0.671,-0.05,0.4,-0.62,277.92,27.68,-39.82,0.33,-0.02,-0.24,4.09,-7.78,2.29,28.23,-0.41,-0.17,0.71
1.0531,6,-0.956,0.02,0.2,-0.21,40.59,-22.06,-7.31,0.02,-0.01,0.01,3.99,7.02,-0.76,12.82,0.4,-0.12,0.92
1.1242,0,0.285,0.11,0.02,-0.95,227.58,13.43,1.1,0,-0.02,-0.05,4.09,-5.19,38.45,13.28,-0.25,0,0.93
1.1258,7,0.989,0.04,-0.13,-0.06,6.89,-14.59,5.39,0.01,0,0.02,0,1.83,8.54,8.24,0.27,0.09,0.97
1.1298,1,0.198,-0.11,-0,-0.97,217.22,-12.02,-2.02,-0.04,-0.04,-0.01,4.09,4.43,7.48,15.56,0.23,-0.08,0.96
1.1313,5,0.472,0.47,0.36,0.65,110.95,-15.86,71.59,-0.25,0.04,0.31,4.07,5.34,16.78,87.28,0.41,1.19,0.18
1.1352,3,0.61,0.01,0.44,0.66,121.6,32.09,44.46,-0.06,-0.01,0.06,3.99,-16.78,-3.36,-2.29,-0.54,0.68,0.61
1.1376,4,0.733,-0.37,0.51,-0.25,308.76,34.6,-75.77,-0.01,-0.15,-0.05,4,4.58,6.26,-88.2,-0.66,-0.58,0.27
1.1524,2,0.67,-0.04,0.4,-0.63,277.62,28.4,-39.06,-0.04,0.05,0.11,4.09,3.66,6.71,32.81,-0.47,-0.65,0.75
1.1554,6,-0.955,0.01,0.2,-0.22,41.56,-21.88,-7.1,0.02,0.01,-0.01,3.99,4.43,3.36,2.14,0.38,-0.13,0.9
1.2165,0,0.295,0.15,0.04,-0.94,228.93,17.55,0.87,0.02,-0.01,0,4.09,-7.17,23.96,14.19,-0.33,0.02,0.95
1.2182,7,0.99,0.04,-0.12,-0.05,7.35,-13.69,5.43,-0.02,0.01,-0.01,0,0.76,9.92,1.68,0.21,0.08,0.97
1.2234,1,0.21,-0.1,-0,-0.97,218.65,-11.51,-2,0.07,0.05,0.02,4.09,3.81,2.59,12.36,0.16,0.04,1.01
1.225,5,0.486,0.47,0.35,0.65,109.45,-15.12,71.22,0.01,0.14,0.08,4.07,-10.53,-10.22,-124.66,0.12,0.89,0.3
1.2294,3,0.613,0.01,0.44,0.66,121.15,32,43.61,0.05,0.03,0.06,3.99,-0.15,4.88,20.9,-0.59,0.63,0.64
1.2311,4,0.618,-0.47,0.41,-0.47,296.18,3.68,-77.76,-0.11,0.49,0.96,4,40.74,37.69,-206.15,0.48,-1.98,0.21
1.2663,2,0.68,-0.03,0.4,-0.61,279.13,30.39,-38.09,0.06,-0.02,0,4.09,6.56,10.22,-8.54,-0.53,-0.51,0.71
1.2683,6,-0.955,0.01,0.19,-0.22,41.71,-21.33,-6.57,-0.01,-0.01,-0,3.99,4.88,5.49,-0.61,0.36,-0.09,0.92
1.3217,0,0.304,0.17,0.05,-0.94,230.15,20.65,0.83,0.04,-0,0,4.09,-4.27,20.14,13.43,-0.38,0.03,0.92
1.3237,7,0.992,0.04,-0.11,-0.05,7.62,-12.69,5.38,-0.03,0,-0.01,0,1.53,6.56,3.36,0.18,0.1,0.97
1.3281,1,0.218,-0.1,-0.01,-0.97,219.53,-10.95,-1.5,0.02,0.04,-0.03,4.09,3.81,2.14,5.8,0.19,0.02,0.96
1.33,5,0.516,0.46,0.35,0.63,106.54,-12.34,70.69,0.36,0.14,-0.05,4.07,-1.37,-25.94,9.77,0.03,0.79,0.69
1.3342,3,0.616,0,0.45,0.65,120.7,33.06,44.16,0.09,0,0.04,3.99,8.24,3.51,-22.13,-0.6,0.49,0.66
1.3356,4,0.628,-0.47,0.4,-0.47,297.82,3.59,-76.86,0.48,-0.1,-0.17,4,-15.41,-34.03,-13.73,-0.01,-0.83,0.62
1.3624,2,0.678,-0.03,0.41,-0.61,278.69,30.91,-38.64,0.13,-0.05,0.03,4.09,0.92,4.88,-12.51,-0.58,-0.43,0.72
1.3641,6,-0.956,0.01,0.19,-0.23,41.68,-20.86,-6.01,-0.08,-0.02,-0.01,3.99,0.61,1.98,0,0.29,-0.04,0.94
1.4173,0,0.306,0.19,0.05,-0.93,230.7,23.15,1.19,-0.03,-0.01,0,4.09,0,10.68,-0.15,-0.36,-0.01,0.93
1.4189,7,0.992,0.04,-0.11,-0.05,7.68,-12.11,5.66,-0.09,-0.02,-0.04,0,2.59,0,-0.46,0.1,0.1,0.96
1.4245,1,0.22,-0.09,-0.01,-0.97,219.65,-10.67,-1.16,-0.07,0.03,-0.03,4.09,2.14,2.14,-0.92,0.27,-0.02,0.94
1.4264,5,0.482,0.51,0.32,0.64,105.58,-19.41,72.86,0.14,0.05,0.27,4.07,34.18,-42.42,57.07,0.45,1.06,0.45
1.4303,3,0.622,-0.02,0.45,0.64,120.13,35.75,42.61,0.38,0.09,-0.14,3.99,-43.79,26.4,-17.55,-0.65,0.15,0.66
1.4317,4,0.617,-0.52,0.39,-0.44,301.58,1.64,-81.47,0.15,0.09,0.27,3.99,-75.68,-45.93,-25.33,0.11,-1.26,0.24
1.4725,2,0.691,-0.01,0.41,-0.59,280.98,33.81,-37.24,0.48,-0.2,-0.2,4.09,36.47,30.36,-3.51,-0.62,-0,0.69
1.4746,6,-0.956,0.01,0.19,-0.23,41.8,-20.84,-5.97,-0.02,-0.06,-0.05,3.99,-2.75,-4.73,1.22,0.34,-0.03,0.88
1.5253,0,0.299,0.2,0.05,-0.93,229.97,24.17,1.34,-0.04,0.03,-0.03,4.09,0.46,-5.04,-1.53,-0.35,0.02,0.9
1.5269,7,0.991,0.05,-0.11,-0.04,8.28,-12.68,6.19,0.1,-0.02,-0.15,0,10.83,-17.4,16.48,0.31,0.12,0.8
1.5305,1,0.217,-0.1,-0.01,-0.97,219.41,-11.26,-1.21,-0.09,-0.01,-0.06,4.09,-1.53,-9.46,1.83,0.25,-0.07,0.9
1.532,5,0.443,0.57,0.29,0.63,101.19,-26.92,78.74,0.09,0.04,0.09,4.07,52.49,-59.66,33.11,0.46,0.94,0.28
1.5357,3,0.591,-0.06,0.44,0.67,125.68,37.34,40.45,0.07,0.01,0.23,3.99,-60.27,59.51,14.19,-0.77,0.57,0.75
1.5384,4,0.585,-0.59,0.39,-0.39,307.05,0.09,-90.89,0.18,-0.01,0.04,4,-98.88,-51.42,-32.5,0,-1.08,0.14
1.5594,2,0.664,0.02,0.41,-0.62,275.75,35.28,-36.29,0.1,0.04,0.15,4.09,41.05,49.74,-49.44,-0.64,-0.52,0.81
1.561,6,-0.954,0.01,0.2,-0.23,41.97,-21.8,-6.33,-0.08,-0.03,0.15,3.99,-11.75,-6.26,-4.73,0.34,-0.03,1.06
1.6173,0,0.293,0.19,0.05,-0.93,229.21,23.06,1.47,-0.01,-0.02,-0.05,4.09,4.12,-33.11,-0.31,-0.37,0.01,0.87
1.6189,7,0.99,0.05,-0.12,-0.05,8.05,-13.99,6.26,-0.02,-0.04,-0.02,0,1.22,-8.09,-6.71,0.19,0.15,0.94
1.6247,1,0.219,-0.11,-0.01,-0.97,219.67,-12.41,-1.88,-0.13,0.04,-0.14,4.09,-8.85,-11.75,1.37,0.32,-0.04,0.8
1.6263,5,0.404,0.63,0.29,0.6,96.04,-31.38,87.22,-0.15,0.03,0.06,4.07,68.51,-43.03,18.16,0.52,0.92,-0.1
1.6301,3,0.576,-0.13,0.44,0.68,128.49,42.67,37.25,0.2,-0.02,-0.12,3.99,-51.12,56.61,6.87,-0.64,0.23,0.61
1.6316,4,0.542,-0.67,0.39,-0.34,312.27,-1.72,-100.65,-0.09,0.03,-0.07,3.99,-86.98,-57.83,-10.83,0.02,-0.89,-0.27
1.6693,2,0.625,0.06,0.43,-0.65,268.53,37.93,-36.98,0.09,0.05,-0.04,4.09,27.16,53.71,-35.71,-0.57,-0.39,0.68
1.6719,6,-0.955,0.02,0.2,-0.22,41.15,-22.26,-7.28,0.1,0.03,0.04,3.99,-5.49,-6.56,1.07,0.46,-0.21,0.91
1.723,0,0.289,0.16,0.03,-0.94,228.46,18.91,1.71,-0.13,0.04,0.04,4.09,1.07,-65.16,-8.24,-0.19,-0.02,1.1
1.7247,7,0.989,0.05,-0.13,-0.04,8.02,-14.36,6.71,-0.05,0,0.02,0,12.05,-0.61,1.68,0.22,0.12,0.97
1.7283,1,0.217,-0.13,-0.01,-0.97,219.68,-15.42,-2.15,0.16,-0.09,0.13,4.09,3.81,-11.44,2.29,0.12,-0.06,1.1
1.7296,5,0.362,0.68,0.3,0.57,91.63,-33.73,96.27,-0.1,0.03,0.01,4.07,70.19,-34.33,13.12,0.52,0.86,-0.15
1.7333,3,0.514,-0.17,0.43,0.72,138.92,43.95,38.36,-0.13,-0.01,0.02,3.99,-54.47,58.59,49.74,-0.64,0.58,0.56
1.7347,4,0.513,-0.72,0.37,-0.28,318.22,-1.46,-108.29,-0.13,0.02,-0.14,3.99,-65.92,-58.75,-17.55,-0.05,-0.79,-0.4
1.7566,2,0.563,0.08,0.43,-0.7,257.79,37.08,-40.29,-0.19,-0.01,0.07,4.09,13.89,53.1,-54.17,-0.58,-0.71,0.58
1.7581,6,-0.952,0.02,0.21,-0.22,41.82,-22.91,-7.96,0.04,-0.03,0.01,3.99,-6.1,-1.22,-12.82,0.44,-0.14,0.9
1.8049,0,0.286,0.11,0.02,-0.95,227.7,12.97,2.02,-0.07,0.07,-0.06,4.09,4.27,-57.07,-9.31,-0.11,0.03,0.96
1.8068,7,0.989,0.06,-0.13,-0.05,7.4,-14.63,7.5,0.04,-0.05,0,0,-0.61,-5.49,-13.28,0.27,0.18,0.94
1.8106,1,0.224,-0.15,-0.01,-0.96,220.56,-16.72,-2.27,0.07,0.05,0.15,4.09,0.76,-32.35,2.59,0.28,0.05,1.13
1.8123,5,0.331,0.71,0.33,0.53,88.79,-32.33,104.89,-0.07,0.12,0.08,4.07,73.24,-18.01,-31.28,0.46,0.95,-0.28
1.8364,3,0.457,-0.2,0.44,0.75,148.86,44.64,41.48,0.01,-0.03,0.01,3.99,-24.41,51.57,68.97,-0.7,0.48,0.55
1.8399,4,0.482,-0.77,0.33,-0.24,325.53,-2.9,-114.85,-0.17,0.07,-0.06,3.99,-55.69,-68.97,-40.44,0.02,-0.77,-0.54
1.8764,2,0.524,0.1,0.46,-0.71,250.7,38.18,-44.35,-0.06,0.05,-0.06,4.09,-12.21,39.67,-52.49,-0.52,-0.57,0.53
1.8783,6,-0.955,0.02,0.21,-0.21,40.21,-23.33,-8.09,-0,0,0.01,3.99,-3.05,0.92,-8.7,0.4,-0.13,0.92
1.9023,0,0.284,0.07,-0,-0.96,227.3,7.47,2.3,-0.1,0.05,-0.01,4.09,8.24,-50.81,-3.36,-0.02,0.03,0.99
1.9042,7,0.987,0.06,-0.14,-0.06,6.08,-15.21,7.75,0.01,-0.01,-0.01,0,0,-6.41,-8.09,0.26,0.12,0.94
1.9082,1,0.217,-0.16,-0.02,-0.96,219.74,-17.86,-1.94,0.02,0.01,0,4.09,-3.36,-7.17,-14.65,0.3,-0.02,0.97
1.9097,5,0.306,0.72,0.38,0.49,88.6,-28.08,112.63,-0.16,0.14,0.03,4.07,83.77,-12.97,-56,0.35,0.77,-0.49
1.9325,2,0.474,0.08,0.49,-0.73,242.61,35.89,-51.56,-0.14,0.06,0,4.09,-38.3,16.63,-36.77,-0.46,-0.75,0.51
1.9342,4,0.459,-0.82,0.3,-0.19,333.13,-1.92,-120.67,-0.17,-0,-0.05,3.99,-43.95,-69.89,-11.9,-0.1,-0.79,-0.59
1.9723,3,0.381,-0.22,0.47,0.77,162.14,43.56,49.55,-0.04,0.01,-0.01,3.99,2.44,54.93,64.85,-0.65,0.58,0.44
1.9739,6,-0.955,0.02,0.21,-0.21,40.08,-23.39,-7.95,-0.08,0.01,0.03,3.99,3.36,-3.2,9.77,0.33,-0.12,0.98
2.0273,0,0.283,0.03,-0.03,-0.96,227.06,1.96,3.62,-0.08,-0,0.02,4.09,10.68,-44.25,-1.98,0.03,0.01,1.02
2.0289,7,0.986,0.06,-0.14,-0.06,5.87,-15.75,8.12,-0.06,0.01,0.03,0,5.95,-7.48,9.31,0.22,0.12,1
2.0327,1,0.205,-0.16,-0.02,-0.97,218.36,-18.54,-1.94,-0.07,-0.07,-0.02,4.09,-2.29,-6.87,-5.95,0.34,-0.13,0.92
2.0342,5,0.282,0.73,0.44,0.43,89.5,-22.4,120.41,-0.11,-0.02,-0.08,4.07,68.51,-18.16,-61.8,0.34,0.62,-0.52
2.0386,3,0.321,-0.22,0.51,0.77,172.46,41.14,58.3,-0.08,0.08,0,3.99,39.06,26.7,34.79,-0.64,0.69,0.34
2.0402,4,0.435,-0.85,0.28,-0.12,338.13,2.42,-126.4,-0.07,0.04,-0.05,3.99,-68.36,-48.68,15.56,-0.01,-0.76,-0.66
2.0614,2,0.449,0.05,0.52,-0.72,239.19,32.88,-57.76,-0.13,0.05,-0.04,4.09,-51.88,-13.28,-46.54,-0.39,-0.78,0.4
2.0633,6,-0.951,0.02,0.21,-0.23,42.6,-22.94,-7.87,-0.07,-0.03,-0.03,3.99,4.27,2.75,13.89,0.36,-0.05,0.89
2.1193,0,0.287,-0.02,-0.04,-0.96,227.26,-3.44,4.31,-0.05,-0.02,0.01,4.09,7.78,-50.35,11.75,0.09,0.03,1
2.1213,7,0.986,0.07,-0.15,-0.05,7.42,-16.64,8.54,0.07,0.03,0,0,8.09,-4.58,15.56,0.35,0.11,0.93
2.1254,1,0.211,-0.17,-0.02,-0.96,219.25,-19.88,-2.51,-0.07,-0.03,-0.04,4.09,-0.31,-25.48,14.8,0.37,-0.08,0.92
2.1268,5,0.252,0.75,0.48,0.38,88.73,-19.38,127.95,-0.07,0.05,-0.01,4.07,64.24,-23.65,-20.6,0.25,0.71,-0.64
2.1306,3,0.268,-0.19,0.56,0.76,180.11,36.39,67.76,-0.12,0.01,-0.01,3.99,46.84,19.68,73.85,-0.5,0.81,0.28
2.1321,4,0.38,-0.88,0.28,-0.05,341.24,6.86,-135.27,0.01,-0.11,0.02,3.99,-90.03,-39.22,8.24,-0.16,-0.77,-0.67
2.1762,2,0.437,-0.01,0.55,-0.71,239.91,27.55,-63.19,-0.1,0.1,-0.09,4.09,-43.64,-48.83,-55.69,-0.31,-0.79,0.4
2.1778,6,-0.952,0.02,0.21,-0.22,42.18,-22.93,-8.14,0.11,0.02,-0.02,3.99,-4.27,1.53,-5.19,0.46,-0.18,0.85
2.2303,0,0.298,-0.06,-0.06,-0.95,228.45,-8.32,5.09,-0.1,0.05,0.03,4.09,7.02,-38.76,20.29,0.25,0.07,0.99
2.232,7,0.985,0.07,-0.15,-0.04,8.2,-17.26,8.97,0.03,0.05,-0.02,0,9,-3.51,18.16,0.35,0.12,0.93
2.2358,1,0.225,-0.19,-0.02,-0.96,221.05,-21.24,-3.07,0.02,0.05,-0.01,4.09,0.46,-3.2,14.19,0.38,0.02,0.91
2.2375,5,0.227,0.76,0.51,0.33,88.42,-15.73,134.72,-0.3,-0.01,-0.04,4.07,59.36,-19.68,-14.04,0.21,0.45,-0.89
2.2418,3,0.223,-0.16,0.6,0.75,184.75,30.74,75.15,-0.09,0.06,0.04,3.99,56.61,15.72,50.51,-0.44,0.93,0.17
2.2433,4,0.325,-0.91,0.27,-0,343.7,10.03,-143.27,-0.11,-0.04,-0.02,3.99,-66.53,-28.53,0.61,-0.27,-0.56,-0.78
2.2643,2,0.423,-0.09,0.56,-0.71,242.1,20.41,-67.15,-0.06,0.01,0.03,4.09,-51.42,-48.68,-53.86,-0.31,-0.93,0.36
2.266,6,-0.951,0.02,0.21,-0.22,42.14,-23.2,-8.37,0.05,-0.01,-0.01,3.99,0.31,-0.31,-0.15,0.42,-0.14,0.87
2.3209,0,0.309,-0.09,-0.08,-0.94,229.67,-12.6,5.8,-0.05,0.04,-0.02,4.09,7.02,-31.13,3.51,0.26,0.09,0.94
2.3227,7,0.984,0.07,-0.16,-0.03,9.05,-17.89,9.34,0.07,0,0.01,0,4.27,0,5.65,0.37,0.17,0.94
2.3268,1,0.227,-0.19,-0.02,-0.95,221.4,-22.19,-3.2,0.06,-0.05,0.06,4.09,-0.92,-3.36,8.24,0.32,-0.06,1.03
2.3284,5,0.201,0.78,0.52,0.29,86.83,-13.96,140.61,-0.24,-0.03,-0.01,4.07,19.84,-19.38,-9.31,0.2,0.42,-0.89
2.3325,3,0.191,-0.13,0.65,0.72,187.16,25.66,82.83,-0.15,-0.01,0.01,3.99,74.16,-3.05,58.14,-0.31,0.99,0.12
2.3343,4,0.288,-0.92,0.27,0.03,344.44,11.95,-148.3,-0.01,0.02,0.01,3.99,-27.92,4.27,9.16,-0.18,-0.5,-0.87
2.3813,2,0.402,-0.16,0.57,-0.7,243.74,13.96,-72.11,-0.12,0.04,0.16,4.09,-55.69,-33.42,-35.25,-0.17,-1.11,0.3
2.383,6,-0.95,0.02,0.21,-0.23,42.6,-23.31,-8.28,0.02,-0.01,0,3.99,4.88,-0.31,3.2,0.42,-0.12,0.9
2.4092,0,0.316,-0.12,-0.1,-0.94,230.4,-16.44,6.4,-0.06,0.03,0.06,4.09,4.12,-36.62,14.19,0.35,0.08,0.99
2.4108,7,0.984,0.08,-0.16,-0.03,9.35,-17.97,9.61,0.01,0.01,-0.01,0,3.05,0.61,4.58,0.32,0.16,0.94
2.4145,1,0.235,-0.19,-0.02,-0.95,222.37,-22.07,-3.33,0,-0.02,0,4.09,4.43,-3.05,12.05,0.36,-0.06,0.93
2.4159,5,0.201,0.78,0.54,0.27,87.11,-11.28,142.52,-0.22,-0.01,0.01,4.07,-5.65,-8.09,-7.63,0.15,0.44,-0.92
2.4332,3,0.166,-0.09,0.7,0.69,187.44,20.56,90.2,-0.02,-0.03,0.17,3.99,81.18,-1.98,17.85,-0.38,1.09,0.02
2.4347,4,0.269,-0.92,0.29,0.03,342.27,11.93,-150.74,-0.05,0.02,0.07,4,-5.04,32.35,24.72,-0.27,-0.48,-0.93
2.4782,2,0.387,-0.21,0.59,-0.67,245.36,10.44,-77.74,0.02,0.04,0.09,4.09,-61.95,-17.55,-23.19,-0.17,-1.05,0.26
2.4799,6,-0.949,0.02,0.22,-0.23,42.68,-23.75,-8.07,0,-0.01,0,3.99,1.68,-2.59,-0.61,0.41,-0.12,0.91
2.5323,0,0.33,-0.15,-0.11,-0.93,232.18,-20.4,6.2,-0.03,0.05,0.07,4.09,0,-19.07,16.48,0.42,0.12,0.98
2.534,7,0.984,0.08,-0.16,-0.03,9.2,-17.95,10.03,-0.01,-0,-0,0,1.98,0,-1.83,0.31,0.15,0.94
2.5378,1,0.246,-0.19,-0.02,-0.95,223.7,-21.86,-3.19,-0,0.03,-0.01,4.09,4.43,3.51,9,0.38,-0.03,0.91
2.5393,5,0.202,0.78,0.54,0.26,87.03,-10.39,143.16,-0.17,-0.05,-0.03,4.07,-17.09,5.8,1.68,0.19,0.43,-0.84
2.5431,3,0.173,-0.06,0.76,0.63,186.55,19.9,99.3,-0.06,-0.04,0.01,3.99,92.93,-13.12,8.85,-0.27,0.98,-0.14
2.5448,4,0.25,-0.91,0.32,-0,337.6,9,-152.36,-0.03,0.05,-0.02,4,6.26,60.88,29.3,-0.19,-0.44,-0.88
2.5665,2,0.377,-0.24,0.62,-0.64,246.72,9.27,-83.97,-0.05,0.06,0.04,4.09,-69.43,-10.38,5.8,-0.09,-1.04,0.1
2.5681,6,-0.949,0.01,0.22,-0.23,42.78,-23.92,-7.82,0,-0.02,0.01,3.99,1.83,-0.76,-0.31,0.42,-0.11,0.91
2.6268,0,0.337,-0.17,-0.11,-0.92,233.12,-22.62,5.93,-0.05,-0,0.04,4.09,0,-5.65,5.04,0.44,0.06,0.94
2.6286,7,0.984,0.08,-0.16,-0.03,9.25,-17.94,10.1,0.04,-0.02,0,0,-0.92,0.76,-1.68,0.35,0.18,0.93
2.6344,1,0.251,-0.19,-0.02,-0.95,224.3,-21.59,-3.17,-0.01,-0.02,-0.01,4.09,0.92,3.05,3.81,0.37,-0.08,0.92
2.636,5,0.203,0.77,0.54,0.26,87.36,-10.67,142.62,-0.13,-0.02,-0.12,4.07,-6.56,14.19,6.1,0.1,0.48,-0.79
2.6402,3,0.188,-0.03,0.8,0.56,184.13,19.74,108.13,-0.1,-0.04,0.03,3.99,96.59,-34.48,-17.09,-0.25,0.95,-0.3
2.6417,4,0.237,-0.9,0.36,-0.05,331.62,4.28,-152.13,-0.07,-0.08,-0.01,3.99,29.14,81.33,42.42,-0.36,-0.44,-0.81
2.6665,2,0.375,-0.27,0.66,-0.59,248.31,10.46,-91.31,-0.06,0.07,0.05,4.09,-68.97,-13.89,19.99,-0.1,-1.06,-0.04
2.6682,6,-0.949,0.01,0.22,-0.23,42.43,-24.15,-7.38,-0.01,-0.09,0.01,3.99,-3.97,-3.36,-15.87,0.44,-0.04,0.91
2.6962,0,0.338,-0.17,-0.11,-0.92,233.29,-22.5,5.89,-0.07,0.01,0.06,4.09,-3.97,18.62,-6.56,0.47,0.04,0.96
2.6979,7,0.984,0.08,-0.16,-0.02,9.79,-17.94,9.72,0.01,0.04,0.01,0,-1.83,1.07,13.89,0.34,0.12,0.96
2.7263,1,0.255,-0.18,-0.02,-0.95,224.73,-21.24,-3.18,0.01,-0.02,0.03,4.09,1.37,5.95,0.76,0.35,-0.06,0.96
2.7279,5,0.191,0.76,0.55,0.28,90.29,-12.27,142.23,-0.2,-0.18,-0.18,4.07,-18.77,30.36,19.23,0.13,0.49,-0.72
2.7318,3,0.224,-0,0.84,0.5,180.38,22.14,115.32,-0.15,0,-0.07,3.99,76.9,-55.69,9.16,-0.21,0.83,-0.43
2.7333,4,0.228,-0.87,0.41,-0.14,322.69,-3.22,-149.08,-0.33,-0.36,-0.13,4,45.62,114.9,28.69,-0.56,-0.41,-0.66
2.7663,2,0.378,-0.28,0.7,-0.54,248.89,13.11,-97.49,-0.12,0.09,0.04,4.09,-60.58,-3.66,46.08,-0.1,-1.03,-0.18
2.7678,6,-0.953,0.01,0.22,-0.2,39.61,-24.95,-6.63,0.06,-0.03,0.13,3.99,-12.82,3.05,-46.08,0.53,-0.18,0.94
2.8342,0,0.336,-0.15,-0.11,-0.92,232.98,-20.86,5.68,-0.12,0.02,0.02,4.09,-9.16,25.02,-12.36,0.45,0,0.91
2.8358,7,0.985,0.07,-0.16,-0.01,11.05,-18.01,8.71,-0.02,-0.02,0.03,0,-4.27,4.27,16.94,0.29,0.18,0.98
2.8393,1,0.255,-0.18,-0.02,-0.95,224.68,-20.28,-3,0.03,0,0.04,4.09,-2.9,14.8,-7.63,0.36,-0.02,1
2.8407,5,0.188,0.75,0.56,0.31,92.7,-14.32,139.97,0.12,0.23,-0.19,4.07,-34.03,32.35,-14.5,0.04,0.63,-0.53
2.8442,3,0.26,0.04,0.86,0.45,174.99,24.26,120.91,-0.03,-0.04,-0.06,3.99,71.72,-62.71,-5.34,-0.35,0.76,-0.4
2.8458,4,0.227,-0.82,0.47,-0.23,311.95,-9.19,-143.6,0.32,0.02,-0.13,4,39.22,85.91,115.2,0.31,-0.73,-0.51
2.8681,2,0.391,-0.27,0.73,-0.49,249.09,17.66,-103.06,-0.19,0.12,0.05,4.09,-49.44,-18.16,48.68,-0.13,-1.02,-0.3
2.8696,6,-0.959,0.01,0.23,-0.17,35.46,-25.45,-6.14,0.15,0.2,0.19,3.99,1.83,3.97,-6.87,0.56,-0.35,1.01
2.9392,0,0.327,-0.13,-0.09,-0.93,231.91,-17.94,4.97,-0.13,0.06,0.07,4.09,-10.99,45.32,-1.68,0.45,0.03,1.03
2.9407,7,0.986,0.06,-0.15,0,13,-17.4,7.68,0.05,-0.04,0.15,0,0.76,23.8,13.89,0.35,0.2,1.03
2.9443,1,0.243,-0.16,-0.02,-0.96,222.98,-18.2,-2.91,0.05,-0.04,0.07,4.09,-8.39,25.02,-19.68,0.27,-0.07,1.04
2.9458,5,0.204,0.72,0.57,0.33,96.07,-14.65,135.75,0.21,-0.12,-0.06,4.07,-43.18,12.36,-24.41,0.37,0.78,-0.47
2.9494,2,0.415,-0.26,0.75,-0.45,249.88,22.52,-105.82,0,-0.06,-0.12,4.09,-11.44,-14.65,41.81,-0.41,-0.74,-0.23
2.9509,4,0.252,-0.78,0.52,-0.25,303.54,-7.51,-138.66,0.19,-0.1,-0.04,4,54.63,12.66,61.04,0.07,-0.74,-0.54
2.9703,3,0.305,0.07,0.86,0.4,169.48,27.9,123.39,0.09,0,-0.05,3.99,28.38,-59.36,-4.73,-0.53,0.67,-0.42
2.972,6,-0.96,0,0.22,-0.18,36.11,-24.64,-5,-0.25,-0.01,-0.1,3.99,6.26,7.93,3.05,0.17,0.02,0.9
3.0274,0,0.34,-0.09,-0.07,-0.93,233.65,-12.27,3.97,0.04,-0.13,0.01,4.09,0.46,44.56,-16.78,0.03,-0,1.08
3.029,7,0.989,0.06,-0.13,0.01,14.04,-15.48,7.32,-0.08,-0.1,-0.15,0,-5.34,10.07,-19.84,0.14,0.2,0.78
3.033,1,0.234,-0.14,-0.01,-0.96,221.77,-16.04,-2.75,0.01,-0.06,0.09,4.09,4.43,11.9,-12.51,0.25,-0.1,1.06
3.0345,5,0.241,0.7,0.57,0.36,97.85,-13.22,130.28,0.23,0.1,-0.21,4.07,-47.76,1.68,-5.19,0.12,0.8,-0.33
3.038,3,0.348,0.08,0.85,0.39,165.98,32.28,122.76,0.27,0.1,-0.13,3.99,-15.26,-37.69,-33.57,-0.74,0.49,-0.25
3.0394,4,0.284,-0.74,0.54,-0.27,299.26,-5.69,-133.69,0.22,0,0.01,4,34.48,22.13,26.4,0.19,-0.87,-0.51
3.0864,2,0.433,-0.23,0.75,-0.44,249.09,26.05,-104.85,0.14,-0.04,-0.08,4.09,30.21,0.46,38.15,-0.5,-0.79,-0.12
3.088,6,-0.96,-0,0.22,-0.18,35.81,-24.64,-4.44,0,0.06,-0.06,3.99,4.88,-4.12,4.58,0.37,-0.11,0.87
3.1444,0,0.331,-0.05,-0.05,-0.94,232.55,-6.98,4.15,0.08,-0.13,-0.08,4.09,-0.15,52.34,-13.58,-0.05,0.02,0.92
3.146,7,0.989,0.06,-0.13,0,13.47,-15.1,7.08,-0.06,-0.03,-0.08,0,0.15,-2.44,12.66,0.21,0.17,0.91
3.1501,1,0.234,-0.12,-0.01,-0.96,221.57,-13.96,-1.8,-0.14,0.07,-0.27,4.09,7.32,-2.75,-5.8,0.31,-0.03,0.68
3.1515,5,0.262,0.7,0.55,0.38,97.92,-13.48,126.58,0.16,-0.43,0.19,4.07,-16.48,-13.89,190.12,0.6,1.53,-0.6
3.1554,3,0.387,0.06,0.84,0.38,164.18,36.86,120.62,0.14,-0.05,-0.13,3.99,2.75,-33.87,-26.09,-0.6,0.6,-0.22
3.157,4,0.301,-0.71,0.56,-0.29,295.76,-4.63,-130.62,0.01,0.43,-0.21,4,-10.68,9.77,-134.74,0.21,-1.51,-0.37
3.1693,2,0.449,-0.2,0.75,-0.45,247.97,29.28,-103.3,0.07,0.05,-0.08,4.09,12.36,-2.29,22.58,-0.48,-0.82,-0.07
3.1709,6,-0.959,-0,0.22,-0.18,36.29,-25.11,-4.49,-0.03,-0.05,-0.02,3.99,-2.14,-5.8,-2.14,0.42,-0.03,0.89
3.2443,0,0.328,-0.01,-0.04,-0.94,232.28,-2.74,4.14,0.06,-0.02,-0.17,4.09,-2.14,25.48,-3.97,0,0.07,0.84
3.2461,7,0.989,0.06,-0.14,0,13.29,-15.51,7.39,0,0.02,-0.01,0,-0.92,-6.1,-9,0.26,0.08,0.96
3.2497,1,0.228,-0.12,-0.02,-0.97,220.83,-14.31,-1.57,-0.01,-0.06,0.01,4.09,0,6.87,-4.73,0.23,-0.08,0.97
3.2511,5,0.27,0.69,0.56,0.37,98.02,-12.31,126.27,0.03,-0.12,0,4.07,-6.26,0.61,-3.2,0.36,0.79,-0.62
3.2551,2,0.459,-0.18,0.75,-0.45,247.36,31.33,-102,-0.02,0.02,-0.11,4.09,10.68,-3.05,12.36,-0.46,-0.74,-0.16
3.2566,4,0.298,-0.7,0.58,-0.29,293.37,-3.54,-131.01,0.03,-0.01,-0.23,4,0,20.6,-3.51,-0.01,-0.42,-0.55
3.2762,3,0.405,0.07,0.83,0.38,161.75,38.28,119.03,0.42,0.03,0.06,3.99,13.28,-5.49,24.11,-0.98,0.58,-0.12
3.2778,6,-0.957,-0.01,0.23,-0.18,36.88,-25.78,-4.65,-0.06,0.01,0.03,3.99,3.97,-5.95,7.78,0.4,-0.06,0.95
3.3172,0,0.322,0.01,-0.03,-0.95,231.66,-0.61,3.84,-0.05,-0.06,-0.05,4.09,-3.51,12.97,-4.27,0.01,-0.02,0.94
3.3188,7,0.988,0.06,-0.14,0.01,14.37,-16.04,6.72,0.04,-0.02,-0,0,1.83,0.76,16.48,0.32,0.14,0.94
3.3242,1,0.226,-0.12,-0.01,-0.97,220.52,-13.64,-1.5,-0.06,-0.02,-0.02,4.09,-1.83,0.61,-0.76,0.27,-0.09,0.94
3.3258,5,0.27,0.69,0.55,0.38,97.99,-13.5,125.25,0.56,0.32,0.55,4.07,4.58,6.87,-0.31,0.11,1.48,-0.45
3.3495,2,0.461,-0.17,0.75,-0.45,246.51,32.25,-102.11,0.02,-0.05,-0.19,4.09,9,-5.04,5.8,-0.48,-0.65,-0.17
3.3513,4,0.29,-0.69,0.59,-0.3,290.81,-3.95,-130.76,0.13,0.16,0.06,3.99,11.6,9.16,55.85,0.04,-0.84,-0.6
3.3873,3,0.414,0.06,0.83,0.37,162.24,39.98,120.03,0.1,0.08,-0.07,3.99,14.04,-12.66,14.5,-0.71,0.57,-0.35
3.3891,6,-0.955,-0.01,0.23,-0.19,37.51,-26.2,-4.5,0.08,0.02,-0.02,3.99,3.81,-0.76,3.36,0.47,-0.11,0.84
3.4173,0,0.321,0.02,-0.03,-0.95,231.56,0.72,3.73,0.01,-0.03,0.01,4.09,-1.07,7.32,1.22,-0.03,0.03,1.02
3.4189,7,0.988,0.06,-0.14,0.02,15.2,-15.94,6.79,-0.04,-0.02,-0.08,0,0.76,0.31,0.31,0.22,0.13,0.89
3.4248,1,0.229,-0.12,-0.01,-0.97,220.95,-13.58,-1.76,0.09,0.02,0.07,4.09,2.9,-2.29,10.22,0.17,0.03,1.06
3.4266,5,0.271,0.68,0.56,0.39,99.64,-13.22,124.35,0.14,-0.02,-0.04,4.07,-11.14,14.5,-9,0.26,0.86,-0.39
3.4414,3,0.43,0.06,0.82,0.36,160.67,41.76,119.59,0.24,0.06,-0.05,3.99,4.88,-7.63,23.04,-0.74,0.62,-0.32
3.443,4,0.297,-0.67,0.6,-0.3,288.91,-2.79,-129.85,0.23,-0.03,-0.09,3.99,4.27,8.54,-30.67,0.03,-0.86,-0.4
3.4884,2,0.461,-0.17,0.75,-0.45,246.49,32.25,-101.73,0.08,0.03,0.03,4.09,-0.46,6.26,43.49,-0.57,-0.83,-0.1
3.4901,6,-0.954,-0.01,0.23,-0.19,37.62,-26.52,-4.54,0.04,0.02,-0.02,3.99,-0.61,-3.2,0.92,0.46,-0.1,0.86
3.5183,0,0.323,0.03,-0.02,-0.95,231.87,2.13,3.37,0.01,-0.03,-0.02,4.09,-1.07,10.99,4.73,-0.07,0.07,0.99
3.52,7,0.988,0.06,-0.14,0.01,14.72,-16.22,7.05,0.03,-0.01,-0.01,0,0.76,-3.97,-9.61,0.31,0.12,0.94
3.5245,1,0.236,-0.11,-0.01,-0.97,221.76,-12.95,-1.59,-0.01,0.01,-0.09,4.09,0,1.83,2.44,0.22,-0.03,0.88
3.5263,5,0.269,0.67,0.56,0.4,100.96,-13.36,123.76,0.22,0.02,-0.05,4.07,-8.09,3.2,10.99,0.21,0.89,-0.33
3.5495,3,0.44,0.06,0.82,0.35,159.63,42.82,119.5,0.12,-0.07,-0.03,3.99,9.46,-8.39,-20.9,-0.71,0.58,-0.19
3.5512,4,0.291,-0.67,0.62,-0.3,287.39,-2.49,-130.47,0.41,-0.11,0.13,3.99,-18.16,0,83.16,-0.05,-1.13,-0.4
3.5884,2,0.47,-0.15,0.75,-0.44,245.48,34.75,-101.75,0.1,0.07,-0.05,4.09,7.78,-5.65,-6.26,-0.57,-0.77,-0.04
3.5899,6,-0.952,-0.01,0.24,-0.2,38.62,-26.77,-5.06,-0.01,0.03,0.01,3.99,4.88,-2.59,19.38,0.43,-0.09,0.91
3.6413,0,0.325,0.04,-0.02,-0.94,232.08,3.77,3.48,0.02,-0.05,-0.08,4.09,0.46,7.17,0.31,-0.1,0.03,0.91
3.6428,7,0.988,0.06,-0.14,0.01,14.14,-16.39,7.13,-0.03,0.05,0.01,0,0.31,-0.15,-0.46,0.26,0.07,0.96
3.6469,1,0.237,-0.11,-0.01,-0.96,221.81,-13.04,-1.55,0.02,-0.02,0.05,4.09,-0.15,-1.98,0.46,0.21,-0.04,1.03
3.6484,5,0.274,0.67,0.58,0.37,101.36,-10.56,125.33,0.69,0.33,-0.15,4.07,72.48,-18.77,-120.09,-0.14,1.06,0.07
3.6527,3,0.45,0.05,0.82,0.35,159.93,44.56,119.07,0.14,0.03,-0.06,3.99,-19.53,0,-22.43,-0.71,0.5,-0.25
3.6542,4,0.285,-0.6,0.71,-0.23,277.44,7.71,-137.92,0.47,-0.22,-0.54,3.99,-102.23,2.59,156.56,-0.32,-0.58,0
3.6774,2,0.473,-0.15,0.74,-0.45,245.83,34.79,-100.57,0.05,-0.01,-0.11,4.09,12.66,-6.71,-0.76,-0.52,-0.65,-0.1
3.6792,6,-0.95,-0.01,0.24,-0.2,39.62,-26.99,-5.25,0.04,0.06,-0.04,3.99,5.8,-4.43,19.68,0.45,-0.15,0.84
3.7363,0,0.323,0.04,-0.02,-0.95,231.86,4.07,3.6,-0.04,-0.02,0.01,4.09,3.81,-6.41,-4.88,-0.05,0.02,1
3.738,7,0.988,0.06,-0.14,0.01,13.87,-16.53,7.23,0.02,-0.03,-0.03,0,0.61,-5.65,-5.95,0.3,0.15,0.91
3.7439,1,0.24,-0.11,-0.02,-0.96,222.18,-12.85,-1.43,-0.01,0,-0,4.09,4.43,-4.12,4.43,0.24,-0.02,0.96
3.7457,5,0.286,0.63,0.67,0.27,107.12,2.78,133.77,0.67,-0.32,-0.7,4.07,109.1,-59.66,-147.55,0.29,0.74,0.28
3.7507,3,0.443,0.05,0.8,0.4,157.93,41.83,112.54,0.32,0.26,-0.45,3.99,-108.18,5.49,126.04,-0.68,0.14,-0.06
3.7526,4,0.241,-0.55,0.79,-0.12,267.28,14.18,-151.69,0.53,0.25,-0.71,3.99,-116.58,14.8,158.39,0.09,-0.82,-0.02
3.7918,2,0.462,-0.17,0.72,-0.49,247.94,29.44,-95.7,0.2,-0.15,-0.29,4.09,75.38,2.9,-118.56,-0.57,-0.54,0.04
3.7943,6,-0.944,-0.01,0.24,-0.23,42.34,-27.37,-5.79,-0.03,-0.03,-0.11,3.99,4.73,-10.68,30.36,0.39,-0.03,0.79
3.8453,0,0.32,0.04,-0.02,-0.95,231.57,3.8,4.03,-0.06,-0.03,-0.04,4.09,4.58,-12.36,5.95,-0.03,0.01,0.96
3.8468,7,0.986,0.06,-0.15,0,13.21,-17.35,7.6,0.04,-0.02,-0.12,0,4.12,-12.21,5.04,0.33,0.22,0.79
3.8521,1,0.243,-0.11,-0.02,-0.96,222.54,-13.29,-1.05,-0.06,-0,-0.04,4.09,3.2,-8.39,3.97,0.26,-0.04,0.94
3.8535,5,0.328,0.49,0.79,0.14,122.95,22.74,144.23,-0.3,-0.18,-0.83,4.07,-7.32,-49.44,-124.66,0.09,0.07,-0.45
3.858,3,0.396,0.05,0.74,0.55,157.2,31.67,96.06,0.41,-0.24,-0.32,3.99,-199.89,22.74,60.12,-0.52,0.55,0.43
3.8597,4,0.221,-0.35,0.91,-0.01,238.72,23.3,-169.09,-0.04,0.16,-0.54,3.99,-16.78,16.94,170.14,-0.09,-0.19,-0.45
3.8795,2,0.423,-0.15,0.65,-0.61,244.11,21.8,-83.94,0.26,0.19,-0.24,4.09,172.73,46.54,-25.18,-0.3,-0.65,0.41
3.8811,6,-0.935,-0.01,0.25,-0.25,45.85,-28.21,-7.36,-0.02,0.02,-0.03,3.99,5.65,-13.89,49.13,0.42,-0.04,0.88
3.9494,0,0.327,0.03,-0.03,-0.94,232.39,2.04,4.42,0.05,-0.03,-0.03,4.09,-0.61,-36.32,13.89,-0.1,0.06,0.96
3.951,7,0.984,0.08,-0.16,-0,11.98,-18.59,9.19,0.01,0.13,-0.07,0,5.04,-7.48,-10.07,0.27,-0.06,0.95
3.9563,1,0.249,-0.12,-0.02,-0.96,223.2,-13.82,-0.76,-0.1,-0.06,-0.16,4.09,8.85,-4.43,13.12,0.26,-0.12,0.79
3.9579,5,0.42,0.46,0.76,0.18,118.85,28.36,131.39,-0.27,-0.13,-0.26,4.07,-224,-99.03,129.85,-0.19,0.42,-0.64
3.9618,3,0.376,-0.02,0.61,0.69,159.12,29.1,73.75,0.06,-0.35,0.04,3.99,-293.73,19.84,-51.57,-0.4,0.79,0.59
3.9633,4,0.276,-0.31,0.91,-0.05,235.77,28.23,-163.05,-0.5,0.06,-0.12,3.99,187.99,-116.88,-64.09,-0.05,-0,-1
3.9831,2,0.375,-0.08,0.55,-0.74,236.31,17.42,-66.64,0.21,0.47,0.12,4.09,259.25,66.38,-87.13,-0.19,-0.86,0.89
3.9847,6,-0.93,-0.01,0.26,-0.27,48.06,-28.55,-8.26,0.08,0.04,0.08,3.99,-4.73,1.53,6.56,0.54,-0.22,0.91
4.0428,0,0.332,0,-0.04,-0.94,232.79,-1.43,4.58,-0.11,0.15,-0.12,4.09,1.98,-28.53,1.83,0.21,0.15,0.87
4.0446,7,0.983,0.07,-0.17,-0.01,11.32,-19.06,9.13,0.1,0.11,0.14,0,3.66,0.31,6.56,0.35,0.1,0.98
4.0484,1,0.263,-0.12,-0.03,-0.96,224.88,-13.84,-0.43,0.12,0.02,0.02,4.09,0.92,7.48,15.87,0.16,0.05,0.99
4.0499,5,0.52,0.46,0.59,0.4,105.73,14.01,97.85,-0.02,-0.3,0.06,4.07,-330.35,-48.83,196.23,0.02,1.07,-0.12
4.0535,3,0.391,-0.14,0.42,0.81,156.06,33.6,43.65,-0.44,-0.1,0.57,3.99,-269.47,-32.35,-140.08,-0.46,1.18,0.89
4.0549,4,0.452,-0.31,0.79,-0.28,255.63,32.93,-121.52,0.14,-0,-0.18,3.99,404.21,-174.71,-109.25,-0.49,-0.59,-0.22
4.0795,2,0.336,0.05,0.37,-0.87,229.27,19.93,-39.37,-0.07,0.15,0.47,4.09,328.67,63.63,82.55,-0.39,-0.85,1.16
4.0813,6,-0.929,-0,0.25,-0.27,48.65,-27.87,-8.7,0,-0.12,0.21,3.99,-2.75,7.02,-16.48,0.65,-0.07,1.07
4.1482,0,0.335,-0.02,-0.05,-0.94,233.04,-4.07,4.84,-0.06,-0.1,0.1,4.09,-0.46,-14.04,3.81,0.1,0.01,1.15
4.1499,7,0.983,0.07,-0.17,-0,12.04,-19.11,8.92,-0.01,0.13,0.16,0,-1.98,7.78,6.1,0.34,0.06,1.08
4.1535,1,0.279,-0.12,-0.03,-0.95,226.74,-14.3,-0.25,0.09,-0.02,0.15,4.09,7.17,-12.36,9,0.19,0.05,1.16
4.1548,5,0.593,0.38,0.38,0.6,104.13,-0.55,65.45,-0.02,0.07,0.78,4.07,-290.07,-13.89,17.09,-0.05,1.57,0.74
4.1594,3,0.509,-0.21,0.23,0.8,132.64,34.43,10.42,-0.13,0.07,0.23,3.99,-113.37,-79.8,-123.75,-0.64,0.31,0.92
4.161,4,0.647,-0.21,0.57,-0.47,278.69,32.59,-70.78,0.41,-0.36,0.33,3.99,348.82,-236.51,134.58,-1.06,-0.62,0.76
4.1825,0,0.325,-0.02,-0.05,-0.94,231.86,-4.07,4.11,0.02,0.11,0.07,4.09,-9.92,-2.44,-27.92,0.13,0.19,1.02
4.1841,6,-0.937,0,0.24,-0.25,46.09,-26.63,-8.18,0.16,-0.03,-0.04,3.99,-2.14,8.54,-19.53,0.56,-0.19,0.8
4.2414,2,0.418,0.16,0.12,-0.89,243.57,22.92,-5.2,-0.36,-0.2,0.08,4.09,200.04,-102.54,122.83,-0.38,-0.4,0.98
4.2434,7,0.984,0.07,-0.16,-0.01,11.67,-18.69,8.78,0.08,0.04,0,0,-1.98,6.1,1.22,0.38,0.12,0.9
4.2473,1,0.286,-0.12,-0.04,-0.95,227.59,-14.74,-0.19,-0.04,0.11,0.22,4.09,-8.85,-25.79,-11.9,0.38,0.06,1.15
4.2487,5,0.65,0.26,0.21,0.68,105.24,-5.11,38.4,0.02,0.29,0.51,4.07,-229.49,10.83,80.87,-0.15,0.92,1.23
4.2526,3,0.584,-0.19,0.12,0.78,119.93,25.82,-1.97,-0.21,0.08,0.14,3.99,24.72,-93.99,-122.83,-0.51,0.18,1.02
4.2542,4,0.769,-0.1,0.31,-0.55,296.58,21.64,-32.06,0.35,0.03,0.72,3.99,255.74,-174.71,-50.96,-0.52,-0.54,1.63
4.294,2,0.481,0.14,0.02,-0.87,252.93,14.53,6.24,-0.4,-0.19,0.1,4.09,-34.33,-58.75,149.23,-0.21,-0.27,1.06
4.2957,6,-0.941,0,0.24,-0.24,44.55,-26.38,-7.78,-0.02,-0.02,-0,3.99,-7.32,5.49,-23.19,0.43,-0.12,0.89
4.3513,0,0.302,-0.02,-0.04,-0.95,229.13,-3.32,3.61,-0.08,-0.03,-0.06,4.09,-8.54,19.07,-37.38,0.1,-0.01,0.93
4.3529,7,0.985,0.07,-0.16,-0.02,10.73,-18.12,8.5,-0.06,0,0.03,0,-3.81,4.12,-9.31,0.27,0.15,0.97
4.3587,1,0.276,-0.13,-0.04,-0.95,226.5,-15.79,-0.27,-0.01,0.04,0.03,4.09,-8.09,-14.95,-15.11,0.3,0.02,1.01
4.3611,5,0.656,0.13,0.11,0.74,110.15,-2.77,19.52,-0.09,0.09,0.52,4.07,-102.84,86.21,34.48,-0.04,0.66,1.41
4.3661,3,0.702,-0.12,0.09,0.69,103.03,17.54,-2.63,0.17,-0.22,-0,3.99,84.38,-57.37,-162.66,-0.08,-0.23,1.01
4.3682,4,0.715,-0.05,0.13,-0.68,285.62,7.36,-14.5,-0.61,-0.19,0.35,3.99,57.53,-9.77,-87.43,-0.33,-0.78,1.02
4.3845,2,0.588,0.08,0.04,-0.8,266.46,9.85,1.58,-0.05,0.15,0.06,4.09,-104.83,-17.55,103.61,-0.02,0.01,1.07
4.3861,6,-0.945,0.01,0.23,-0.23,43.17,-25.85,-7.6,-0.02,-0.02,-0,3.99,-2.59,2.44,-6.87,0.42,-0.08,0.9
4.4344,0,0.289,-0.02,-0.03,-0.96,227.57,-3.26,3.2,0.09,-0.12,0.07,4.09,-4.88,10.83,-19.38,-0.08,-0.01,1.08
4.4359,7,0.986,0.07,-0.15,-0.02,10.59,-17.6,8.25,0.01,-0.01,-0.01,0,-1.37,3.81,1.83,0.31,0.15,0.93
4.4397,1,0.266,-0.14,-0.03,-0.95,225.27,-16.39,-0.59,-0.03,-0.04,-0.02,4.09,-4.12,2.29,-8.54,0.28,-0.08,0.92
4.4417,5,0.645,0.07,0.11,0.75,113.16,1.6,14.93,-0.06,0.05,0.01,4.07,26.86,-10.83,51.42,-0.07,0.34,0.98
4.4587,3,0.761,-0.06,0.09,0.64,94.38,12.04,1.55,0.33,0.07,0.15,3.99,49.59,-41.66,-25.94,-0.28,-0.31,1.14
4.4605,4,0.758,-0.05,0.12,-0.64,293.08,6.6,-13.79,-0.17,-0.1,0.01,3.99,-31.13,-20.14,225.83,-0.18,-0.36,0.92
4.4965,2,0.654,0.04,0.07,-0.75,275.8,8.18,-2.88,0.43,0.08,0.16,4.09,5.95,-14.8,78.58,-0.15,0.38,1.16
4.4981,6,-0.946,0.01,0.23,-0.23,42.69,-25.62,-7.5,-0.01,-0,0,3.99,-1.98,0.46,0.92,0.43,-0.11,0.9
4.5543,0,0.282,-0.02,-0.03,-0.96,226.72,-3.2,2.89,-0.16,0.01,0.03,4.09,3.66,12.21,7.17,0.15,-0,1.02
4.556,7,0.986,0.06,-0.15,-0.02,10.62,-17.3,8.03,-0.01,0.01,0,0,-3.81,3.2,-1.98,0.28,0.11,0.96
4.5604,1,0.261,-0.14,-0.03,-0.95,224.77,-16.59,-1.1,-0.06,-0.04,-0.01,4.09,-3.05,-2.29,-3.97,0.3,-0.07,0.94
4.5621,5,0.634,0.11,0.12,0.76,113.99,-0.61,18.81,-0.01,-0.05,-0.01,4.07,36.01,-12.97,-36.77,0.06,0.31,0.94
4.566,3,0.752,-0.05,0.09,0.65,96.05,11.7,2.63,0.03,-0,0.02,3.99,-25.18,30.98,39.22,-0.19,0.05,1
4.5676,4,0.831,-0.07,0.14,-0.53,307.36,9.01,-15.02,0.09,0.05,0.01,3.99,-42.27,3.36,47,-0.08,-0.2,0.99
4.5884,2,0.669,0.05,0.06,-0.74,278.25,8.55,-1.1,-0.15,0.01,-0.04,4.09,0.76,18.92,24.41,-0.13,-0.16,0.96
4.59,6,-0.947,0.01,0.23,-0.23,42.59,-25.42,-7.57,-0.05,0.03,-0.01,3.99,-0.46,1.83,-1.07,0.38,-0.12,0.91
4.6463,0,0.288,-0.02,-0.03,-0.96,227.49,-2.72,2.86,-0.03,0.03,-0.06,4.09,-0.46,-1.83,0.76,0.06,0.05,0.95
4.6483,7,0.987,0.06,-0.15,-0.03,9.78,-16.73,7.74,0.01,0,-0,0,-4.58,3.36,-13.12,0.3,0.12,0.94
4.653,1,0.258,-0.15,-0.03,-0.95,224.52,-17.17,-1.52,-0.03,0.01,-0.01,4.09,-3.2,-4.43,-3.2,0.33,-0.03,0.94
4.6553,5,0.637,0.12,0.14,0.75,113.09,-0.56,21.18,0.1,-0.06,-0.04,4.07,20.6,9.31,22.89,0.05,0.25,0.93
4.6623,3,0.741,-0.07,0.1,0.66,97.81,13.81,2.21,-0.05,-0.13,-0.05,3.99,15.56,18.01,16.63,-0.11,0.11,0.94
4.6643,4,0.836,-0.09,0.15,-0.52,308.73,8.98,-17.91,0.12,0.1,0.01,3.99,-44.86,10.68,-18.62,-0.02,-0.25,0.99
4.7014,2,0.698,0.06,0.08,-0.71,282.94,10.68,-1.62,0.03,0.14,-0.03,4.09,-25.94,22.13,19.23,-0.05,0.01,0.98
4.703,6,-0.948,0.01,0.22,-0.23,42.6,-24.95,-7.52,-0.03,0.02,-0,3.99,1.83,2.44,0.76,0.39,-0.12,0.91
4.7554,0,0.289,-0.02,-0.03,-0.96,227.64,-3.36,2.63,-0.05,0,0,4.09,-1.07,-5.49,5.65,0.1,0.02,1
4.7573,7,0.987,0.06,-0.14,-0.04,8.92,-16.14,7.5,0,0.01,0.01,0,-2.75,5.95,-3.81,0.28,0.11,0.96
4.7628,1,0.255,-0.16,-0.03,-0.95,224.25,-18.05,-1.72,-0.02,0,-0,4.09,-0.92,-8.39,-0.31,0.33,-0.04,0.95
4.7643,5,0.617,0.13,0.14,0.76,116.01,-1.05,21.91,0.07,-0.06,0.03,4.07,9.92,0.15,21.82,0.06,0.31,0.99
4.7683,3,0.728,-0.05,0.12,0.67,100.25,14.07,5.58,-0.04,-0.08,-0.02,3.99,35.71,-3.81,23.96,-0.17,0.14,0.97
4.7698,4,0.821,-0.12,0.16,-0.54,306.29,7.35,-21.42,0.08,0.06,0,3.99,-40.13,-3.97,-10.68,-0.04,-0.32,0.95
4.7895,2,0.703,0.04,0.1,-0.7,283.65,11.44,-4.42,-0.03,0.07,0.01,4.09,-27.62,0,19.07,-0.13,-0.12,1
4.7927,6,-0.948,0.01,0.22,-0.23,42.76,-24.66,-7.41,-0.01,0.01,0,3.99,3.05,2.14,3.66,0.4,-0.12,0.91
4.8334,0,0.297,-0.03,-0.03,-0.95,228.57,-3.93,2.49,-0.06,0.02,0.01,4.09,0,0.15,9.31,0.13,0.04,1
4.835,7,0.988,0.06,-0.14,-0.04,8.77,-15.57,7.27,0,0,-0.01,0,-2.75,5.04,-0.15,0.27,0.12,0.95
4.84,1,0.256,-0.16,-0.03,-0.95,224.48,-18.66,-1.89,-0.03,-0,-0,4.09,1.37,-3.2,4.73,0.34,-0.05,0.94
4.8421,5,0.616,0.14,0.14,0.76,115.76,-2.4,22.48,0.1,-0.02,0.02,4.07,14.19,-25.48,-15.56,0.04,0.3,0.99
4.8655,3,0.723,-0.02,0.13,0.68,101.31,12.47,8.7,0.03,0,0.04,3.99,24.87,-9.92,4.58,-0.22,0.12,1.01
4.8673,4,0.826,-0.14,0.15,-0.52,307.96,6.06,-23.28,0.14,0.01,-0.03,3.99,-24.41,-15.26,25.48,-0.03,-0.27,0.94
4.9033,2,0.721,0.02,0.11,-0.68,286.41,10.83,-6.53,0.03,0.07,-0,4.09,-21.21,-5.34,17.55,-0.13,-0.07,0.99
4.9049,6,-0.948,0.01,0.22,-0.23,42.83,-24.24,-6.99,0,0.02,0.01,3.99,7.48,4.88,-0.92,0.4,-0.13,0.9
4.9329,0,0.304,-0.03,-0.03,-0.95,229.45,-4.07,2.42,-0.05,0.03,0.01,4.09,0.31,2.9,8.85,0.13,0.03,1
4.9349,7,0.989,0.05,-0.14,-0.04,8.88,-15.29,6.99,-0.02,0.01,-0,0,-1.53,3.05,2.14,0.24,0.11,0.96
4.9389,1,0.261,-0.16,-0.03,-0.95,225.11,-18.99,-1.95,-0.03,0,0.01,4.09,1.98,0,5.65,0.36,-0.04,0.94
4.9399,5,0.635,0.16,0.13,0.75,112.49,-3.58,23.39,0.17,0.07,-0.03,4.07,6.1,-21.82,-25.33,-0.03,0.24,0.95
4.9579,3,0.728,-0.01,0.13,0.67,100.55,11.6,9.64,0.07,-0.01,0.01,3.99,0.76,-5.65,-5.8,-0.18,0.09,0.99
4.9599,4,0.839,-0.15,0.14,-0.5,311.12,4.8,-23.37,0.11,-0.02,-0.01,3.99,-7.02,-24.72,33.72,-0.05,-0.29,0.94
5.0049,2,0.73,0.01,0.11,-0.67,287.93,9.98,-7.61,-0.02,0.06,0,4.09,-10.83,-9,21.21,-0.12,-0.15,0.99
5.0059,6,-0.948,0,0.21,-0.24,43.57,-23.87,-6.54,0,-0.01,-0.01,3.98,3.97,0.46,5.34,0.4,-0.1,0.9
5.0349,0,0.31,-0.03,-0.03,-0.95,230.14,-4.05,2.44,-0.05,0,0,4.09,0.31,0,6.1,0.11,0.01,0.99
5.0369,7,0.989,0.05,-0.13,-0.03,9.27,-14.96,6.74,-0.01,-0,-0,0,-0.15,1.53,3.51,0.25,0.11,0.96
5.0409,1,0.266,-0.16,-0.03,-0.95,225.63,-19.08,-1.97,-0.02,0,0,4.09,1.98,2.44,5.04,0.35,-0.04,0.93
5.0429,5,0.642,0.16,0.12,0.74,111.37,-4.35,22.69,0.12,0.08,-0.01,4.07,-10.22,-0.92,12.05,-0.02,0.3,0.96
5.0649,3,0.726,-0.01,0.12,0.68,100.83,10.87,9.27,-0.01,-0.04,-0.02,3.99,-3.05,-4.43,7.32,-0.15,0.17,0.96
5.0669,4,0.858,-0.15,0.12,-0.48,315.49,3.2,-22.05,0.06,-0.07,-0.01,3.99,7.32,-25.18,28.08,-0.08,-0.29,0.95
5.0889,2,0.745,0,0.1,-0.66,290.37,9.09,-7.67,0.03,0.01,-0,4.09,0.92,-9,16.78,-0.14,-0.1,0.98
5.0909,6,-0.947,0,0.21,-0.24,43.79,-23.89,-6.51,-0.03,0,-0,3.99,-0.46,0,1.83,0.38,-0.09,0.92
5.1469,0,0.317,-0.03,-0.03,-0.95,230.92,-4.23,2.39,-0.05,0,0,4.09,1.37,0,10.22,0.12,0.01,1
5.1489,7,0.99,0.05,-0.13,-0.03,9.73,-14.83,6.6,-0.02,0,-0,0,0.15,0,3.81,0.24,0.11,0.96
5.1519,1,0.27,-0.16,-0.03,-0.95,226.2,-19.18,-1.97,-0.02,0.01,-0.01,4.09,1.83,-1.37,3.66,0.34,-0.03,0.93
5.1539,5,0.635,0.14,0.11,0.75,112.88,-3.88,20.66,0.03,0.07,0.03,4.07,-21.36,15.41,12.51,-0.01,0.34,0.97
5.1699,3,0.722,-0,0.12,0.68,101.5,9.98,8.96,-0.01,-0.01,0.01,3.99,-6.87,-3.36,15.11,-0.16,0.16,0.99
5.1719,4,0.859,-0.15,0.1,-0.48,315.23,1.89,-20.35,-0.06,-0.13,-0,3.99,5.04,11.29,-80.87,-0.17,-0.33,0.94
5.1929,2,0.753,0,0.09,-0.65,291.77,8.27,-6.72,0,0.02,0,4.09,11.29,-6.87,8.85,-0.12,-0.11,0.99
5.1949,6,-0.947,0,0.21,-0.24,43.75,-23.88,-6.6,-0,-0.01,-0.01,3.98,-3.05,-0.46,0,0.4,-0.1,0.9
5.2529,0,0.325,-0.03,-0.03,-0.94,231.98,-4.24,2.48,-0.04,0.02,0.01,4.09,1.83,1.68,9.46,0.11,0.03,1
5.2549,7,0.99,0.05,-0.13,-0.03,10.14,-14.84,6.52,0,0.01,-0,0,0.15,-1.07,3.05,0.26,0.1,0.96
5.2589,1,0.273,-0.16,-0.03,-0.95,226.53,-19.2,-1.92,-0.01,0,-0,4.09,1.07,0.76,2.14,0.34,-0.03,0.93
5.2609,5,0.626,0.12,0.11,0.76,114.87,-2.43,18.67,-0.04,0.05,0.03,4.07,-17.24,23.5,8.24,0,0.37,0.96
5.2649,3,0.715,-0.01,0.11,0.69,102.69,9.41,8.3,-0.01,0.01,0.02,3.99,-12.05,1.53,9.16,-0.17,0.15,0.99
5.2659,4,0.845,-0.14,0.1,-0.51,311.79,1.86,-19.37,-0.04,0.02,0.01,3.99,13.28,8.39,51.88,-0.03,-0.36,0.93
5.3079,2,0.756,0.01,0.08,-0.65,292.38,7.6,-5.58,0.01,0.01,0.02,4.09,2.9,-0.46,-11.9,-0.13,-0.1,1.02
5.3099,6,-0.947,0,0.22,-0.24,43.8,-23.98,-7.02,0,0.01,-0,3.98,-4.27,-0.76,-0.31,0.4,-0.13,0.9
5.3609,0,0.332,-0.03,-0.03,-0.94,232.71,-4.21,2.74,-0.02,0.01,-0,4.09,0.76,-0.92,2.44,0.1,0.04,0.99
5.3629,7,0.99,0.05,-0.13,-0.03,10.29,-15.07,6.43,-0,0,-0,0,-0.46,-2.14,1.68,0.26,0.1,0.96
5.3669,1,0.275,-0.16,-0.03,-0.95,226.75,-19.26,-1.86,-0.01,0,0,4.09,0.46,1.22,0.15,0.34,-0.03,0.94
5.3679,5,0.621,0.1,0.11,0.77,116.2,-0.56,17.27,-0.02,-0.03,0.02,4.07,-8.09,22.74,23.65,0.04,0.34,0.98
5.3719,3,0.711,-0.01,0.1,0.7,103.39,9.6,7.3,-0.02,0,0.01,3.99,-7.02,8.24,7.02,-0.17,0.14,0.98
5.3729,4,0.863,-0.11,0.1,-0.48,315.25,3.25,-16.86,0.01,0.02,-0.01,3.99,19.99,7.48,-0.76,-0.03,-0.3,0.95
5.3949,2,0.753,0.01,0.08,-0.65,291.88,7.84,-5.77,-0.02,0.02,0.01,4.09,-0.61,7.32,6.26,-0.13,-0.12,1
5.3969,6,-0.946,0.01,0.22,-0.24,43.95,-24.2,-7.46,0.02,0.01,-0,3.98,-1.53,-3.05,3.36,0.41,-0.13,0.89
5.4529,0,0.333,-0.03,-0.04,-0.94,232.87,-4.31,2.85,-0.05,-0.01,0,4.09,0.61,0,2.75,0.11,0.01,1
5.4549,7,0.989,0.05,-0.13,-0.02,10.53,-15.24,6.27,0.01,0,-0,0,-0.76,-1.83,3.05,0.27,0.1,0.95
5.4599,1,0.274,-0.16,-0.03,-0.95,226.65,-19.1,-1.81,-0.02,-0.01,-0,4.09,0.76,2.14,-0.31,0.33,-0.05,0.94
5.4629,5,0.609,0.09,0.12,0.78,118.19,0.59,16.88,-0.04,-0.05,0.01,4.07,1.37,12.05,16.78,0.05,0.32,0.95
5.4669,3,0.707,-0.02,0.11,0.7,104.06,10.19,7.01,0.01,-0.01,0.01,3.99,-1.98,7.32,11.14,-0.16,0.11,0.99
5.4689,4,0.861,-0.1,0.09,-0.49,314.21,3.33,-15.17,-0.05,0.06,0,3.99,12.82,4.27,-10.68,-0.03,-0.33,0.95
5.4919,2,0.755,0.01,0.09,-0.65,292.22,8.54,-5.82,0.03,0.03,-0.01,4.09,2.14,4.88,-0.76,-0.11,-0.08,0.98
5.4939,6,-0.944,0.01,0.22,-0.24,44.57,-24.5,-7.81,0.01,0,0.01,3.98,-0.61,-4.43,5.49,0.42,-0.13,0.9
5.5689,0,0.336,-0.03,-0.04,-0.94,233.27,-4.5,2.93,-0.04,-0.01,0,4.09,0.31,-2.59,2.29,0.1,0.02,1
5.5709,7,0.989,0.05,-0.14,-0.02,10.75,-15.56,6.14,-0.01,0,-0.01,0,-0.76,-1.53,1.83,0.26,0.1,0.96
5.5759,1,0.276,-0.16,-0.03,-0.95,226.8,-18.92,-1.7,-0.01,-0,0,4.09,1.68,3.66,1.37,0.33,-0.04,0.94
5.5779,5,0.599,0.09,0.12,0.79,119.51,0.51,17.36,-0.02,-0.06,0,4.07,9.31,-3.2,5.8,0.05,0.31,0.95
5.5819,3,0.7,-0.02,0.11,0.71,105.14,10.54,7.28,-0,-0.01,-0,3.99,2.44,4.27,7.02,-0.17,0.13,0.97
5.5839,4,0.858,-0.1,0.09,-0.5,313.53,2.95,-14.52,-0.07,0.05,0.01,3.99,2.14,-3.81,0.31,-0.04,-0.34,0.95
5.5939,2,0.751,0.01,0.09,-0.65,291.43,8.51,-5.47,0,0.02,0,4.09,4.73,0.92,-10.22,-0.13,-0.1,0.99
5.5959,6,-0.943,0.01,0.22,-0.25,45.19,-24.75,-8.11,-0.02,0,0,3.98,-0.61,-2.29,3.05,0.4,-0.12,0.91
5.6719,0,0.337,-0.03,-0.04,-0.94,233.34,-4.87,2.82,-0.04,-0,0,4.09,-0.61,-4.88,1.68,0.11,0.02,0.99
5.6729,7,0.989,0.05,-0.14,-0.02,10.87,-15.68,6.05,-0,-0,0,0,0,-1.68,0,0.27,0.1,0.96
5.6789,1,0.278,-0.16,-0.03,-0.95,227.05,-18.64,-1.49,-0.01,-0.01,-0.01,4.09,1.68,1.68,1.37,0.32,-0.03,0.94
5.6799,5,0.596,0.1,0.12,0.79,119.75,-0.37,18.29,0.01,-0.04,0.01,4.07,11.14,-14.34,-0.31,0.04,0.3,0.96
5.6839,3,0.697,-0.02,0.11,0.71,105.67,10.52,7.82,-0.01,-0.01,-0.01,3.99,6.56,-1.68,2.29,-0.17,0.15,0.97
5.6859,4,0.858,-0.1,0.08,-0.5,313.63,2.25,-14.63,-0.1,0,0.01,3.99,-3.81,-5.65,2.75,-0.09,-0.34,0.95
5.7019,2,0.747,0.02,0.08,-0.66,290.83,8.24,-5.01,-0.01,0.02,0,4.09,5.19,-1.68,-4.43,-0.12,-0.1,0.99
5.7029,6,-0.942,0.01,0.23,-0.25,45.19,-24.97,-8.29,0.02,0,0,3.98,-1.53,-1.07,-0.76,0.43,-0.14,0.89
5.7629,0,0.339,-0.04,-0.04,-0.94,233.59,-5.41,2.71,-0.03,0,0.01,4.09,-0.61,-3.51,1.53,0.12,0.03,1.01
