0,6,0.99,-0.01,-0.08,-0.11,0.9,-8.89,-0.69,0.01,0,0,3.64,0.15,-0.31,0,0.17,-0.01,0.99
0.0053,7,-0.935,0.03,0.07,0.35,333.5,-9.25,-0.56,-0,0,0.01,3.41,0,-0.15,-0.15,0.16,-0.01,1
0.0067,1,-0.005,-0.21,-0.02,-0.98,192.97,-24.22,2.33,0,0,0.02,3.88,0,0.15,0.15,0.42,0.04,0.93
0.0305,5,0.909,0.08,0.16,0.38,61.04,12.95,15.49,0,-0,0.02,3.67,0.15,0,0.61,-0.23,0.27,0.96
0.032,2,0.889,0.09,0.03,-0.45,321.28,8.14,7.95,-0,-0,0.01,3.78,-0.15,0.31,-0.76,-0.14,0.14,0.99
0.0882,3,1,0,0,0,0,0,0,0,0,0,3.94,0,0,0,0,0,0
0.0897,6,0.99,-0.01,-0.08,-0.11,0.9,-8.96,-0.67,0.01,0,-0,3.64,0.15,-0.31,0.31,0.16,-0.01,0.99
0.0934,4,-0.936,0.09,-0.16,0.3,336.69,14.02,-16.19,0,-0.01,0,0,0,0,0,0,0,0
0.095,1,-0.005,-0.21,-0.02,-0.98,193.01,-24.23,2.35,0,0,0.01,3.89,0.15,0.46,0.46,0.41,0.03,0.92
0.1175,5,0.909,0.08,0.16,0.38,60.94,12.9,15.54,0,0,0.02,3.67,0.15,0,0,-0.22,0.27,0.96
0.1196,2,0.89,0.09,0.03,-0.45,321.34,8.16,7.85,0,-0,0,3.78,-0.15,0.31,0.31,-0.14,0.14,0.98
0.1963,3,1,0,0,0,0,0,0,0,0,0,3.93,0,0,0,0,0,0
0.1977,6,0.99,-0.01,-0.08,-0.11,0.94,-9.02,-0.67,0.01,0,0,3.64,0,0,-0.61,0.16,-0.01,0.99
0.2011,4,-0.936,0.09,-0.16,0.3,336.66,14,-16.13,-0.01,0,0.01,3.61,-0.31,0.31,0.92,-0.24,-0.28,0.94
0.2024,1,-0.004,-0.21,-0.02,-0.98,193.02,-24.25,2.36,0,0,0.02,3.89,0,-0.31,0,0.42,0.04,0.93
0.2203,7,-0.935,0.03,0.07,0.35,333.52,-9.33,-0.56,0,0,0.01,3.41,0,0,0,0.17,-0.01,0.99
0.2221,2,0.889,0.09,0.03,-0.45,321.3,8.15,7.93,0,-0,0,3.78,0.15,0.15,-0.61,-0.14,0.14,0.98
0.2973,5,0.909,0.08,0.16,0.38,60.91,12.91,15.59,-0,0,0.01,3.67,0,0.15,0.31,-0.23,0.26,0.95
0.2988,6,0.99,-0.01,-0.08,-0.11,0.92,-9.06,-0.67,0.01,0,0,3.64,0,-0.15,0.15,0.17,-0.01,0.99
0.3015,3,1,0,0,0,0,0,0,0,0,0,3.93,0,0,0,0,0,0
0.3028,1,-0.005,-0.21,-0.02,-0.98,192.99,-24.26,2.34,0,0,0.02,3.88,0,0,0,0.42,0.04,0.93
0.3214,0,0,0,0,0,0,0,0,0,0,0,0,0,0,0,0,0,0
0.3229,2,0.889,0.09,0.03,-0.45,321.28,8.12,7.98,0,-0,0.01,3.78,0.31,0,0,-0.14,0.14,0.99
0.4008,3,1,0,0,0,0,0,0,0,0,0,3.93,0,0,0,0,0,0
0.4032,6,0.99,-0.01,-0.08,-0.11,0.9,-9.12,-0.63,0,0,0,3.64,0,0,0,0.16,-0.01,0.99
0.4091,4,-0.937,0.09,-0.16,0.3,336.8,14.02,-16.1,-0.01,0,0.02,3.61,-0.46,0,1.83,-0.25,-0.27,0.94
0.4109,1,-0.004,-0.21,-0.02,-0.98,193.03,-24.17,2.37,0,-0,0.02,3.89,0,0,0,0.42,0.04,0.93
0.4227,7,-0.935,0.03,0.07,0.34,333.66,-9.33,-0.61,-0,0,0.01,3.41,0,0,0,0.16,-0.01,0.99
0.4247,2,0.889,0.09,0.03,-0.45,321.29,8.12,8,0,-0,0,3.78,0.46,0.15,-0.31,-0.14,0.14,0.98
0.5049,5,0.909,0.08,0.16,0.38,61.07,13.09,15.49,-0,-0,0.01,3.67,-0.15,-0.15,-1.53,-0.23,0.27,0.95
0.5065,6,0.99,-0.01,-0.08,-0.11,0.97,-9.19,-0.64,-0,-0,0,3.64,0,0.15,0,0.16,-0.01,0.99
0.5094,3,1,0,0,0,0,0,0,0,0,0,3.93,0,0,0,0,0,0
0.5108,1,-0.005,-0.21,-0.02,-0.98,193,-24.22,2.35,-0,0,0.02,3.89,0,0,0,0.42,0.04,0.93
0.5284,4,-0.937,0.09,-0.16,0.3,336.91,14.13,-16.15,0,0.01,0,0,0,0,0,0,0,0
0.5299,2,0.889,0.09,0.03,-0.45,321.33,8.12,7.98,0,-0.01,0.01,3.78,-0.31,0.46,-0.31,-0.14,0.15,0.99
0.603,3,1,0,0,0,0,0,0,0,0,0,3.93,0,0,0,0,0,0
0.6046,6,0.99,-0.01,-0.08,-0.11,0.95,-9.17,-0.64,0,-0,-0,3.64,-0.15,0,0.15,0.16,-0.01,0.99
0.6082,4,-0.937,0.09,-0.16,0.3,337,14.16,-16.17,0,-0,0,3.61,0.31,0,0.31,-0.25,-0.27,0.94
0.6097,1,-0.005,-0.21,-0.02,-0.98,192.99,-24.21,2.34,-0,-0,0.02,3.89,0,0.61,0,0.42,0.04,0.93
0.6266,7,-0.936,0.03,0.07,0.34,333.76,-9.31,-0.68,0,-0,0.01,3.41,-0.15,0,0,0.16,-0.01,0.99
0.6283,2,0.889,0.09,0.03,-0.45,321.3,8.18,7.96,0,0,0,3.78,-0.15,0.46,0,-0.14,0.14,0.98
0.7028,5,0.91,0.08,0.16,0.38,60.79,13.08,15.45,0,-0,0.01,3.67,-0.15,-0.31,-0.76,-0.23,0.27,0.95
0.7045,6,0.99,-0.01,-0.08,-0.11,0.94,-9.21,-0.62,0,-0,0,3.64,0,0,-0.61,0.16,-0.01,0.99
0.7073,3,1,0,0,0,0,0,0,0,0,0,3.93,0,0,0,0,0,0
0.7087,1,-0.005,-0.21,-0.02,-0.98,193,-24.18,2.37,0,0,0.02,3.89,0,0,0,0.41,0.04,0.93
0.7263,4,-0.937,0.09,-0.16,0.3,337,14.21,-16.14,0,-0.01,0,-0.23,0.27,0.95,0,0,0,0
0.728,2,0.889,0.09,0.03,-0.45,321.21,8.21,8.05,-0.01,-0,0,3.78,-0.31,0.31,-0.76,-0.15,0.14,0.98
0.8037,3,1,0,0,0,0,0,0,0,0,0,3.93,0,0,0,0,0,0
0.8051,6,0.99,-0.01,-0.08,-0.11,0.95,-9.16,-0.64,-0,0,-0,3.64,0,0.15,0,0.16,-0.01,0.99
0.8086,4,-0.937,0.09,-0.16,0.3,337.07,14.21,-16.1,0,-0,0.01,3.61,0.31,-0.31,0.46,-0.25,-0.27,0.94
0.81,1,-0.005,-0.21,-0.02,-0.98,193.01,-24.17,2.38,0,0,0.02,3.89,0,0,0,0.42,0.04,0.93
0.8273,7,-0.935,0.03,0.07,0.35,333.57,-9.29,-0.54,0,-0,0.01,3.41,0,0,-0.46,0.16,-0.01,0.99
0.829,2,0.889,0.09,0.03,-0.45,321.21,8.23,7.95,-0.01,-0,0.01,3.78,-0.46,0.15,0.76,-0.15,0.13,0.99
0.9127,5,0.91,0.08,0.16,0.38,60.65,13,15.5,0,0,0.01,3.67,0.15,0,1.07,-0.22,0.26,0.95
0.9144,6,0.99,-0.01,-0.08,-0.11,0.94,-9.25,-0.62,0,-0,0,3.64,0,0.15,0.15,0.16,-0.01,0.99
0.9173,3,1,0,0,0,0,0,0,0,0,0,3.93,0,0,0,0,0,0
0.9187,1,-0.005,-0.21,-0.02,-0.98,192.93,-24.09,2.31,-0,0,0.02,3.89,0,0,0,0.42,0.04,0.93
0.9364,4,-0.938,0.09,-0.16,0.29,337.16,14.17,-16.08,-0.01,-0,0,0,0,0,0,0,0,0
0.9379,2,0.889,0.09,0.03,-0.45,321.19,8.36,7.88,0,0,0,3.78,-0.15,0,1.07,-0.15,0.14,0.98
1.0003,3,1,0,0,0,0,0,0,0,0,0,3.93,0,0,0,0,0,0
1.0031,6,0.99,-0.01,-0.08,-0.11,1.02,-9.19,-0.66,0,-0,0.01,3.64,0,0.15,0.46,0.16,-0.01,0.99
1.0085,4,-0.938,0.09,-0.16,0.29,337.12,14.17,-16.05,-0,0.01,0.01,3.61,0,0,0,-0.24,-0.28,0.94
1.01,1,-0.005,-0.21,-0.02,-0.98,192.92,-24.09,2.28,-0,0.01,0.02,3.89,0,0,0.31,0.42,0.04,0.93
1.0345,7,-0.935,0.03,0.07,0.34,333.69,-9.31,-0.6,-0.01,0,0.01,3.41,0.15,-0.15,0,0.16,-0.02,0.99
1.0368,2,0.889,0.09,0.03,-0.45,321.28,8.33,7.87,0,-0.01,0.01,3.78,-0.15,-0.15,1.98,-0.15,0.15,0.99
1.1124,5,0.909,0.08,0.16,0.38,61.02,12.95,15.58,-0,-0.01,0.02,3.67,0.15,0.31,1.07,-0.23,0.28,0.96
1.1141,6,0.99,-0.01,-0.08,-0.11,1.06,-9.18,-0.67,-0.01,-0,0,3.64,0,0.31,0.46,0.15,-0.01,0.99
1.1173,3,1,0,0,0,0,0,0,0,0,0,3.93,0,0,0,0,0,0
1.1187,1,-0.005,-0.21,-0.02,-0.98,192.91,-24.21,2.31,-0,0,0.02,3.89,0,0.61,0,0.42,0.04,0.93
1.1367,4,-0.937,0.09,-0.16,0.3,337.1,14.15,-16.05,0,-0,0,0,0,0,0,0,0,0
1.1383,2,0.89,0.09,0.03,-0.45,321.44,8.27,7.87,-0,-0,0,3.78,0.15,-0.15,1.07,-0.15,0.14,0.98
1.2134,5,0.909,0.08,0.16,0.38,61.01,12.97,15.66,0,-0,0.02,3.67,-0.15,0.46,0,-0.22,0.27,0.95
1.2148,6,0.99,-0.01,-0.08,-0.11,1.07,-9.1,-0.68,-0,0,0,3.64,0,0,-0.76,0.16,-0.01,0.99
1.2176,3,1,0,0,0,0,0,0,0,0,0,3.93,0,0,0,0,0,0
1.2191,1,-0.005,-0.21,-0.02,-0.98,192.98,-24.17,2.35,-0,0.01,0.03,3.89,0,-0.31,-0.15,0.42,0.05,0.93
1.2374,4,-0.937,0.09,-0.16,0.3,336.99,14.13,-16,-0,0,0.01,3.61,-0.15,0,0,-0.25,-0.27,0.94
1.2391,2,0.89,0.09,0.03,-0.45,321.43,8.24,7.94,0,-0,0,3.78,0.31,-0.31,-0.92,-0.14,0.14,0.98
1.3137,7,-0.936,0.03,0.07,0.34,333.74,-9.31,-0.61,0.01,0,0.01,3.41,0,-0.15,-0.15,0.17,-0.01,0.99
1.3151,6,0.99,-0.01,-0.08,-0.11,1.07,-9.15,-0.68,-0,0,0,3.64,-0.15,0,0.15,0.16,-0.01,0.99
1.3184,5,0.909,0.08,0.16,0.38,61.05,12.98,15.69,-0,0,0.02,3.67,-0.15,0.31,1.07,-0.23,0.27,0.95
1.3198,1,-0.005,-0.21,-0.02,-0.98,192.93,-24.21,2.34,-0,-0,0.02,3.89,0,0.31,0,0.42,0.04,0.93
1.3438,3,1,0,0,0,0,0,0,0,0,0,3.93,0,0,0,0,0,0
1.3455,2,0.89,0.09,0.03,-0.45,321.41,8.15,7.99,0,-0.01,0.01,3.78,0.46,0,0,-0.15,0.14,0.99
1.4044,4,-0.937,0.09,-0.16,0.3,337.05,14.14,-16.06,0,-0,0,0,0,0,0,0,0,0
1.4061,6,0.99,-0.01,-0.08,-0.11,1.03,-9.19,-0.66,0,0,0,3.64,0,-0.31,-0.15,0.16,-0.01,0.99
1.4103,5,0.909,0.08,0.16,0.38,61.03,12.96,15.65,0,-0,0.01,3.67,0,0,0,-0.22,0.26,0.95
1.4118,1,-0.005,-0.21,-0.02,-0.98,192.99,-24.23,2.39,-0,0,0.02,3.89,0,0,0,0.42,0.04,0.93
1.4345,3,1,0,0,0,0,0,0,0,0,0,3.93,0,0,0,0,0,0
1.4368,2,0.89,0.09,0.03,-0.45,321.37,8.19,7.97,-0,-0,0,3.78,0,-0.31,0.15,-0.14,0.14,0.98
1.5124,4,-0.937,0.09,-0.16,0.3,337,14.16,-16.03,-0,-0,0.01,3.61,-0.15,-0.46,0.31,-0.25,-0.27,0.93
1.5139,6,0.99,-0.02,-0.08,-0.11,1.1,-9.15,-0.7,0,0,0.01,3.64,0.15,-0.46,0.15,0.16,-0.01,0.99
1.5174,7,-0.935,0.03,0.07,0.34,333.71,-9.29,-0.61,0.01,0,0.01,3.41,-0.15,0,-0.15,0.17,-0.01,1
1.5188,1,-0.004,-0.21,-0.02,-0.98,193.07,-24.16,2.44,-0,0,0.02,3.89,0,-0.31,0,0.42,0.04,0.93
1.5367,5,0.909,0.08,0.16,0.38,61.11,12.94,15.66,-0,-0,0.01,3.67,-0.61,-0.31,0.76,-0.23,0.27,0.95
1.5384,2,0.889,0.09,0.03,-0.45,321.34,8.13,7.97,-0.01,-0.01,0.01,3.78,-1.07,-0.76,0.92,-0.15,0.14,0.99
1.6134,3,1,0,0,0,0,0,0,0,0,0,3.93,0,0,0,0,0,0
1.6148,6,0.99,-0.01,-0.08,-0.11,1.1,-9.18,-0.68,0.01,0,0,3.64,0,-0.46,0.31,0.17,-0.01,0.99
1.6181,4,-0.937,0.09,-0.16,0.3,337.03,14.03,-16,-0.01,0,0,0,0,0,0,0,0,0
1.6195,1,-0.004,-0.21,-0.02,-0.98,193.08,-24.17,2.46,-0,-0.01,0.03,3.89,0.31,0,0.31,0.42,0.03,0.94
1.6374,3,1,0,0,0,0,0,0,0,0,0,3.93,0,0,0,0,0,0
1.639,2,0.89,0.09,0.03,-0.45,321.47,8.04,7.97,-0,0,0,3.78,-0.61,-0.61,0.31,-0.14,0.14,0.98
1.7095,4,-0.937,0.09,-0.16,0.3,336.96,14.01,-16.06,-0,-0,0.01,3.61,0,-0.15,-0.61,-0.25,-0.27,0.94
1.7105,6,0.99,-0.02,-0.08,-0.11,1.21,-9.16,-0.72,0.01,-0,0,3.64,0,-0.61,0,0.17,-0.01,0.99
1.7145,7,-0.935,0.03,0.07,0.35,333.57,-9.18,-0.62,0.01,0,0.01,3.41,0,0,-0.15,0.16,-0.01,0.99
1.7155,1,-0.003,-0.21,-0.02,-0.98,193.14,-24.18,2.47,-0.01,-0,0.03,3.89,0,-0.61,0.15,0.42,0.04,0.94
1.7375,5,0.909,0.08,0.16,0.38,61,12.99,15.68,-0,-0,0.02,3.67,-0.31,-0.31,-0.61,-0.23,0.27,0.95
1.7395,2,0.89,0.09,0.03,-0.45,321.39,8.05,8.04,0,-0,0.01,3.78,-0.15,-0.31,0,-0.14,0.14,0.99
1.8245,3,1,0,0,0,0,0,0,0,0,0,3.93,0,0,0,0,0,0
1.8255,6,0.99,-0.01,-0.08,-0.11,1.03,-9.18,-0.63,0,-0,0,3.64,-0.31,-0.31,0.31,0.16,-0.01,0.99
1.8295,4,-0.937,0.09,-0.16,0.3,336.82,13.99,-16.06,-0,0,0,0,0,0,0,0,0,0
1.8305,1,-0.004,-0.21,-0.02,-0.98,193.09,-24.09,2.45,-0,-0,0.02,3.89,0,0.15,0,0.42,0.04,0.93
1.8485,5,0.91,0.08,0.16,0.38,60.86,12.91,15.6,0,0.01,0.02,3.67,0,0.15,0.61,-0.23,0.26,0.96
1.8495,2,0.889,0.09,0.03,-0.45,321.29,8.1,8,-0,0,0.01,3.78,0.15,-0.31,0,-0.14,0.14,0.99
1.9295,3,1,0,0,0,0,0,0,0,0,0,3.93,0,0,0,0,0,0
1.9315,6,0.99,-0.01,-0.08,-0.11,1.07,-9.19,-0.67,0,0,0,3.64,0,0,0.15,0.16,-0.01,0.99
1.9345,4,-0.937,0.09,-0.16,0.3,336.75,13.98,-16.01,-0,-0,0.01,3.61,-0.15,0.15,-0.61,-0.25,-0.27,0.94
1.9365,1,-0.004,-0.21,-0.02,-0.98,193.02,-24.07,2.39,-0,0,0.02,3.89,0,0.15,0,0.42,0.04,0.93
1.9525,7,-0.935,0.03,0.07,0.34,333.64,-9.21,-0.67,0.01,0,0.01,3.41,0.31,0,0,0.17,-0,0.99
1.9535,2,0.889,0.09,0.03,-0.45,321.23,8.14,7.96,-0,0,0,3.78,0,0,0,-0.14,0.14,0.99
2.0175,5,0.909,0.08,0.16,0.38,60.93,12.96,15.59,-0,0,0.02,3.67,-0.61,0,0.76,-0.23,0.27,0.95
2.0195,6,0.99,-0.01,-0.08,-0.11,1.02,-9.21,-0.66,-0,0,-0,3.64,0,0,0,0.16,-0.01,0.99
2.0235,3,1,0,0,0,0,0,0,0,0,0,3.93,0,0,0,0,0,0
2.0245,1,-0.005,-0.21,-0.02,-0.98,193.01,-24.03,2.39,-0,0.01,0.02,3.89,-0.15,0.31,-0.15,0.42,0.05,0.92
2.0395,4,-0.937,0.09,-0.16,0.3,336.76,13.95,-16,-0.01,0.01,0,0.15,0,-0.15,0.16,-0.01,0.99,0
2.0415,2,0.889,0.09,0.03,-0.45,321.21,8.12,7.96,0,0,-0,3.78,0,-0.46,0,-0.14,0.14,0.99
2.1075,5,0.909,0.08,0.16,0.38,60.94,13.07,15.61,0,-0.01,0.02,3.67,0.15,0,0.15,-0.22,0.27,0.96
2.1095,6,0.99,-0.01,-0.08,-0.11,0.96,-9.16,-0.63,0.01,0,0,3.64,0.15,0,-0.15,0.17,-0.01,0.99
2.1115,3,1,0,0,0,0,0,0,0,0,0,3.93,0,0,0,0,0,0
2.1135,1,-0.005,-0.21,-0.02,-0.98,192.97,-24.07,2.38,0,-0,0.03,3.89,0,0.31,0,0.42,0.04,0.94
2.1385,4,-0.937,0.09,-0.16,0.3,336.7,14.02,-15.96,0,-0,0,3.61,0,0.15,-0.31,-0.25,-0.27,0.93
2.1405,2,0.889,0.09,0.03,-0.45,321.14,8.15,7.82,-0,0.01,0.01,3.78,-0.61,-0.31,-1.22,-0.14,0.13,0.99
2.2155,7,-0.935,0.03,0.07,0.34,333.64,-9.23,-0.62,0.01,-0,0,3.41,0,0,0,0.17,-0,0.99
2.2165,6,0.99,-0.01,-0.08,-0.11,0.98,-9.17,-0.61,0,-0,0.01,3.64,0,0,0,0.16,-0.01,0.99
2.2205,5,0.909,0.08,0.16,0.38,60.99,13.12,15.62,0,0,0.01,3.67,0.15,0,0,-0.22,0.27,0.95
2.2215,1,-0.005,-0.21,-0.02,-0.98,192.95,-24.1,2.36,0,0,0.02,3.89,0,-0.31,0,0.42,0.04,0.93
2.2395,3,1,0,0,0,0,0,0,0,0,0,3.93,0,0,0,0,0,0
2.2405,2,0.889,0.09,0.03,-0.45,321.08,8.15,7.73,0.01,-0,0.01,3.78,-0.31,-0.31,-0.31,-0.14,0.14,0.99
2.3275,4,-0.936,0.09,-0.16,0.3,0,0,0,0,0,0,0,0,0,0,0,0,0
2.3295,6,0.99,-0.01,-0.08,-0.11,1.04,-9.14,-0.64,0.01,-0,0,3.64,0,0,0.15,0.16,-0,0.99
2.3325,5,0.909,0.08,0.16,0.38,60.97,13.07,15.62,0,0,0.02,3.67,0,-0.15,0.76,-0.23,0.27,0.95
2.3335,1,-0.005,-0.21,-0.02,-0.98,192.91,-24.12,2.33,0,0,0.02,3.89,0,0.15,0,0.41,0.04,0.93
2.3535,3,1,0,0,0,0,0,0,0,0,0,3.93,0,0,0,0,0,0
2.3555,2,0.888,0.09,0.03,-0.45,321.03,8.15,7.74,0,0,0.01,3.78,0.31,-0.15,0,-0.14,0.14,0.99
2.4255,4,-0.936,0.09,-0.16,0.3,336.61,14.02,-15.99,-0,-0,0.01,3.61,-0.15,0.15,-0.15,-0.25,-0.27,0.94
2.4265,6,0.99,-0.01,-0.08,-0.11,1.07,-9.21,-0.63,0,-0,-0,3.64,0,0.31,0.15,0.16,-0.01,0.99
2.4305,7,-0.935,0.03,0.07,0.35,333.54,-9.29,-0.49,0,-0,0.01,3.41,0,0,0,0.16,-0.01,1
2.4315,1,-0.005,-0.21,-0.02,-0.98,192.96,-24.11,2.36,-0,0,0.02,3.89,0,0,0.15,0.41,0.04,0.93
2.4495,5,0.909,0.08,0.16,0.38,60.91,12.98,15.66,0,0,0.01,3.67,0.15,-0.15,0.31,-0.23,0.27,0.95
2.4505,2,0.888,0.09,0.03,-0.45,321.07,8.06,7.93,0,0,0,3.78,0.31,0,0.76,-0.14,0.14,0.98
2.5275,3,1,0,0,0,0,0,0,0,0,0,3.93,0,0,0,0,0,0
2.5285,6,0.99,-0.01,-0.08,-0.11,0.95,-9.1,-0.58,0,-0,0,3.64,0,0,0.15,0.16,-0.01,0.99
2.5325,4,-0.936,0.09,-0.16,0.3,336.57,14.09,-16.02,-0.01,0,0,0,0,0,0,0,0,0
2.5335,1,-0.005,-0.21,-0.02,-0.98,192.98,-24.09,2.36,-0,0,0.02,3.88,-0.15,0,0.15,0.42,0.04,0.93
2.5515,5,0.909,0.08,0.16,0.38,60.88,13,15.59,-0,-0.01,0.02,3.67,0,0,-0.61,-0.22,0.27,0.96
2.5535,2,0.889,0.09,0.03,-0.45,321.2,8.04,8.02,0,0.01,0,3.78,0.46,0.31,1.22,-0.14,0.14,0.99
2.6265,3,1,0,0,0,0,0,0,0,0,0,3.93,0,0,0,0,0,0
2.6275,6,0.99,-0.01,-0.08,-0.11,1.05,-9.14,-0.63,0.01,0,-0,3.64,0,0,0.15,0.16,-0.01,0.99
2.6315,4,-0.936,0.09,-0.16,0.3,336.56,14.08,-15.93,-0.01,0,0,3.61,-0.15,0.15,0,-0.25,-0.27,0.93
2.6325,1,-0.005,-0.21,-0.02,-0.98,192.96,-24.14,2.33,0.01,0,0.01,3.88,0.15,0,0.31,0.41,0.04,0.93
2.6505,7,-0.935,0.03,0.07,0.35,333.47,-9.17,-0.56,0.01,0,0,3.41,-0.15,0,0,0.16,-0.01,0.99
2.6525,2,0.889,0.09,0.03,-0.45,321.32,8.05,8.03,-0,0.01,0.01,3.78,-0.15,0.61,-0.31,-0.13,0.13,0.99
2.7285,5,0.91,0.08,0.16,0.38,60.81,13.04,15.59,0,-0,0.02,3.67,0,0,-0.61,-0.22,0.27,0.96
2.7295,6,0.99,-0.01,-0.08,-0.11,0.98,-9.15,-0.58,0,-0,0,3.64,0,0,-0.15,0.17,-0.01,0.99
2.7325,3,1,0,0,0,0,0,0,0,0,0,3.93,0,0,0,0,0,0
2.7345,1,-0.005,-0.21,-0.02,-0.98,192.95,-24.18,2.32,-0,0.01,0.02,3.89,0,-0.31,0,0.42,0.04,0.93
2.7525,4,-0.936,0.09,-0.16,0.3,336.63,14.12,-15.98,-0.01,0,0,0,0,0,0,0,0,0
2.7545,2,0.889,0.09,0.03,-0.45,321.27,8.06,8.14,0,0.01,0,3.78,0,0.15,-0.61,-0.13,0.14,0.98
2.8295,5,0.91,0.08,0.16,0.38,60.64,13.01,15.54,-0,0,0.01,3.67,-0.31,0.31,-0.76,-0.23,0.27,0.95
2.8305,6,0.99,-0.01,-0.08,-0.11,0.97,-9.09,-0.62,0,-0,0,3.64,-0.15,0.15,-0.46,0.16,-0.01,0.99
2.8335,3,1,0,0,0,0,0,0,0,0,0,3.93,0,0,0,0,0,0
2.8355,1,-0.006,-0.21,-0.02,-0.98,192.87,-24.26,2.32,0,0,0.02,3.88,-0.31,-0.61,-0.31,0.42,0.04,0.93
2.8535,4,-0.937,0.09,-0.16,0.3,336.79,14.24,-16,0,0,0.01,3.61,-0.61,-0.31,1.83,-0.24,-0.26,0.94
2.8555,2,0.889,0.09,0.03,-0.45,321.2,8.11,8.09,-0,0,0.01,3.78,0,0.31,-1.53,-0.14,0.14,0.99
2.9185,7,-0.935,0.03,0.07,0.35,333.52,-9.3,-0.53,0,-0,0.01,3.41,-0.15,0.31,0.15,0.16,-0.01,1
2.9195,6,0.99,-0.01,-0.08,-0.11,0.99,-9.12,-0.65,0,0,0,3.64,-0.15,0.31,0,0.16,-0.01,0.99
2.9235,5,0.91,0.08,0.16,0.38,60.66,13.06,15.48,0,0,0.01,3.67,-0.15,0,-0.15,-0.23,0.26,0.95
2.9255,1,-0.006,-0.21,-0.02,-0.98,192.8,-24.27,2.3,-0,0,0.02,3.88,-0.31,-0.31,-0.15,0.42,0.04,0.93
2.9455,3,1,0,0,0,0,0,0,0,0,0,3.93,0,0,0,0,0,0
2.9475,2,0.888,0.09,0.03,-0.45,321.09,8.21,7.95,-0,0,0.01,3.78,-0.31,0.31,-1.22,-0.14,0.13,0.99
3.0265,4,-0.937,0.09,-0.16,0.3,336.96,14.18,-15.97,-0,-0,0.15,0,0.15,0.17,-0.01,1,0,0
3.0275,6,0.99,-0.01,-0.08,-0.11,0.95,-9.08,-0.65,0,-0,0,3.64,-0.15,0.31,-0.31,0.16,-0.01,0.99
3.0315,5,0.91,0.08,0.16,0.38,60.7,12.99,15.42,-0,-0,0.02,3.67,-0.61,-0.31,0.61,-0.23,0.27,0.95
3.0325,1,-0.008,-0.21,-0.02,-0.98,192.65,-24.25,2.2,-0,-0,0.02,3.88,0,0,0,0.42,0.03,0.93
3.0505,3,1,0,0,0,0,0,0,0,0,0,3.93,0,0,0,0,0,0
3.0525,2,0.889,0.09,0.03,-0.45,321.11,8.29,7.84,0,0.01,0,3.78,0,0.31,0.76,-0.14,0.13,0.98
3.1325,4,-0.937,0.09,-0.16,0.3,337.07,14.17,-15.95,0,0,0,3.61,0.61,0,-1.07,-0.24,-0.27,0.93
3.1335,6,0.99,-0.01,-0.08,-0.11,0.92,-9.1,-0.64,0,0,0,3.64,0,0.15,-0.15,0.16,-0.01,0.99
3.1375,7,-0.935,0.03,0.07,0.34,333.6,-9.2,-0.62,-0.01,0,0.01,3.41,-0.15,0,0,0.16,-0.02,0.99
3.1385,1,-0.008,-0.21,-0.02,-0.98,192.65,-24.27,2.21,0,0.01,0.02,3.88,0.15,-0.31,0.15,0.42,0.04,0.93
3.1565,5,0.91,0.08,0.16,0.38,60.67,13.01,15.39,0,-0,0.01,3.67,0,-0.31,-0.15,-0.22,0.27,0.96
3.1575,2,0.889,0.09,0.03,-0.45,321.19,8.33,7.93,0,0,0,3.78,0.46,0.76,0.15,-0.14,0.13,0.98
3.2375,3,1,0,0,0,0,0,0,0,0,0,3.93,0,0,0,0,0,0
3.2385,6,0.99,-0.02,-0.08,-0.11,1.04,-8.99,-0.72,0,-0,0.01,3.64,0,0.15,1.37,0.15,-0.01,0.99
3.2425,4,-0.937,0.09,-0,0,0.92,-0.23,0.27,0.95,0,0,0,0,0,0,0,0,0
3.2435,1,-0.007,-0.21,-0.02,-0.98,192.78,-24.31,2.3,-0,0,0.01,3.88,0.31,-0.15,0.46,0.42,0.04,0.93
3.2705,3,1,0,0,0,0,0,0,0,0,0,3.93,0,0,0,0,0,0
3.2725,2,0.889,0.09,0.03,-0.45,321.35,8.36,7.92,0,0,0.01,3.78,0.61,0.31,1.53,-0.14,0.14,0.99
3.3395,4,-0.937,0.09,-0.16,0.3,336.8,14.2,-16.05,-0,0,0.01,3.61,-0.15,0.31,-1.07,-0.25,-0.27,0.94
3.3415,6,0.99,-0.02,-0.08,-0.11,1.08,-8.97,-0.72,0,0,0,3.64,-0.15,0.46,0.15,0.16,-0.01,0.99
3.3455,7,-0.935,0.03,0.07,0.35,333.57,-9.11,-0.72,-0,0,0,3.41,0,0,0,0.16,-0.01,0.99
3.3465,1,-0.007,-0.21,-0.02,-0.98,192.78,-24.35,2.3,-0,0,0.02,3.89,0,-0.46,0,0.42,0.04,0.93
3.3725,5,0.91,0.08,0.16,0.38,60.85,13.03,15.52,0,0,0.01,3.67,0,0.31,0.92,-0.23,0.26,0.95
3.3735,2,0.89,0.09,0.04,-0.44,321.53,8.37,7.87,0.01,0,0.01,3.78,0,0.15,-0.15,-0.14,0.14,0.99
3.4235,3,1,0,0,0,0,0,0,0,0,0,3.93,0,0,0,0,0,0
3.4265,6,0.991,-0.02,-0.08,-0.11,1.12,-8.97,-0.74,-0,0,0,3.64,-0.15,0.46,-0.31,0.15,-0.01,0.99
3.4305,4,-0.936,0.09,-0.16,0.3,336.68,14.16,-16.1,0,0.01,0,0,0,0,0,0,0,0
3.4325,1,-0.006,-0.21,-0.02,-0.98,192.84,-24.37,2.38,-0,0.01,0.02,3.89,-0.31,-0.31,-0.31,0.42,0.04,0.93
3.4575,5,0.909,0.08,0.16,0.38,60.96,13.09,15.47,0.01,-0,0.02,3.67,-0.31,0.31,0.15,-0.22,0.26,0.96
3.4585,2,0.89,0.09,0.03,-0.44,321.59,8.35,7.88,0.01,-0,0,3.78,0,0.46,0,-0.14,0.15,0.98
3.5415,3,1,0,0,0,0,0,0,0,0,0,3.93,0,0,0,0,0,0
3.5435,6,0.99,-0.02,-0.08,-0.11,1.08,-8.95,-0.74,-0,-0,0,3.64,-0.15,0.61,0,0.15,-0.01,0.99
3.5465,4,-0.936,0.09,-0.16,0.3,336.75,14.11,-16.22,0.01,-0,0,3.61,0.46,0,-1.53,-0.24,-0.27,0.94
3.5485,1,-0.006,-0.21,-0.02,-0.98,192.87,-24.35,2.4,-0,0,0.02,3.89,0,-0.46,-0.31,0.42,0.04,0.93
3.5655,7,-0.935,0.03,0.07,0.35,333.43,-9.18,-0.54,-0.01,0,0,3.41,0,0,0,0.15,-0.02,0.99
3.5675,2,0.89,0.09,0.03,-0.44,321.54,8.34,7.94,0,-0,0,3.78,-0.15,0,-1.22,-0.15,0.14,0.98
3.6335,5,0.909,0.08,0.16,0.38,60.95,13.15,15.44,0,-0,0.01,3.67,-0.46,0,0,-0.22,0.26,0.95
3.6355,6,0.99,-0.01,-0.08,-0.11,0.89,-8.86,-0.66,0,0,0.01,3.64,0,0.31,-0.46,0.16,-0.01,0.99
3.6385,3,1,0,0,0,0,0,0,0,0,0,3.93,0,0,0,0,0,0
3.6405,1,-0.006,-0.21,-0.02,-0.98,192.79,-24.38,2.35,-0,0.01,0.02,3.89,-0.31,-0.61,-0.46,0.42,0.04,0.93
3.6565,0,0,0,0,0,0,0,0,0,0,0,0,0,0,0,0,0,0
3.6575,2,0.89,0.09,0.03,-0.44,321.51,8.36,7.91,0.01,-0,0,3.78,-0.31,0.61,-0.92,-0.14,0.14,0.98
3.7355,5,0.909,0.08,0.16,0.38,61.05,13.16,15.49,-0,0,0.01,3.67,-0.31,0,0.15,-0.24,0.26,0.95
3.7375,6,0.99,-0.01,-0.08,-0.11,0.89,-8.82,-0.69,0,0,0,3.64,0,0.15,0.92,0.16,-0.01,0.99
3.7405,3,1,0,0,0,0,0,0,0,0,0,3.93,0,0,0,0,0,0
3.7425,1,-0.007,-0.21,-0.02,-0.98,192.73,-24.32,2.3,-0,0,0.01,3.89,0,0,0.15,0.42,0.04,0.92
3.7595,4,-0.936,0.09,-0.16,0.3,336.75,14.06,-16.28,0,0,0.01,3.61,0.31,-0.15,-0.46,-0.24,-0.28,0.94
3.7605,2,0.89,0.09,0.04,-0.45,321.48,8.42,7.83,0,0,0.01,3.78,-0.76,0.15,0,-0.15,0.13,0.99
3.8365,7,-0.934,0.03,0.08,0.35,333.37,-9.38,-0.4,-0.01,0,0.01,3.41,0,-0.31,0.15,0.16,-0.01,0.99
3.8385,6,0.99,-0.01,-0.08,-0.11,0.96,-8.86,-0.7,0,0,0.01,3.64,0,0.15,0.76,0.16,-0.01,0.99
3.8415,5,0.909,0.08,0.16,0.38,60.94,13.08,15.42,0,0.01,0.02,3.67,0,-0.31,-0.31,-0.23,0.26,0.95
3.8435,1,-0.007,-0.21,-0.02,-0.98,192.77,-24.4,2.31,-0,-0,0.01,3.89,0.15,0,0.46,0.42,0.03,0.92
3.8605,3,1,0,0,0,0,0,0,0,0,0,3.93,0,0,0,0,0,0
3.8615,2,0.89,0.09,0.04,-0.44,321.5,8.42,7.8,-0,-0,0.01,3.78,-0.46,0,1.37,-0.15,0.13,0.99
3.9475,4,-0.936,0.09,-0.16,0.3,336.73,14.06,-16.27,0,-0,0,0,0,0,0,0,0,0
3.9495,6,0.991,-0.01,-0.08,-0.11,1.03,-8.84,-0.7,0,0,0,3.64,0,0.15,0.76,0.16,-0.01,0.99
3.9535,3,1,0,0,0,0,0,0,0,0,0,3.93,0,0,0,0,0,0
3.9555,1,-0.006,-0.21,-0.02,-0.98,192.83,-24.45,2.29,0.01,-0,0.02,3.89,0.46,0,1.37,0.42,0.03,0.93
3.9625,4,-0.936,0.09,-0.16,0.3,336.66,14.1,-16.31,0,0,0,3.61,-0.31,0,0,-0.24,-0.27,0.94
3.9645,2,0.89,0.09,0.04,-0.44,321.62,8.44,7.8,-0,-0,0,3.78,-0.46,0.31,1.68,-0.15,0.13,0.98
4.0305,7,-0.934,0.03,0.08,0.35,333.36,-9.39,-0.44,-0,-0,0.01,3.41,0.31,0,0,0.17,-0.01,1
4.0315,6,0.991,-0.01,-0.08,-0.11,1.16,-8.85,-0.69,0,0,0.01,3.64,0,-0.15,1.37,0.16,-0.02,0.99
4.0375,5,0.91,0.08,0.16,0.38,60.78,13.02,15.38,0,0,0.03,3.67,0,0,-1.07,-0.23,0.26,0.96
4.0385,1,-0.005,-0.21,-0.02,-0.98,192.96,-24.47,2.25,-0,-0,0.02,3.89,0.46,0.15,2.29,0.42,0.04,0.93
4.0605,3,1,0,0,0,0,0,0,0,0,0,3.94,0,0,0,0,0,0
4.0625,2,0.891,0.09,0.04,-0.44,321.82,8.47,7.73,-0.01,0,0.01,3.78,-0.31,0,2.14,-0.16,0.13,0.99
4.1375,4,-0.936,0.09,-0.16,0.3,336.49,14.13,-16.32,0.01,-0.01,0.005,-0.41,-0,0,0.01,3.41,0,0
4.1385,6,0.991,-0.01,-0.08,-0.11,1.26,-8.78,-0.71,0.01,0,0,3.64,0,0,0.61,0.16,-0.01,0.99
4.1425,5,0.91,0.08,0.16,0.38,60.62,13.07,15.33,0,0,0.01,3.67,-0.15,0,-0.76,-0.23,0.26,0.96
4.1435,1,-0.005,-0.21,-0.02,-0.98,192.96,-24.53,2.23,-0,0,0.02,3.89,0.76,0,1.22,0.42,0.04,0.93
4.1615,3,1,0,0,0,0,0,0,0,0,0,3.93,0,0,0,0,0,0
4.1635,2,0.892,0.09,0.04,-0.44,322,8.48,7.69,0.01,0,-0,3.78,0,0.15,1.68,-0.14,0.14,0.98
4.2385,4,-0.935,0.09,-0.16,0.3,336.36,14.07,-16.24,0.01,-0,0,3.61,-0.15,0.31,-0.92,-0.24,-0.27,0.94
4.2395,6,0.991,-0.01,-0.07,-0.11,1.28,-8.7,-0.68,0,-0,0,3.64,0,0,0.76,0.16,-0.01,0.99
4.2435,7,-0.934,0.03,0.08,0.35,333.4,-9.41,-0.42,0,-0,0.01,3.41,0,-0.31,0.46,0.17,0,0.99
4.2445,1,-0.004,-0.21,-0.02,-0.98,193.07,-24.54,2.24,-0.01,0.01,0.02,3.89,0.15,0,0.76,0.43,0.05,0.92
4.2625,5,0.91,0.08,0.16,0.38,60.7,13.12,15.25,-0,0,0.01,3.67,0,0,-0.46,-0.23,0.25,0.95
4.2635,2,0.893,0.09,0.04,-0.44,322.15,8.4,7.67,0.01,-0,0,3.78,0.31,0,0.61,-0.14,0.14,0.98
4.3415,3,1,0,0,0,0,0,0,0,0,0,3.93,0,0,0,0,0,0
4.3445,6,0.991,-0.01,-0.07,-0.11,1.32,-8.71,-0.68,0.01,0,0,3.64,0,0,0,0.15,-0.01,0.99
4.3545,5,0.91,0.08,0.16,0.38,60.73,13.07,15.31,0,-0,0.02,3.67,0.31,0,1.68,-0.23,0.26,0.96
4.3555,1,-0.004,-0.21,-0.02,-0.98,193.12,-24.56,2.31,-0,0,0.03,3.89,0,0,-0.15,0.42,0.04,0.93
4.3735,3,1,0,0,0,0,0,0,0,0,0,3.93,0,0,0,0,0,0
4.3755,2,0.892,0.09,0.04,-0.44,321.96,8.48,7.7,-0,0.01,-0,3.78,0.61,0.15,-1.68,-0.14,0.13,0.98
4.4355,4,-0.936,0.09,-0.16,0.3,336.59,13.85,-16.15,-0.01,-0,0.01,3.61,0.15,-0.46,0.92,-0.25,-0.27,0.94
4.4375,6,0.991,-0.01,-0.08,-0.11,1.25,-8.74,-0.67,0,0,0,3.64,-0.15,0.15,-0.61,0.15,-0.01,0.99
4.4435,7,-0.935,0.03,0.08,0.35,333.45,-9.4,-0.44,0,0,0.01,3.41,-0.15,0,0.31,0.17,-0,0.99
4.4455,1,-0.004,-0.21,-0.02,-0.98,193.1,-24.57,2.32,0,0.01,0.03,3.89,-0.61,-0.61,-0.61,0.42,0.04,0.93
4.4685,5,0.909,0.08,0.16,0.38,60.94,13.06,15.38,-0,0,0.01,3.67,0.31,0.15,1.53,-0.22,0.27,0.95
4.4705,2,0.891,0.09,0.04,-0.44,321.87,8.47,7.7,0,0,0,3.78,0.15,0.31,-2.14,-0.15,0.13,0.98
4.5455,3,1,0,0,0,0,0,0,0,0,0,3.93,0,0,0,0,0,0
4.5465,6,0.991,-0.01,-0.07,-0.11,1.19,-8.71,-0.69,-0,-0,0,3.64,-0.15,0,0,0.15,-0.01,0.99
4.5505,4,-0.936,0.09,-0.16,0.3,336.63,13.83,-16.03,0.01,-0.01,0,0,0,0,0,0,0,0
4.5515,1,-0.004,-0.21,-0.02,-0.98,193.06,-24.64,2.33,-0,0,0.02,3.89,-0.15,0.46,-0.76,0.42,0.04,0.93
4.5695,5,0.909,0.08,0.16,0.38,61.09,13.04,15.43,-0,0,0.01,3.67,0.15,0,0.76,-0.23,0.26,0.95
4.5705,2,0.891,0.09,0.04,-0.44,321.66,8.49,7.7,-0.01,0,0,3.78,0.31,0.15,-0.92,-0.15,0.12,0.98
4.6485,3,1,0,0,0,0,0,0,0,0,0,3.93,0,0,0,0,0,0
4.6505,6,0.991,-0.01,-0.07,-0.11,1.2,-8.62,-0.73,0.01,0,0,3.64,0,-0.15,0,0.16,-0.01,0.99
4.6535,4,-0.936,0.09,-0.16,0.3,336.64,13.92,-16.09,0,-0.01,0.01,3.61,0,0.76,-0.92,-0.24,-0.26,0.94
4.6545,1,-0.004,-0.21,-0.02,-0.98,193.03,-24.67,2.31,-0,0,0.02,3.89,-0.15,-0.31,0,0.43,0.04,0.93
4.6715,7,-0.935,0.03,0.08,0.35,333.58,-9.4,-0.51,-0,0,0,3.41,-0.15,0.15,0,0.16,-0.01,0.99
4.6725,2,0.891,0.09,0.04,-0.44,321.76,8.51,7.59,0,-0.01,0.01,3.78,0.46,0.46,1.37,-0.15,0.14,0.98
4.7505,5,0.909,0.08,0.16,0.38,61.15,13.08,15.52,0,0.01,0.01,3.67,0.76,0,-0.76,-0.23,0.26,0.95
4.7525,6,0.991,-0.01,-0.07,-0.11,1.17,-8.69,-0.72,-0,0.01,0,3.64,-0.31,0,0.92,0.16,-0.02,0.99
4.7555,3,1,0,0,0,0,0,0,0,0,0,3.93,0,0,0,0,0,0
4.7575,1,-0.004,-0.21,-0.02,-0.98,193.08,-24.58,2.37,0,-0.01,0.01,3.89,0.46,0.76,0.76,0.42,0.03,0.92
4.7745,4,-0.936,0.09,-0.16,0.3,336.52,13.94,-16.04,0,0,0.01,0,-0.92,-0.23,0.26,0.95,0,0
4.7765,2,0.891,0.09,0.04,-0.44,321.78,8.6,7.62,0.01,-0.01,0.01,3.78,1.07,0,2.14,-0.15,0.15,0.98
4.8535,3,1,0,0,0,0,0,0,0,0,0,3.93,0,0,0,0,0,0
4.8555,6,0.991,-0.01,-0.07,-0.11,1.29,-8.7,-0.75,0,0,0,3.64,0,0.15,0.15,0.16,-0.01,0.99
4.8595,4,-0.936,0.09,-0.16,0.3,336.45,13.93,-16.01,-0.01,-0,0.01,3.61,0,0.46,0.15,-0.25,-0.27,0.94
4.8605,1,-0.003,-0.21,-0.02,-0.98,193.15,-24.56,2.35,-0,0,0.02,3.89,0.31,-0.76,0.61,0.43,0.04,0.92
4.8745,7,-0.935,0.03,0.07,0.35,333.42,-9.18,-0.61,0.01,0,0.01,3.41,0,0.15,-0.31,0.16,-0.01,1
4.8755,2,0.892,0.09,0.04,-0.44,321.97,8.5,7.77,0.01,-0,0,3.78,1.07,-0.46,1.68,-0.14,0.14,0.98
4.9515,5,0.909,0.08,0.16,0.38,60.91,13.08,15.63,-0,-0,0.02,3.67,0.46,0,-1.22,-0.23,0.27,0.96
4.9575,6,0.991,-0.02,-0.07,-0.11,1.33,-8.69,-0.78,0,0,0,3.64,-0.31,0,0.46,0.15,-0.01,0.99
4.9605,3,1,0,0,0,0,0,0,0,0,0,3.93,0,0,0,0,0,0
4.9625,1,-0.003,-0.21,-0.02,-0.98,193.17,-24.55,2.34,-0.01,0,0.02,3.89,0,-0.46,0.31,0.43,0.04,0.92
4.9835,4,-0.936,0.09,-0.16,0.3,336.53,13.96,-15.95,-0,0,0,0,0,0,0,0,0,0
4.9855,2,0.892,0.09,0.04,-0.44,321.99,8.45,7.91,0.01,-0,0.01,3.78,0.15,0,0.15,-0.15,0.14,0.99
5.0425,5,0.91,0.08,0.16,0.38,60.7,13.05,15.62,0.01,0,0.01,3.67,0.46,0,0,-0.23,0.26,0.95
5.0445,6,0.991,-0.01,-0.07,-0.11,1.23,-8.68,-0.75,0,0,0,3.64,-0.15,0.15,-0.46,0.15,-0.01,0.99
5.0495,3,1,0,0,0,0,0,0,0,0,0,3.93,0,0,0,0,0,0
5.0505,1,-0.003,-0.21,-0.02,-0.98,193.16,-24.62,2.4,-0,0,0.01,3.89,-0.31,0,-0.46,0.43,0.04,0.92
5.0765,4,-0.937,0.09,-0.16,0.3,336.74,13.98,-15.95,0,-0.01,0,3.61,-0.46,0,2.14,-0.25,-0.25,0.94
5.0785,2,0.891,0.09,0.04,-0.44,321.79,8.5,7.88,0,0,0,3.78,0.15,0,-1.83,-0.14,0.13,0.98
5.1425,7,-0.935,0.03,0.07,0.35,333.45,-9.12,-0.68,0,-0,0.01,3.41,-0.46,0.46,0.46,0.16,-0.01,0.99
5.1435,6,0.991,-0.02,-0.07,-0.11,1.13,-8.61,-0.77,-0,0,-0,3.64,0,0,-0.76,0.16,-0.02,0.99
5.1495,5,0.91,0.08,0.16,0.38,60.8,13.03,15.64,0,-0,0.01,3.67,0,0,0,-0.23,0.26,0.95
5.1515,1,-0.004,-0.21,-0.02,-0.98,193.05,-24.69,2.38,-0,-0,0.01,3.89,-0.31,0,-0.46,0.43,0.04,0.92
5.1765,3,1,0,0,0,0,0,0,0,0,0,3.93,0,0,0,0,0,0
5.1775,2,0.89,0.09,0.04,-0.44,321.62,8.5,7.8,-0,0,0.01,3.78,-0.15,0,-0.46,-0.15,0.13,0.99
5.2545,0,0,0,0,0,0,0,0,0,0,0,0,0,0,0,0,0,0
5.2555,6,0.991,-0.02,-0.07,-0.11,1.12,-8.62,-0.83,-0,0.01,0,3.64,0,0,-0.46,0.15,-0.02,0.99
5.2585,3,1,0,0,0,0,0,0,0,0,0,3.93,0,0,0,0,0,0
5.2605,1,-0.005,-0.21,-0.02,-0.98,192.92,-24.67,2.35,0,-0,0.02,3.89,0,0.76,-0.15,0.42,0.04,0.92
5.2775,4,-0.938,0.09,-0.16,0.3,337.12,14.03,-15.74,-0,-0,0,3.61,0,0.76,0.15,-0.25,-0.27,0.94
5.2795,2,0.89,0.09,0.04,-0.45,321.49,8.54,7.7,-0,0,0.01,3.78,0,0,0.15,-0.15,0.13,0.98
5.3555,7,-0.935,0.03,0.07,0.35,333.51,-9.04,-0.76,-0,0,0,3.41,-0.31,0,0,0.16,-0.02,0.99
5.3575,6,0.991,-0.02,-0.07,-0.11,1.08,-8.61,-0.81,0,0.01,0,3.64,0.15,-0.61,-0.31,0.15,-0.02,0.99
5.3605,5,0.909,0.08,0.16,0.38,60.91,12.97,15.8,0,0.01,0.01,3.67,0.76,0.15,-0.46,-0.23,0.26,0.95
5.3615,1,-0.005,-0.21,-0.02,-0.98,192.94,-24.65,2.37,0,0,0.02,3.89,0,0,0.46,0.42,0.04,0.93
5.3835,3,1,0,0,0,0,0,0,0,0,0,3.93,0,0,0,0,0,0
5.3845,2,0.89,0.09,0.04,-0.45,321.48,8.55,7.73,-0,0,0,3.78,-0.15,0.15,0.46,-0.15,0.13,0.98
5.4425,4,-0.937,0.09,-0.16,0.3,337,14.13,-15.86,-0,-0,0.79,-0,0.01,0.01,3.67,0.92,0.31,0.31
5.4445,6,0.991,-0.02,-0.07,-0.11,1.09,-8.66,-0.79,0.01,0,0,3.64,0,-0.31,0.76,0.15,-0.01,0.99
5.4485,3,1,0,0,0,0,0,0,0,0,0,3.93,0,0,0,0,0,0
5.4675,1,-0.005,-0.21,-0.02,-0.98,192.95,-24.65,2.35,0,-0,0.01,3.89,0,0.46,0.46,0.43,0.04,0.92
5.4905,4,-0.937,0.09,-0.16,0.3,336.86,14.11,-15.83,-0.01,-0.01,0.01,3.61,-0.92,0.92,0,-0.25,-0.26,0.94
5.4925,2,0.891,0.09,0.04,-0.44,321.67,8.53,7.72,0,-0,0.01,3.78,0.46,0,1.83,-0.15,0.14,0.99
5.5485,7,-0.935,0.03,0.07,0.35,333.36,-8.97,-0.77,0.01,-0,0,3.41,-0.46,0.46,0.15,0.16,-0.01,0.99
5.5495,6,0.991,-0.02,-0.07,-0.11,1.2,-8.71,-0.82,0,-0,0,3.64,0.15,-0.46,0,0.15,-0.01,0.99
5.5545,5,0.909,0.08,0.16,0.38,60.9,12.91,15.83,-0.01,0.01,0.01,3.67,0.15,0.92,-1.53,-0.24,0.26,0.95
5.5555,1,-0.005,-0.21,-0.02,-0.98,192.92,-24.63,2.33,-0,0,0.02,3.89,0,0.61,0,0.43,0.04,0.92
5.5725,3,1,0,0,0,0,0,0,0,0,0,3.93,0,0,0,0,0,0
5.5745,2,0.891,0.09,0.04,-0.44,321.82,8.54,7.77,0.01,0,-0,3.78,0.46,-0.15,0.92,-0.14,0.14,0.98
5.6575,4,-0.937,0.09,-0.16,0.3,336.79,14.22,-15.93,0,0.01,0,0,0,0,0,0,0,0
5.6595,6,0.991,-0.02,-0.08,-0.11,1.23,-8.77,-0.81,-0,-0,0,3.64,0,-0.31,-0.61,0.15,-0.01,0.99
5.6625,5,0.909,0.08,0.16,0.38,60.92,13.04,15.8,0.01,0,0.02,3.67,0.31,0.92,0.15,-0.23,0.26,0.95
5.6635,1,-0.005,-0.21,-0.02,-0.98,193,-24.52,2.4,-0,0,0.02,3.89,-0.31,0,-0.15,0.42,0.04,0.93
5.6835,3,1,0,0,0,0,0,0,0,0,0,3.93,0,0,0,0,0,0
5.6855,2,0.892,0.09,0.04,-0.44,321.91,8.39,7.87,0.02,-0,0.01,3.78,0.31,-0.76,0.61,-0.14,0.15,0.98
5.7435,4,-0.937,0.09,-0.16,0.3,336.77,14.33,-16.05,-0,-0,0.01,3.61,-0.61,-0.15,0.46,-0.25,-0.27,0.94
5.7445,6,0.991,-0.02,-0.08,-0.11,1.14,-8.76,-0.77,-0,-0,0,3.64,-0.15,0,0,0.15,-0.01,0.99
5.7485,7,-0.935,0.03,0.07,0.35,333.5,-8.85,-0.98,0,0,0.01,3.41,-1.22,0.61,0.76,0.16,-0.02,0.99
5.7495,1,-0.005,-0.21,-0.02,-0.98,192.97,-24.47,2.39,-0,0,0.01,3.89,-0.61,1.07,-0.61,0.42,0.04,0.92
5.7775,5,0.909,0.08,0.16,0.38,61.09,13.06,15.78,-0,-0,0.02,3.67,0,1.07,0.92,-0.23,0.27,0.95
5.7785,2,0.891,0.09,0.04,-0.44,321.71,8.37,7.9,0,-0,0,3.78,0.15,-0.15,-0.15,-0.15,0.14,0.98
5.8515,3,1,0,0,0,0,0,0,0,0,0,3.93,0,0,0,0,0,0
5.8545,6,0.991,-0.02,-0.08,-0.11,1.06,-8.75,-0.77,-0,0,0,3.64,0,0,-1.53,0.15,-0.01,0.99
5.8585,4,-0.937,0.09,-0.16,0.3,336.93,14.35,-16.09,-0.01,0,0,-0,0.01,3.67,-0.61,0.76,1.53,-0.23
5.8595,1,-0.005,-0.21,-0.02,-0.98,192.95,-24.48,2.45,0,0,0.02,3.89,-0.61,0,-1.37,0.42,0.04,0.93
5.8775,3,1,0,0,0,0,0,0,0,0,0,3.93,0,0,0,0,0,0
5.8785,2,0.89,0.09,0.03,-0.44,321.57,8.38,7.97,-0,-0,-0,3.78,0.15,-0.15,-1.83,-0.15,0.14,0.98
5.9515,4,-0.938,0.09,-0.16,0.29,337.17,14.3,-16.08,0,0.01,0.01,3.61,-0.46,-0.61,1.68,-0.24,-0.28,0.94
5.9535,6,0.99,-0.02,-0.07,-0.11,0.89,-8.7,-0.74,0,0,0,3.64,0,-0.31,0,0.15,-0.01,0.99
5.9575,7,-0.937,0.04,0.07,0.34,334.06,-8.7,-1.36,0.02,-0.01,0.01,3.41,-0.31,0.31,1.83,0.16,-0,1
5.9595,1,-0.005,-0.21,-0.02,-0.98,192.91,-24.43,2.43,0,0,0.02,3.89,0,0.31,0,0.42,0.04,0.93
5.9905,5,0.907,0.08,0.16,0.38,61.6,13.14,15.93,-0.01,-0,0.02,3.67,-0.31,0.76,3.81,-0.24,0.28,0.95
5.9925,2,0.889,0.09,0.04,-0.45,321.38,8.43,7.91,-0,-0,0,3.78,0,-0.31,0,-0.15,0.13,0.98
6.0485,3,1,0,0,0,0,0,0,0,0,0,3.93,0,0,0,0,0,0
6.0495,6,0.99,-0.01,-0.07,-0.12,0.84,-8.65,-0.72,0.01,0,0,3.64,0,-0.15,0,0.15,-0.01,0.99
6.0545,4,-0.938,0.09,-0.16,0.29,337.37,14.3,-16.08,0,-0,0,0,0,0,0,0,0,0
6.0565,1,-0.006,-0.21,-0.02,-0.98,192.87,-24.34,2.39,0,-0,0.02,3.89,0,0.15,0,0.42,0.03,0.93
6.0825,5,0.906,0.08,0.16,0.38,61.7,13.16,15.93,-0.01,0,0.01,3.67,-0.31,0.15,-0.31,-0.24,0.27,0.94
6.0845,2,0.89,0.09,0.03,-0.44,321.53,8.33,7.96,0.01,-0,0,3.78,0.15,-0.15,1.37,-0.14,0.14,0.98
6.1585,3,1,0,0,0,0,0,0,0,0,0,3.93,0,0,0,0,0,0
6.1605,6,0.99,-0.01,-0.07,-0.12,0.85,-8.7,-0.7,0.01,0,0.01,3.64,0,-0.15,0.61,0.15,-0.01,0.99
6.1635,4,-0.938,0.09,-0.16,0.29,337.39,14.32,-16.16,0,0,0,3.61,-0.76,-0.31,2.14,-0.25,-0.26,0.94
6.1655,1,-0.005,-0.21,-0.02,-0.98,192.92,-24.36,2.38,0,0,0.02,3.89,0.46,0.15,0.61,0.41,0.04,0.93
6.1825,7,-0.937,0.04,0.07,0.34,334.26,-8.52,-1.45,-0,0,0.01,3.41,-0.31,0.15,0,0.15,-0.03,1
6.1835,2,0.891,0.09,0.03,-0.44,321.69,8.24,7.97,0,-0,0.01,3.78,-0.31,-0.31,1.53,-0.14,0.14,0.98
6.2605,5,0.906,0.08,0.16,0.38,61.75,13.15,15.94,-0.01,-0.01,0.02,3.67,0.31,0,0.76,-0.24,0.28,0.95
6.2625,6,0.99,-0.01,-0.08,-0.11,0.9,-8.8,-0.68,0,0,0,3.64,0,-0.15,0.92,0.16,-0.01,0.99
6.2645,3,1,0,0,0,0,0,0,0,0,0,3.93,0,0,0,0,0,0
6.2665,1,-0.005,-0.21,-0.02,-0.98,192.96,-24.33,2.38,0,0,0.02,3.89,0.31,0.76,0.46,0.42,0.04,0.93
6.2845,4,-0.938,0.09,-0.16,0.29,337.3,14.27,-16.07,-0,-0.01,-1,-0.15,0.15,0.15,-0.02,1,0,0
6.2875,2,0.891,0.09,0.03,-0.44,321.83,8.15,7.95,0.01,-0,-0,3.78,-0.31,-0.61,0.92,-0.14,0.15,0.98
6.3515,5,0.907,0.08,0.16,0.38,61.56,13.21,16,0,0,0.02,3.67,0.31,-0.15,-1.07,-0.24,0.27,0.95
6.3535,6,0.99,-0.01,-0.08,-0.11,0.98,-8.86,-0.71,0,0,0,3.64,0,-0.31,-0.46,0.16,-0.01,0.99
6.3565,3,1,0,0,0,0,0,0,0,0,0,3.93,0,0,0,0,0,0
6.3575,1,-0.004,-0.21,-0.02,-0.98,193.01,-24.35,2.42,-0,0,0.03,3.89,0,-0.31,-0.15,0.42,0.04,0.94
6.4045,4,-0.937,0.09,-0.16,0.3,336.94,14.38,-16.19,-0.01,-0,0,3.61,-0.31,0.31,-0.31,-0.26,-0.27,0.93
6.4065,2,0.891,0.09,0.03,-0.44,321.71,8.12,8,0,-0,0,3.78,0,-0.61,-1.98,-0.14,0.14,0.98
6.4615,7,-0.938,0.04,0.07,0.34,334.35,-8.51,-1.57,-0,0.01,0,3.41,-0.15,0,0.61,0.15,-0.03,0.99
6.4635,6,0.99,-0.02,-0.08,-0.11,0.99,-8.87,-0.74,0,0,0,3.64,-0.15,-0.31,0,0.16,-0.01,0.99
6.4665,5,0.907,0.08,0.16,0.38,61.4,13.28,16.02,0.01,0,0.01,3.67,0.15,-0.31,-1.53,-0.22,0.26,0.95
6.4685,1,-0.005,-0.21,-0.02,-0.98,192.98,-24.39,2.43,-0,0,0.02,3.89,-0.31,0,-0.31,0.42,0.04,0.93
6.4855,3,1,0,0,0,0,0,0,0,0,0,3.93,0,0,0,0,0,0
6.4875,2,0.89,0.09,0.03,-0.44,321.57,8.1,7.87,0,-0,0.01,3.78,0,-0.15,-0.76,-0.14,0.14,0.99
6.5655,4,-0.937,0.09,-0.16,0,0,0,0,0,0,0,0,0,0,0,0,0,0
6.5675,6,0.99,-0.02,-0.08,-0.11,1.03,-8.88,-0.82,0,0,0,3.64,-0.31,-0.31,0,0.16,-0.01,0.99
6.5705,5,0.907,0.08,0.16,0.38,61.48,13.21,15.97,0,0,0.01,3.67,-0.46,0,2.14,-0.23,0.27,0.95
6.5725,1,-0.004,-0.21,-0.02,-0.98,193.01,-24.39,2.51,-0,-0,0.02,3.89,-0.15,0.46,-0.46,0.42,0.04,0.93
6.5895,3,1,0,0,0,0,0,0,0,0,0,3.93,0,0,0,0,0,0
6.5915,2,0.89,0.09,0.03,-0.45,321.43,8.09,7.84,0,0,0,3.78,0,0.15,-1.07,-0.14,0.13,0.99
6.6665,4,-0.937,0.09,-0.16,0.29,337.15,14.33,-16.09,-0.01,0.01,0.01,3.61,-0.31,-0.92,1.68,-0.24,-0.28,0.94
6.6685,6,0.99,-0.02,-0.08,-0.11,1.1,-9,-0.86,-0,-0,0,3.64,0,-0.31,-0.15,0.16,-0.01,0.99
6.6725,7,-0.938,0.04,0.07,0.34,334.47,-8.54,-1.57,-0,0,0.01,3.41,-0.46,0.15,1.07,0.15,-0.03,0.99
6.6745,1,-0.004,-0.21,-0.02,-0.98,193.02,-24.39,2.51,0,0,0.02,3.89,0,-0.61,0.15,0.42,0.04,0.93
6.6875,5,0.907,0.08,0.16,0.38,61.48,13.16,16.04,0.01,0,0.01,3.67,0,0,2.29,-0.23,0.26,0.95
6.6895,2,0.89,0.09,0.03,-0.45,321.36,8.09,7.92,0,0,0.01,3.78,-0.61,0.31,0.46,-0.14,0.14,0.99
6.7645,3,1,0,0,0,0,0,0,0,0,0,3.93,0,0,0,0,0,0
6.7665,6,0.99,-0.02,-0.08,-0.11,1.17,-9.09,-0.88,0,-0,0,3.64,0,-0.46,0.76,0.16,-0.01,0.99
6.7695,4,-0.938,0.09,-0.16,0.29,337.31,14.21,-16.02,-0,-0,0,0,0,0,0,0,0,0
6.7705,1,-0.004,-0.21,-0.02,-0.98,193.03,-24.42,2.48,0,0,0.02,3.88,0.31,0.76,0.61,0.42,0.04,0.93
6.7885,5,0.906,0.08,0.16,0.38,61.82,13.09,16.12,-0.01,-0,0.02,3.67,0,-0.15,1.83,-0.23,0.28,0.95
6.7905,2,0.89,0.09,0.03,-0.45,321.36,8.1,7.94,-0,-0,0.01,3.78,-0.15,0.31,1.68,-0.14,0.14,0.99
6.8655,3,1,0,0,0,0,0,0,0,0,0,3.93,0,0,0,0,0,0
6.8665,6,0.991,-0.02,-0.08,-0.11,1.28,-9.11,-0.9,0.01,-0,0,3.64,0.15,-0.15,0,0.16,-0.01,0.99
6.8705,4,-0.938,0.09,-0.16,0.29,337.35,14.22,-16.02,-0,0,0.01,3.61,0.15,0,-0.46,-0.25,-0.27,0.94
6.8715,1,-0.004,-0.21,-0.02,-0.98,193.04,-24.37,2.48,0,0,0.02,3.88,0.31,-0.15,0.15,0.42,0.04,0.93
6.8895,7,-0.938,0.04,0.06,0.34,334.54,-8.46,-1.71,0.01,-0,0.01,3.41,-0.15,0,-0.31,0.15,-0.02,1
6.8915,2,0.89,0.09,0.03,-0.45,321.45,8.19,7.83,0.01,-0,0.01,3.78,0.15,0.15,0.61,-0.14,0.14,0.98
6.9665,5,0.906,0.08,0.16,0.38,61.84,13.09,16.14,-0.01,-0,0.02,3.67,0,-0.31,-1.53,-0.23,0.28,0.95
6.9705,6,0.991,-0.02,-0.08,-0.11,1.36,-9.1,-0.93,0,-0,0,3.64,0.15,0,0,0.16,-0.02,0.99
6.9745,3,1,0,0,0,0,0,0,0,0,0,3.93,0,0,0,0,0,0
6.9755,1,-0.004,-0.21,-0.02,-0.98,193.05,-24.45,2.5,0,0,0.02,3.88,0,0,0,0.42,0.04,0.93
7.0085,4,-0.938,0.09,-0.16,0.29,337.27,14.2,-16.02,0,0,0,0,0,0,0,0,0,0
7.0105,2,0.89,0.09,0.03,-0.45,321.48,8.17,7.88,0,-0,0.01,3.78,0.46,0,0.31,-0.14,0.14,0.99
7.0695,3,1,0,0,0,0,0,0,0,0,0,3.93,0,0,0,0,0,0
7.0715,6,0.991,-0.02,-0.08,-0.11,1.25,-9.13,-0.82,0,-0,0,3.64,0,0.15,0,0.16,-0.01,0.99
7.0765,4,-0.938,0.09,-0.16,0.29,337.18,14.23,-16.14,-0.01,0,0.02,3.61,0,0,0,-0.25,-0.28,0.94
7.0785,1,-0.004,-0.21,-0.02,-0.98,193.02,-24.34,2.46,-0,0,0.02,3.88,0,-0.15,0,0.42,0.04,0.93
7.1005,7,-0.938,0.04,0.06,0.34,334.39,-8.51,-1.73,0.01,-0,0.01,3.41,0,0,-1.07,0.16,-0.02,0.99
7.1025,2,0.89,0.09,0.03,-0.44,321.55,8.06,8.02,0,-0,0,3.78,0.61,0,0.76,-0.14,0.14,0.98
7.1605,5,0.908,0.08,0.16,0.38,61.2,13.17,15.92,0.01,0,0.02,3.67,-0.46,-0.76,-1.98,-0.23,0.27,0.95
7.1615,6,0.99,-0.02,-0.08,-0.11,1.19,-9.15,-0.77,0,-0,0,3.64,0.15,0,0,0.16,-0.01,0.99
7.1665,3,1,0,0,0,0,0,0,0,0,0,3.93,0,0,0,0,0,0
7.1675,1,-0.005,-0.21,-0.02,-0.98,192.98,-24.36,2.43,0,0,0.02,3.88,0,0,0,0.42,0.04,0.93
7.1905,0,0,0,0,0,0,0,0,0,0,0,0,0,0,0,0,0,0
7.1925,2,0.89,0.09,0.03,-0.44,321.56,7.98,8.2,-0,-0.01,0.01,3.78,0.15,0,-0.46,-0.14,0.14,0.99
7.2705,3,1,0,0,0,0,0,0,0,0,0,3.93,0,0,0,0,0,0
7.2725,6,0.991,-0.02,-0.08,-0.11,1.22,-9.13,-0.76,-0,-0,-0,3.64,0,0.15,0.31,0.16,-0.01,0.99
7.2775,4,-0.937,0.09,-0.16,0.29,337.19,14.31,-16.2,-0,-0,0.01,3.61,-0.15,-0.31,1.98,-0.25,-0.27,0.94
7.2795,1,-0.005,-0.21,-0.02,-0.98,192.94,-24.28,2.38,-0,-0,0.02,3.88,0,0.76,0.15,0.42,0.04,0.93
7.2925,7,-0.938,0.04,0.07,0.34,334.4,-8.6,-1.66,0.01,-0,0,3.41,0.31,0,0,0.16,-0.02,0.99
7.2935,2,0.89,0.1,0.03,-0.45,321.46,8.05,8.24,-0.01,0,0,3.78,0.46,0,0.31,-0.14,0.14,0.98
7.3695,5,0.909,0.08,0.16,0.38,61.05,13.23,15.78,-0,0,0.02,3.67,-0.46,0,1.22,-0.24,0.27,0.95
7.3715,6,0.991,-0.02,-0.08,-0.11,1.18,-9.07,-0.73,0,-0,0,3.64,-0.15,0.15,-0.76,0.16,-0.01,0.99
7.3745,3,1,0,0,0,0,0,0,0,0,0,3.93,0,0,0,0,0,0
7.3755,1,-0.006,-0.21,-0.02,-0.98,192.89,-24.29,2.35,0,-0,0.02,3.88,-0.15,0.31,-0.46,0.42,0.04,0.93
7.3935,4,-0.938,0.09,-0.16,0.29,337.4,14.39,-16.16,-0,0,1,3.67,-0.46,0,1.68,-0.23,0.27,0.95
7.3945,2,0.89,0.1,0.03,-0.44,321.5,8.04,8.24,-0,-0,0,3.78,0,0,-0.76,-0.14,0.14,0.98
7.4715,3,1,0,0,0,0,0,0,0,0,0,3.93,0,0,0,0,0,0
7.4735,6,0.991,-0.02,-0.08,-0.11,1.27,-9.1,-0.81,0,0,0,3.64,-0.15,-0.31,0,0.16,-0.01,0.99
7.4765,4,-0.939,0.09,-0.16,0.29,337.69,14.39,-16.16,0.01,-0,0,3.61,0.15,-0.31,0.46,-0.24,-0.26,0.94
7.4785,1,-0.006,-0.21,-0.02,-0.98,192.85,-24.26,2.33,0,0,0.02,3.88,0,0.15,0,0.42,0.04,0.93
7.4955,7,-0.938,0.04,0.07,0.34,334.48,-8.6,-1.55,-0,-0,0,3.41,0.31,0,-0.46,0.15,-0.03,0.99
7.4975,2,0.89,0.1,0.03,-0.45,321.45,8.03,8.26,-0.01,-0,0.01,3.78,0,0.15,0,-0.14,0.14,0.98
7.5725,5,0.908,0.08,0.16,0.38,61.32,13.19,15.78,-0,-0,0.02,3.67,0,-0.31,-0.31,-0.23,0.27,0.95
7.5735,6,0.991,-0.02,-0.08,-0.11,1.26,-9.1,-0.81,0.01,0,0,3.64,-0.15,0,0.15,0.17,-0.01,0.99
7.5765,3,1,0,0,0,0,0,0,0,0,0,3.93,0,0,0,0,0,0
7.5775,1,-0.006,-0.21,-0.02,-0.98,192.88,-24.18,2.37,0,-0,0.01,3.88,0,0,0.15,0.42,0.03,0.93
7.5955,4,-0.939,0.09,-0.16,0.29,337.65,14.27,-16.06,0,0,0.23,0.28,0.95,0,0,0,0,0
7.5975,2,0.89,0.1,0.03,-0.45,321.42,8.07,8.25,-0,0,0.01,3.78,-0.15,0,0.31,-0.14,0.14,0.99
7.6725,3,1,0,0,0,0,0,0,0,0,0,3.93,0,0,0,0,0,0
7.6735,6,0.99,-0.02,-0.08,-0.11,1.28,-9.23,-0.79,-0,-0,0,3.64,0,0,0.15,0.16,-0.01,0.99
7.6775,4,-0.938,0.09,-0.16,0.29,337.53,14.19,-16.13,-0.01,0.01,0.01,3.61,0.61,0.46,-1.68,-0.25,-0.28,0.94
7.6785,1,-0.006,-0.21,-0.02,-0.98,192.85,-24.17,2.33,0,0,0.01,3.88,0.31,0.15,0.61,0.42,0.04,0.93
7.6965,7,-0.937,0.04,0.07,0.34,334.34,-8.68,-1.35,-0,-0,0.01,3.41,0.61,-0.46,-1.22,0.15,-0.03,1
7.6985,2,0.89,0.1,0.03,-0.44,321.5,8.02,8.23,-0,-0,0.02,3.78,-0.46,0.15,1.07,-0.14,0.15,0.99
7.7745,5,0.908,0.08,0.16,0.38,61.32,13.16,15.81,0,-0.01,0.02,3.67,0.61,-0.31,-0.15,-0.22,0.28,0.96
7.7765,6,0.99,-0.02,-0.08,-0.11,1.31,-9.26,-0.77,-0,-0.01,0,3.64,0,0,0.46,0.16,-0.01,0.99
7.7795,3,1,0,0,0,0,0,0,0,0,0,3.93,0,0,0,0,0,0
7.7805,1,-0.006,-0.21,-0.02,-0.98,192.88,-24.12,2.35,-0,0,0.02,3.88,0.15,0.92,0.46,0.42,0.04,0.92
7.7985,4,-0.938,0.09,-0.16,0.29,337.39,14.17,-16.11,0,-0.01,0,0,0,0,0,0,0,0
7.7995,2,0.89,0.09,0.03,-0.44,321.55,8.09,8.16,-0,-0,0,3.78,0,0,1.83,-0.14,0.14,0.98
7.8675,5,0.908,0.08,0.16,0.38,61.17,13.07,15.79,0.01,0,0.02,3.67,-0.31,-0.31,-1.53,-0.22,0.27,0.96
7.8695,6,0.991,-0.02,-0.08,-0.11,1.36,-9.28,-0.8,-0,-0,-0,3.64,0,0,-0.46,0.16,-0.01,0.99
7.8725,3,1,0,0,0,0,0,0,0,0,0,3.93,0,0,0,0,0,0
7.8745,1,-0.005,-0.21,-0.02,-0.98,192.91,-24.13,2.4,0,0.01,0.02,3.88,0,0.46,-0.31,0.42,0.04,0.93
7.8975,4,-0.938,0.09,-0.16,0.29,337.13,14.14,-16.1,-0.01,0,0.01,3.61,-0.31,-0.15,-0.15,-0.25,-0.28,0.93
7.8985,2,0.89,0.09,0.03,-0.44,321.57,8.12,8.12,-0,0,0,3.78,0.15,0,-0.92,-0.14,0.14,0.98
7.9665,7,-0.937,0.04,0.07,0.34,334.28,-8.82,-1.21,-0,-0,0.01,3.41,0.31,-0.15,0,0.15,-0.02,0.99
7.9685,6,0.99,-0.02,-0.08,-0.11,1.28,-9.25,-0.75,-0,-0,0,3.64,0,0.15,-0.31,0.15,-0.01,0.99
7.9735,5,0.909,0.08,0.16,0.38,61.04,13.07,15.75,0.01,0,0.02,3.67,-0.46,0,0.61,-0.22,0.27,0.96
7.9755,1,-0.005,-0.21,-0.02,-0.98,192.91,-24.07,2.39,0,0.01,0.02,3.88,-0.15,0.15,-0.31,0.41,0.05,0.93
8.0005,3,1,0,0,0,0,0,0,0,0,0,3.93,0,0,0,0,0,0
8.0035,2,0.89,0.09,0.03,-0.44,321.54,8.06,8.16,0,-0,0,3.78,0.61,-0.31,-0.31,-0.14,0.14,0.98
8.0795,4,-0.938,0.09,-0.16,0.29,337.25,14.13,-16.09,0.01,-0,9,0.01,0,0.01,3.67,-0.92,0.31,1.53
8.0805,6,0.99,-0.02,-0.08,-0.11,1.22,-9.18,-0.74,0,-0,0,3.64,0,0.15,-0.46,0.16,-0.01,0.99
8.0855,3,1,0,0,0,0,0,0,0,0,0,3.93,0,0,0,0,0,0
8.0865,1,-0.005,-0.21,-0.02,-0.98,192.89,-24.16,2.43,-0,-0,0.02,3.88,0,-0.15,-0.31,0.41,0.04,0.93
8.1035,4,-0.938,0.09,-0.16,0.29,337.22,14.18,-16.1,-0,0,0.02,3.61,-0.46,-0.92,1.22,-0.25,-0.27,0.94
8.1055,2,0.89,0.09,0.03,-0.45,321.42,8.08,8.18,-0,-0,0,3.78,0.46,-0.46,-0.31,-0.14,0.14,0.99
8.1845,7,-0.937,0.04,0.07,0.34,334.31,-8.8,-1.18,0.01,-0,0.01,3.41,0,0,0.46,0.16,-0.01,0.99
8.1865,6,0.99,-0.02,-0.08,-0.11,1.2,-9.25,-0.71,0,-0,0,3.64,0,0,-0.15,0.16,-0.01,0.99
8.1905,5,0.908,0.08,0.16,0.38,61.23,12.98,15.66,-0,0,0.02,3.67,-1.07,0.15,1.53,-0.23,0.27,0.95
8.1925,1,-0.005,-0.21,-0.02,-0.98,192.93,-24.2,2.45,0,0,0.02,3.88,-0.31,0,0,0.42,0.04,0.93
8.2045,3,1,0,0,0,0,0,0,0,0,0,3.93,0,0,0,0,0,0
8.2065,2,0.89,0.09,0.03,-0.45,321.46,8.02,8.18,0,-0,0.01,3.78,0,0.15,0.92,-0.14,0.15,0.99
8.2835,4,-0.938,0.09,-0.16,0.29,337.3,14.11,-16.11,0,0,0,334.25,-8.81,-1.15,0,0,0.01,3.41
8.2855,6,0.99,-0.02,-0.08,-0.11,1.18,-9.26,-0.69,-0,-0,-0,3.64,0,-0.15,0.31,0.16,-0.01,0.98
8.2895,5,0.909,0.08,0.16,0.38,61.1,13.08,15.57,-0,0,0.01,3.67,-0.46,-0.15,-2.14,-0.23,0.27,0.95
8.2915,1,-0.005,-0.21,-0.02,-0.98,192.96,-24.21,2.47,0,-0.01,0.01,3.88,0.15,0.76,0.15,0.41,0.03,0.92
8.3075,3,1,0,0,0,0,0,0,0,0,0,3.93,0,0,0,0,0,0
8.3095,2,0.89,0.09,0.03,-0.44,321.54,8.01,8.22,-0,-0,0,3.78,-0.15,0.15,0.76,-0.14,0.14,0.98
8.3835,4,-0.937,0.09,-0.16,0.3,336.88,14.01,-16.12,-0.01,0.01,0.01,3.61,-0.15,0.31,-1.07,-0.25,-0.28,0.94
8.3855,6,0.99,-0.02,-0.08,-0.11,1.22,-9.23,-0.7,0,-0,0,3.64,0.15,-0.46,-0.31,0.17,-0.01,0.99
8.3895,7,-0.937,0.04,0.07,0.34,334.2,-8.88,-1.15,0,-0,0.01,3.41,0,-0.31,-0.31,0.16,-0.01,1
8.3905,1,-0.005,-0.21,-0.02,-0.98,192.92,-24.21,2.4,0,-0,0.02,3.88,0.15,0,0.31,0.41,0.04,0.93
8.4075,5,0.909,0.08,0.16,0.38,60.89,13.14,15.54,0,0.01,0.01,3.67,-0.15,0,-0.92,-0.23,0.26,0.96
8.4095,2,0.89,0.09,0.03,-0.44,321.62,8.02,8.17,0,-0,0,3.78,0,0.15,-0.31,-0.14,0.14,0.98
8.4845,3,1,0,0,0,0,0,0,0,0,0,3.93,0,0,0,0,0,0
8.4865,6,0.99,-0.01,-0.08,-0.11,1.23,-9.3,-0.68,0,0,0,3.64,0,0,0.46,0.16,-0.01,0.99
8.4935,0,0,0,0,0,0,0,0,0,0,0,0,0,0,0,0,0,0
8.4955,1,-0.004,-0.21,-0.02,-0.98,193.04,-24.14,2.45,0,0,0.02,3.88,0.15,0,0.31,0.41,0.05,0.93
8.5105,3,1,0,0,0,0,0,0,0,0,0,3.93,0,0,0,0,0,0
8.5125,2,0.891,0.09,0.03,-0.44,321.66,8.03,8.18,0,0,0.01,3.78,-0.31,0,0.15,-0.14,0.15,0.98
8.5885,4,-0.936,0.09,-0.16,0.3,336.76,14.1,-16.22,-0,0.01,0.02,3.61,-0.46,0.15,0.61,-0.25,-0.28,0.94
8.5905,6,0.99,-0.01,-0.08,-0.11,1.22,-9.3,-0.67,0,-0,0,3.64,0,0,0,0.16,-0.01,0.99
8.5935,7,-0.937,0.04,0.07,0.34,334.08,-8.96,-1.09,0.01,0,0.01,3.41,0.31,-0.31,0,0.16,-0.01,0.99
8.5955,1,-0.005,-0.21,-0.02,-0.98,192.99,-24.15,2.43,-0,0,0.02,3.88,0,0.15,0,0.42,0.04,0.93
8.6125,5,0.91,0.08,0.16,0.38,60.84,13.2,15.48,0.01,0,0.02,3.67,-0.15,0.46,2.29,-0.23,0.26,0.95
8.6145,2,0.891,0.09,0.03,-0.44,321.74,7.99,8.1,0,-0,0,3.78,-0.15,-0.31,-0.15,-0.14,0.14,0.98
8.6905,3,1,0,0,0,0,0,0,0,0,0,3.93,0,0,0,0,0,0
8.6925,6,0.99,-0.01,-0.08,-0.11,1.21,-9.3,-0.67,0,0,0,3.64,0,0,-0.31,0.16,-0.01,0.98
8.6955,0,0,0,0,0,0,0,0,0,0,0,0,0,0,0,0,0,0
8.6965,1,-0.005,-0.21,-0.02,-0.98,192.99,-24.15,2.45,0,0,0.02,3.88,0,-0.15,0,0.42,0.04,0.93
8.7145,3,1,0,0,0,0,0,0,0,0,0,3.93,0,0,0,0,0,0
8.7165,2,0.891,0.09,0.03,-0.44,321.67,7.97,8.14,0,-0,0.01,3.78,-0.61,-0.31,-0.46,-0.14,0.14,0.99
8.7825,4,-0.937,0.09,-0.16,0.3,336.95,14.07,-16.13,0.01,-0,0,3.61,0,-0.15,1.07,-0.24,-0.26,0.94
8.7845,6,0.99,-0.02,-0.08,-0.11,1.27,-9.35,-0.71,-0,-0,-0,3.64,-0.15,0,0.46,0.16,-0.01,0.99
8.7875,7,-0.937,0.03,0.07,0.34,334.06,-8.97,-1.01,0.01,0,0.01,3.41,0.15,0.15,0,0.16,-0.02,0.99
8.7895,1,-0.005,-0.21,-0.02,-0.98,192.99,-24.11,2.43,0,0,0.01,3.88,0.31,0.76,0.46,0.41,0.04,0.92
8.8065,5,0.909,0.08,0.16,0.38,61.06,13.17,15.48,0,-0,0.02,3.67,0.15,0.15,0.92,-0.23,0.27,0.95
8.8085,2,0.89,0.09,0.03,-0.44,321.6,7.98,8.09,-0.01,0,0,3.78,-0.15,-0.31,0.92,-0.14,0.14,0.99
8.8845,3,1,0,0,0,0,0,0,0,0,0,3.93,0,0,0,0,0,0
8.8865,6,0.99,-0.02,-0.08,-0.11,1.28,-9.33,-0.7,-0,-0,0,3.64,0,0.15,-0.76,0.16,-0.01,0.99
8.8905,4,-0.937,0.09,-0.16,0.3,336.98,14.06,-16.09,-0,0,0.01,0,0,0,0,0,0,0
8.8925,1,-0.005,-0.21,-0.02,-0.98,192.96,-24.14,2.43,0.01,0,0.02,3.88,0,0.15,0,0.41,0.04,0.93
8.9085,5,0.909,0.08,0.16,0.38,61.14,13.04,15.55,-0,0,0.02,3.67,0.15,-0.31,0.61,-0.23,0.26,0.95
8.9105,2,0.891,0.09,0.03,-0.44,321.66,7.88,8.12,-0,0,0,3.78,0,-0.31,-0.61,-0.14,0.14,0.98
8.9845,3,1,0,0,0,0,0,0,0,0,0,3.93,0,0,0,0,0,0
8.9865,6,0.99,-0.02,-0.08,-0.11,1.27,-9.22,-0.72,0,-0,0,3.64,0,-0.15,-0.15,0.16,-0.01,0.99
8.9915,4,-0.937,0.09,-0.16,0.3,336.99,14.07,-16.06,0,-0,0.02,3.61,0.15,-0.31,-0.46,-0.25,-0.27,0.95
8.9925,1,-0.005,-0.21,-0.02,-0.98,192.98,-24.14,2.43,0,0.01,0.02,3.88,0,0,0,0.42,0.04,0.93
9.0085,7,-0.937,0.03,0.07,0.34,334.12,-9.04,-0.94,0,-0,0.01,3.41,0,0,0.15,0.16,-0.01,1
9.0105,2,0.89,0.09,0.03,-0.44,321.55,7.89,8.15,0,0,0,3.78,-0.15,0,-0.15,-0.14,0.14,0.98
9.0915,5,0.908,0.08,0.16,0.38,61.22,12.97,15.53,0,0,0.02,3.67,-0.46,-0.31,1.22,-0.23,0.27,0.96
9.0935,6,0.99,-0.02,-0.08,-0.11,1.29,-9.32,-0.72,0,-0,0,3.64,0,0,0,0.16,-0.01,0.99
9.0965,3,1,0,0,0,0,0,0,0,0,0,3.93,0,0,0,0,0,0
9.0975,1,-0.005,-0.21,-0.02,-0.98,192.94,-24.09,2.41,-0,0,0.02,3.88,0,-0.31,0,0.42,0.04,0.93
9.1095,4,-0.937,0.09,-0.16,0.3,336.95,14,-16.04,-0.01,0,0,0,0,0,0,0,0,0
9.1125,2,0.89,0.09,0.03,-0.44,321.51,7.92,8.12,0,0,0.01,3.78,0,0.15,0.15,-0.14,0.14,0.98
9.1915,5,0.908,0.08,0.16,0.38,61.23,12.94,15.49,0,-0.01,0.02,3.67,-0.15,-0.46,-0.31,-0.22,0.28,0.96
9.1935,6,0.99,-0.02,-0.08,-0.11,1.29,-9.32,-0.7,0,0,0,3.64,0,0,0.31,0.17,-0.01,0.99
9.1955,3,1,0,0,0,0,0,0,0,0,0,3.93,0,0,0,0,0,0
9.1975,1,-0.005,-0.21,-0.02,-0.98,192.94,-24.12,2.41,0,-0,0.01,3.88,0,0,0.15,0.41,0.04,0.93
9.2155,4,-0.937,0.09,-0.16,0.3,336.98,14.01,-16.04,0,-0,0.01,3.61,0.15,0.15,0,-0.25,-0.26,0.94
9.2175,2,0.89,0.09,0.03,-0.44,321.51,7.99,8.05,0,-0,0.02,3.78,-0.15,0.15,0.46,-0.14,0.15,0.99
9.2935,7,-0.937,0.03,0.07,0.34,334.05,-9.01,-0.89,0,-0,0.01,3.41,0,0,0,0.16,-0.01,0.99
9.2955,6,0.99,-0.02,-0.08,-0.11,1.29,-9.28,-0.71,0,-0,0,3.64,0,0,0.15,0.17,-0.01,0.99
9.2985,5,0.909,0.08,0.16,0.38,61.01,12.94,15.57,0,0,0.02,3.67,-0.31,-0.15,-0.92,-0.23,0.26,0.95
9.3005,1,-0.005,-0.21,-0.02,-0.98,192.91,-24.08,2.38,-0,-0,0.02,3.88,0.15,0.31,0.15,0.42,0.04,0.93
9.3175,3,1,0,0,0,0,0,0,0,0,0,3.93,0,0,0,0,0,0
9.3195,2,0.891,0.09,0.03,-0.44,321.65,7.9,8.1,0,0,0,3.78,0.15,0,1.07,-0.14,0.14,0.98
9.3965,4,-0.937,0.09,-0.16,0.3,337.01,14.05,-16.07,-0,0,0,0,0,0,0,0,0,0
9.3985,6,0.99,-0.01,-0.08,-0.11,1.21,-9.22,-0.66,0,0,0,3.64,0,0,-0.46,0.16,-0.01,0.99
9.4015,5,0.909,0.08,0.16,0.38,60.97,12.99,15.51,0,-0,0.01,3.67,-0.31,0,-0.92,-0.23,0.27,0.95
9.4035,1,-0.005,-0.21,-0.02,-0.98,192.98,-24.14,2.42,0,-0,0.02,3.88,0,-0.15,0.15,0.42,0.04,0.93
9.4205,3,1,0,0,0,0,0,0,0,0,0,3.93,0,0,0,0,0,0
9.4225,2,0.891,0.09,0.03,-0.44,321.66,7.93,8.12,0.01,-0,0,3.78,0.15,0.31,0,-0.14,0.15,0.98
9.4865,4,-0.938,0.09,-0.16,0.29,337.17,14.06,-16.09,0,0,0.01,3.61,-0.31,-0.15,0.92,-0.24,-0.27,0.94
9.4885,6,0.991,-0.02,-0.08,-0.11,1.26,-9.18,-0.71,0,0,0,3.64,-0.15,0,0,0.17,-0.01,0.99
9.4915,7,-0.936,0.03,0.07,0.34,333.9,-8.97,-0.88,0.01,-0,0.01,3.41,0,0,0,0.16,-0.01,0.99
9.4925,1,-0.005,-0.21,-0.02,-0.98,192.98,-24.18,2.43,-0,-0,0.02,3.89,0,0,0,0.42,0.04,0.93
9.5185,5,0.91,0.08,0.16,0.38,60.82,13.05,15.48,0,0,0.01,3.67,-0.15,0,-0.46,-0.22,0.26,0.95
9.5205,2,0.891,0.09,0.03,-0.44,321.61,7.94,8.18,0,-0,0.01,3.78,0.31,0,0,-0.14,0.15,0.99
9.5965,3,1,0,0,0,0,0,0,0,0,0,3.93,0,0,0,0,0,0
9.5985,6,0.991,-0.02,-0.08,-0.11,1.26,-9.15,-0.73,0,0,0,3.64,0,0.15,-0.15,0.16,-0.01,0.99
9.6015,4,-0.938,0.09,-0.16,0.29,337.3,14.06,-16.05,-0,-0,0.8,60.77,13.08,15.47,0.01,-0,0.02,3.67
9.6035,1,-0.005,-0.21,-0.02,-0.98,192.96,-24.28,2.44,0,-0,0.02,3.89,0,-0.31,0,0.42,0.04,0.93
9.6205,3,1,0,0,0,0,0,0,0,0,0,3.93,0,0,0,0,0,0
9.6225,2,0.89,0.09,0.03,-0.44,321.53,8.04,8.13,-0,-0,0,3.78,0.15,0.15,0,-0.14,0.14,0.98
9.6975,4,-0.938,0.09,-0.16,0.29,337.46,14.09,-16.04,0,0,0.01,3.61,0.31,-0.61,0.92,-0.24,-0.27,0.94
9.6995,6,0.99,-0.01,-0.08,-0.11,1.15,-9.2,-0.67,-0.01,-0,0.01,3.64,0,0.46,0.15,0.15,-0.01,0.99
9.7045,7,-0.937,0.04,0.07,0.34,334.1,-8.99,-1.01,0,0,0.01,3.41,0,0,0,0.16,-0.02,1
9.7065,1,-0.005,-0.21,-0.02,-0.98,192.94,-24.27,2.43,-0,0,0.02,3.88,-0.31,-0.15,-0.15,0.42,0.04,0.93
9.7175,5,0.91,0.08,0.16,0.38,60.68,13.05,15.34,0,-0.01,0.02,3.67,-0.15,-0.31,-0.46,-0.22,0.27,0.96
9.7195,2,0.89,0.09,0.03,-0.45,321.49,8.07,8.16,0,-0.01,0.02,3.78,-0.31,0,0.46,-0.14,0.15,0.99
9.7945,3,1,0,0,0,0,0,0,0,0,0,3.93,0,0,0,0,0,0
9.7965,6,0.99,-0.01,-0.08,-0.11,1.09,-9.08,-0.66,0,0,0,3.64,0,0.15,0.76,0.16,-0.01,0.99
9.7995,0,0,0,0,0,0,0,0,0,0,0,0,0,0,0,0,0,0
9.8005,1,-0.005,-0.21,-0.02,-0.98,192.94,-24.2,2.4,0,-0,0.02,3.89,0.15,0.92,0.31,0.42,0.04,0.93
9.8195,5,0.911,0.08,0.15,0.37,60.47,12.94,15.36,-0,0,0.01,3.67,0,0,0.15,-0.23,0.26,0.95
9.8205,2,0.89,0.09,0.03,-0.44,321.58,8.04,8.17,-0,-0,0,3.78,-0.15,0,0.92,-0.14,0.15,0.98
9.8935,3,1,0,0,0,0,0,0,0,0,0,3.93,0,0,0,0,0,0
9.8955,6,0.991,-0.01,-0.08,-0.11,1.24,-9.07,-0.71,0,-0.01,0,3.64,0.15,0.15,-0.61,0.17,-0.01,0.99
9.8985,4,-0.938,0.09,-0.16,0.29,337.31,13.9,-15.94,0,0,0.01,3.61,0,0.15,-1.98,-0.24,-0.27,0.94
9.9005,1,-0.005,-0.21,-0.02,-0.98,192.97,-24.16,2.4,-0,0,0.02,3.88,0.15,-0.31,0.31,0.42,0.04,0.93
9.9195,7,-0.937,0.03,0.07,0.34,334.1,-9.05,-0.97,0,-0,0.01,3.41,0,0,-0.15,0.16,-0.01,0.99
9.9215,2,0.891,0.09,0.03,-0.44,321.77,7.98,8.18,0,-0,0,3.78,-0.31,0.15,0,-0.14,0.14,0.98
9.9955,5,0.911,0.08,0.16,0.37,60.44,12.95,15.5,0.01,0,0.01,3.67,0.15,0,1.22,-0.22,0.26,0.96
9.9975,6,0.991,-0.01,-0.08,-0.11,1.22,-9.04,-0.67,0,0,0,3.64,0,0.76,0,0.16,-0.01,0.99
10.001,3,1,0,0,0,0,0,0,0,0,0,3.93,0,0,0,0,0,0
10.002,1,-0.005,-0.21,-0.02,-0.98,192.97,-24.15,2.37,0,0.01,0.02,3.88,0,-0.15,0.31,0.42,0.04,0.93
10.021,4,-0.938,0.09,-0.16,0.3,337.17,13.88,-15.9,-0.01,-0,0.02,0,0,0,0,0,0,0
10.022,2,0.891,0.1,0.03,-0.44,321.68,8.09,8.24,0,-0,0,3.78,0.15,0.61,0.15,-0.14,0.15,0.98
10.104,5,0.911,0.08,0.16,0.37,60.56,12.92,15.53,0,0,0.02,3.67,-0.46,0,1.07,-0.23,0.27,0.95
10.106,6,0.991,-0.01,-0.08,-0.11,1.21,-9.02,-0.66,0,-0,0,3.64,0.15,0.15,0.15,0.16,-0.01,0.99
10.109,3,1,0,0,0,0,0,0,0,0,0,3.93,0,0,0,0,0,0
10.109,1,-0.005,-0.21,-0.02,-0.98,192.97,-24.07,2.38,-0,0,0.01,3.88,0,0,0,0.42,0.04,0.92
10.126,4,-0.938,0.09,-0.16,0.29,337.25,13.85,-15.86,-0,0.01,0,3.61,0,0,-0.31,-0.23,-0.27,0.94
10.129,2,0.891,0.1,0.03,-0.44,321.7,8.09,8.2,-0,0,0,3.78,-0.31,0.15,0.61,-0.14,0.14,0.98
10.19,7,-0.936,0.03,0.07,0.34,333.93,-9.11,-0.77,-0.01,0,0.01,3.41,0,0,0,0.16,-0.02,1
10.191,6,0.991,-0.01,-0.08,-0.11,1.15,-8.95,-0.63,0.01,0,0,3.64,0,-0.15,-0.15,0.16,-0.01,0.99
10.194,5,0.91,0.08,0.16,0.38,60.61,12.9,15.45,0.01,-0,0.02,3.67,0.15,0.31,1.83,-0.22,0.26,0.96
10.196,1,-0.005,-0.21,-0.02,-0.98,193.01,-24.07,2.4,-0,-0,0.02,3.88,-0.31,-0.31,0,0.42,0.04,0.93
10.243,3,1,0,0,0,0,0,0,0,0,0,3.93,0,0,0,0,0,0
10.245,2,0.891,0.09,0.03,-0.44,321.64,8.08,8.18,0,-0.01,0.01,3.78,-0.76,-0.61,0.61,-0.14,0.15,0.99
10.3,4,-0.938,0.09,-0.16,0.29,337.21,13.89,-15.91,0,-0.01,0,0,0,0,0,0,0,0
10.301,6,0.991,-0.01,-0.08,-0.11,1.11,-8.89,-0.63,0.01,0,0,3.64,0,0,0,0.16,-0.01,0.99
10.306,5,0.91,0.08,0.16,0.38,60.87,12.89,15.47,-0,-0,0.01,3.67,0,0.31,1.22,-0.22,0.27,0.95
10.307,1,-0.005,-0.21,-0.02,-0.98,192.99,-24,2.4,-0.01,-0.01,0.02,3.88,0.15,0.46,0.15,0.42,0.03,0.93
10.325,3,1,0,0,0,0,0,0,0,0,0,3.93,0,0,0,0,0,0
10.327,2,0.89,0.09,0.03,-0.44,321.58,8.14,8.15,0,0,0,3.78,0,0.15,0.46,-0.14,0.14,0.98
10.405,4,-0.938,0.09,-0.16,0.29,337.19,13.91,-15.9,0,0,0.01,3.61,-0.31,0.15,0.15,-0.24,-0.27,0.94
10.406,6,0.991,-0.01,-0.08,-0.11,1.14,-8.84,-0.66,0.01,-0,0,3.64,0,0,-0.61,0.16,-0.01,0.99
10.409,7,-0.936,0.03,0.07,0.34,334,-9.12,-0.8,0.01,-0,0.01,3.41,0,-0.15,-0.15,0.16,-0.01,0.99
10.411,1,-0.004,-0.21,-0.02,-0.98,193.03,-24,2.4,-0,0,0.02,3.88,0,-0.31,-0.15,0.42,0.04,0.92
10.429,5,0.909,0.08,0.16,0.38,60.88,12.91,15.55,-0.01,-0,0.02,3.67,-0.15,0.31,0,-0.23,0.27,0.95
10.431,2,0.89,0.09,0.03,-0.44,321.59,8.17,8.13,-0,-0,0.01,3.78,-0.61,-0.15,0,-0.14,0.14,0.98
10.496,3,1,0,0,0,0,0,0,0,0,0,3.93,0,0,0,0,0,0
10.498,6,0.991,-0.01,-0.08,-0.11,1.14,-8.85,-0.71,0,0,0,3.64,-0.15,0,0.15,0.16,-0.01,0.99
10.501,4,-0.938,0.09,-0.16,0.29,337.2,13.88,-15.89,0,-0,96,0,0,0,0,0,0,0
10.502,1,-0.005,-0.21,-0.02,-0.98,192.93,-24.03,2.33,-0,0.01,0.02,3.88,0,0.15,0,0.41,0.04,0.92
10.522,3,1,0,0,0,0,0,0,0,0,0,3.93,0,0,0,0,0,0
10.525,2,0.89,0.09,0.03,-0.44,321.53,8.15,8.11,-0,0,0,3.78,-0.15,0,0.31,-0.14,0.14,0.98
10.603,4,-0.938,0.09,-0.16,0.3,337.17,13.8,-15.9,-0,-0,0.02,3.61,-0.31,0,-0.31,-0.25,-0.27,0.94
10.603,6,0.991,-0.02,-0.08,-0.11,1.2,-9.01,-0.72,0,-0,0,3.64,0,0.15,-0.15,0.16,-0.01,0.99
10.607,7,-0.936,0.03,0.07,0.34,333.95,-9.17,-0.76,0,-0,0.01,3.41,0,0.15,0,0.16,-0.01,0.99
10.609,1,-0.005,-0.21,-0.02,-0.98,192.93,-24.07,2.34,-0,0,0.02,3.88,-0.15,-0.31,-0.15,0.41,0.04,0.93
10.626,5,0.91,0.08,0.15,0.38,60.78,12.9,15.39,0,-0,0.02,3.67,-0.76,0,-0.31,-0.23,0.26,0.96
10.627,2,0.89,0.09,0.03,-0.44,321.5,8.21,8.12,-0,0,0,3.78,0,0,1.83,-0.14,0.13,0.98
10.704,3,1,0,0,0,0,0,0,0,0,0,3.93,0,0,0,0,0,0
10.705,6,0.991,-0.01,-0.08,-0.11,1.17,-9.07,-0.71,0.01,0,0,3.64,-0.15,0,0.31,0.16,-0.01,0.99
10.708,4,-0.938,0.09,-0.16,0.3,337.17,13.75,-15.97,-0.01,0.01,0,0,0,0,0,0,0,0
10.711,1,-0.005,-0.21,-0.02,-0.98,192.92,-24.08,2.31,0,0,0.03,3.88,0.15,0,0.31,0.42,0.04,0.94
10.728,5,0.91,0.08,0.16,0.38,60.72,12.96,15.34,0,-0.01,0.02,3.67,-0.15,0,0.61,-0.22,0.27,0.96
10.729,2,0.891,0.09,0.03,-0.44,321.68,8.17,8.14,-0,-0.01,0.01,3.78,0,-0.15,0.31,-0.15,0.14,0.99
10.812,3,1,0,0,0,0,0,0,0,0,0,3.93,0,0,0,0,0,0
10.815,6,0.991,-0.02,-0.08,-0.11,1.3,-9.13,-0.74,-0,-0,0,3.64,0,0.31,0.61,0.16,-0.01,0.99
10.818,4,-0.938,0.09,-0.16,0.3,337.15,13.7,-15.95,0,-0,0.01,3.61,0,0,-1.07,-0.24,-0.26,0.94
10.818,1,-0.005,-0.21,-0.02,-0.98,192.99,-24.15,2.35,-0,0,0.02,3.89,0.31,0.15,0.76,0.42,0.04,0.93
10.836,7,-0.936,0.03,0.07,0.34,333.9,-9.32,-0.64,0,0,0.01,3.41,0,0,-0.31,0.16,-0.01,0.99
10.838,2,0.891,0.1,0.03,-0.44,321.8,8.15,8.23,0,0,0,3.78,0.31,-0.15,1.98,-0.14,0.14,0.98
10.903,5,0.91,0.08,0.16,0.38,60.78,12.97,15.34,0,-0,0.02,3.67,-0.15,0.31,0.61,-0.22,0.27,0.96
10.905,6,0.991,-0.01,-0.08,-0.11,1.29,-9.01,-0.72,-0,-0,0.01,3.64,-0.15,0.46,-0.46,0.16,-0.01,0.99
10.908,3,1,0,0,0,0,0,0,0,0,0,3.93,0,0,0,0,0,0
10.908,1,-0.004,-0.21,-0.02,-0.98,193.05,-24.18,2.4,-0,0,0.02,3.89,0,-1.22,-0.15,0.42,0.04,0.93
10.926,0,0,0,0,0,0,0,0,0,0,0,0,0,0,0,0,0,0
10.929,2,0.891,0.1,0.03,-0.44,321.87,8.14,8.28,0.01,-0,0,3.78,0,-0.61,-0.76,-0.14,0.15,0.99
11.004,3,1,0,0,0,0,0,0,0,0,0,3.93,0,0,0,0,0,0
11.005,6,0.991,-0.01,-0.08,-0.11,1.25,-9.04,-0.71,-0,-0,0,3.64,-0.15,0.46,0.46,0.15,-0.01,0.99
11.011,4,-0.938,0.09,-0.16,0.3,337.04,13.75,-16.01,-0,-0,0.01,3.61,-0.31,0,0.31,-0.24,-0.26,0.94
11.013,1,-0.004,-0.21,-0.02,-0.98,193.07,-24.24,2.42,-0,0,0.02,3.89,-0.15,0.15,-0.31,0.42,0.04,0.92
11.028,7,-0.936,0.03,0.08,0.34,334.06,-9.4,-0.65,-0,-0,0,3.41,0,-0.15,0,0.16,-0.01,0.99
11.03,2,0.891,0.1,0.03,-0.44,321.72,8.15,8.21,-0,0,0,3.78,0.31,-0.15,-0.76,-0.14,0.14,0.98
11.115,5,0.91,0.08,0.16,0.38,60.77,13.02,15.36,0.01,0,0.01,3.67,0,0,0.31,-0.23,0.25,0.95
11.117,6,0.991,-0.01,-0.08,-0.11,1.19,-8.96,-0.72,0,0,0,3.64,-0.31,0.15,-0.76,0.15,-0.01,0.99
11.12,3,1,0,0,0,0,0,0,0,0,0,3.93,0,0,0,0,0,0
11.123,1,-0.005,-0.21,-0.02,-0.98,192.95,-24.35,2.39,-0.01,0,0.02,3.89,-0.15,-0.31,-0.76,0.42,0.04,0.93
11.138,4,-0.937,0.09,-0.16,0.3,336.96,13.75,-15.94,-0,0,0,0,0,0,0,0,0,0
11.141,2,0.89,0.1,0.03,-0.44,321.65,8.12,8.2,-0,0,0,3.78,0.15,-0.31,-0.92,-0.14,0.14,0.98
11.205,5,0.909,0.08,0.16,0.38,61.01,13,15.31,0,-0.01,0.02,3.67,0.15,0,0,-0.22,0.26,0.96
11.207,6,0.991,-0.02,-0.08,-0.11,1.12,-8.9,-0.73,-0,0,0,3.64,-0.31,0,-0.31,0.16,-0.01,0.99
