0,0,0.027,-0.11,-0.03,-0.99,196.77,-12.52,3.22,0,0,0.01,4.09,-0.15,0,-0.76,0.22,0.06,0.98
0.0015,3,-0.785,0.09,-0.04,-0.61,89.27,9.84,-6.04,-0.01,0.01,0.01,4.02,0,0,-1.07,-0.18,-0.09,0.99
0.0052,2,-0.804,-0.06,-0.05,0.59,301.72,8.03,2.14,-0.02,0,0.01,4.09,0.15,0.31,-2.14,-0.15,0.02,1
0.0066,6,0.994,-0.01,-0.1,0.03,17.7,-11.6,-1.36,-0.02,0.01,0,4.02,0.76,-1.07,0.46,0.18,-0.04,0.98
0.0102,5,-0.888,-0.02,-0.19,-0.42,66.38,19,11.99,-0.02,0.01,0.03,4.09,0,0.15,0,-0.35,0.22,0.94
0.0116,1,-0.094,-0.15,-0.02,0.98,204.78,17.51,-1,-0.03,0,0.01,4.09,-0.15,1.07,0.31,-0.27,-0.02,0.97
0.0855,4,-0.958,0.09,-0.2,0.18,349.64,20.1,-15.65,-0.04,0,0.01,4.02,0.76,0.76,-1.22,-0.38,-0.27,0.9
0.0872,7,-0.974,-0.07,0.05,-0.21,37.71,-7.93,7.14,-0.02,0,-0,0,-0.15,-2.59,1.37,0.11,0.13,0.98
0.091,0,0.025,-0.11,-0.03,-0.99,196.56,-12.58,3.18,-0.01,0.01,0.01,4.09,0,-0.31,-1.07,0.23,0.07,0.98
0.0925,3,-0.786,0.09,-0.04,-0.61,89.11,9.83,-6.13,-0.02,0.01,-0,4.02,-0.92,0.15,-3.05,-0.18,-0.09,0.97
0.0974,2,-0.803,-0.06,-0.05,0.59,301.49,8.06,2.18,-0.03,0.01,-0,4.09,0.61,0.61,-0.76,-0.14,0.01,0.99
0.099,6,0.994,-0.01,-0.1,0.03,17.72,-11.75,-1.31,-0.02,0,0,4.02,1.07,-1.68,0.31,0.19,-0.02,0.98
0.1037,5,-0.888,-0.02,-0.19,-0.42,66.28,19.06,12.05,-0.02,0,0.01,4.09,-0.31,-0.61,-1.98,-0.35,0.21,0.93
0.1054,1,-0.093,-0.15,-0.02,0.98,204.69,17.7,-1.08,-0.02,0.01,0.02,4.09,-0.46,3.36,-0.31,-0.28,-0.02,0.98
0.1978,4,-0.958,0.09,-0.2,0.18,349.51,20.08,-15.63,-0.04,0,0,4.02,2.14,-0.46,-0.46,-0.38,-0.27,0.89
0.2006,7,-0.974,-0.08,0.06,-0.21,37.63,-8.1,7.2,-0.06,0.02,-0,0,1.07,-0.92,-1.07,0.08,0.14,0.99
0.2058,0,0.024,-0.11,-0.03,-0.99,196.49,-12.65,3.31,-0,0.02,0.01,4.09,-0.61,0.46,-1.37,0.23,0.07,0.98
0.2073,3,-0.788,0.09,-0.03,-0.61,88.84,9.75,-6.23,-0.01,0.01,0.01,4.02,1.07,-1.22,-1.53,-0.17,-0.09,0.98
0.2111,2,-0.802,-0.06,-0.05,0.59,301.32,8.01,2.13,-0.02,0.01,0,4.09,1.53,0,-1.22,-0.14,0.01,0.99
0.2127,6,0.994,-0.01,-0.1,0.03,17.73,-11.89,-1.15,-0.03,0.01,0.01,4.02,1.98,-0.76,0,0.17,-0.02,0.99
0.2173,5,-0.889,-0.02,-0.19,-0.41,66.03,19.01,12.01,-0.01,0,0.02,4.09,0,-1.83,-1.22,-0.35,0.22,0.94
0.219,1,-0.093,-0.15,-0.02,0.98,204.66,18,-1.04,-0.04,0.03,0.01,4.09,0.46,2.29,-0.15,-0.27,0,0.97
0.2945,4,-0.958,0.09,-0.2,0.19,349.31,19.97,-15.41,-0.05,0.01,0,4.02,1.53,0,-2.59,-0.38,-0.28,0.89
0.297,7,-0.974,-0.08,0.06,-0.2,37.08,-8.11,7.55,-0.08,-0,0.01,0,7.78,-5.65,-11.29,0.04,0.17,0.99
0.3014,0,0.022,-0.11,-0.03,-0.99,196.18,-12.64,3.31,-0.01,0.01,0,4.09,-0.46,-0.46,-2.29,0.23,0.06,0.98
0.303,3,-0.791,0.09,-0.03,-0.6,88.26,9.6,-6.39,-0.06,0.02,0.03,4.02,0,0.92,-9.61,-0.19,-0.05,1
0.3069,2,-0.8,-0.06,-0.04,0.6,300.93,7.98,2.27,-0.03,0.01,0.01,4.09,0.61,-0.61,-2.14,-0.14,0,0.99
0.3084,6,0.995,-0,-0.1,0.03,17.36,-11.51,-0.67,-0.08,0.05,0,4.02,5.65,2.59,-3.2,0.12,-0.05,0.99
0.3122,5,-0.89,-0.02,-0.19,-0.41,65.73,18.89,11.96,-0.03,0.01,0.01,4.09,0.61,-1.68,-1.53,-0.35,0.21,0.93
0.3143,1,-0.094,-0.15,-0.02,0.98,204.86,17.78,-0.86,-0.06,0.03,-0.01,4.09,-1.07,-5.04,4.12,-0.23,-0,0.97
0.3928,4,-0.958,0.09,-0.2,0.19,348.85,19.86,-15.31,-0.05,-0,0.01,4.02,2.75,1.37,-7.48,-0.39,-0.27,0.9
0.3944,7,-0.975,-0.09,0.06,-0.19,35.61,-8.26,9.38,-0.21,0.03,0.03,0,30.52,3.81,-9.16,-0.08,0.16,1.1
0.3999,0,0.019,-0.11,-0.03,-0.99,195.93,-12.63,3.24,0.02,0.01,0.02,4.09,-2.75,-0.15,-4.58,0.2,0.08,1.01
0.4015,3,-0.795,0.1,-0.03,-0.6,87.38,9.91,-6.64,-0,0.05,0.05,4.02,-2.9,11.9,8.09,-0.22,-0.14,1.02
0.4053,2,-0.799,-0.06,-0.04,0.6,300.74,7.84,2.22,-0.05,-0.01,0,4.09,-0.61,0.76,0.92,-0.16,-0.01,1
0.4067,6,0.995,-0,-0.1,0.03,17.6,-11.33,-0.36,-0.06,0.03,-0,4.02,7.48,-2.9,5.95,0.14,-0.04,1.02
0.4101,5,-0.889,-0.02,-0.19,-0.41,66,18.92,12.25,-0.07,0,0.04,4.09,7.63,-0.15,7.17,-0.37,0.26,0.93
0.4114,1,-0.104,-0.15,-0.02,0.98,206.1,17.64,-0.45,-0.04,-0.01,0.08,4.09,-3.2,13.58,24.26,-0.28,-0.01,1.01
0.5117,4,-0.957,0.09,-0.2,0.19,348.36,20.09,-15.4,-0.12,-0.01,0.06,4.02,-3.66,2.75,10.99,-0.48,-0.29,0.92
0.5141,7,-0.971,-0.1,0.03,-0.21,38.33,-6.12,11.01,0.09,-0.13,-0.06,0,9,10.07,6.1,0.24,0.25,0.89
0.5184,0,0.015,-0.11,-0.03,-0.99,195.46,-12.42,3.17,-0.03,0.01,0.02,4.09,1.37,2.14,4.27,0.25,0.06,0.98
0.5199,3,-0.779,0.11,-0.04,-0.62,90.04,11.08,-7.18,-0.12,0.06,-0.03,4.02,-7.63,7.78,44.86,-0.27,-0,0.94
0.5244,2,-0.8,-0.06,-0.05,0.59,300.97,8.63,1.93,0.05,0,0.03,4.09,6.26,8.54,-5.95,-0.13,0.07,1.02
0.5263,6,0.995,0.01,-0.08,0.05,19.57,-9.51,0.21,-0.32,0.03,0,4.02,9.46,23.8,44.4,-0.18,0.03,1.06
0.5315,5,-0.882,-0.03,-0.2,-0.42,67.75,19.17,14.05,-0.16,0.07,0.11,4.09,21.82,12.66,48.22,-0.51,0.35,0.95
0.5332,1,-0.118,-0.16,-0.03,0.98,207.62,18.48,-1.1,-0.13,-0.02,-0.1,4.09,-18.46,-10.99,13.89,-0.19,-0.08,0.89
0.6002,4,-0.949,0.09,-0.22,0.21,345.68,21.63,-16.85,-0.18,0.04,0.25,4.02,-5.95,64.09,-46.84,-0.63,-0.5,1.01
0.6018,7,-0.973,-0.11,0.03,-0.2,37.18,-6.27,11.09,-0.11,-0.16,0.02,0,-1.53,-11.9,-11.29,0.07,0.38,0.96
0.6054,0,0.023,-0.11,-0.03,-0.99,196.37,-12.33,3.13,-0.07,0,-0.02,4.09,4.58,4.43,16.02,0.28,0.05,0.93
0.6067,3,-0.769,0.11,-0.05,-0.63,91.71,12.36,-6.5,-0.19,0.05,-0,4.02,10.68,14.19,-9.31,-0.3,0.06,0.95
0.6103,2,-0.788,-0.07,-0.04,0.61,298.9,8.84,3.38,-0.02,0.06,-0,4.09,31.43,-9.77,-37.99,-0.1,-0,0.99
0.6117,6,0.995,0.01,-0.05,0.08,23.78,-5.26,0.43,-0.78,0.04,-0.11,4.02,15.56,117.19,76.75,-0.77,0.21,1.01
0.6165,5,-0.861,-0.06,-0.24,-0.45,72.54,20.66,19.87,-0.12,0.01,0.14,4.09,69.27,43.64,73.09,-0.45,0.47,0.94
0.6179,1,-0.13,-0.14,-0.04,0.98,208.85,16.45,-2.04,0.01,0.07,-0.21,4.09,8.85,-26.25,0.76,-0.18,-0,0.78
0.6954,4,-0.923,0.1,-0.28,0.24,339.38,28.52,-21.39,-0.07,-0.09,0.04,4.02,-27.31,110.78,-103.15,-0.59,-0.31,0.79
0.6971,7,-0.975,-0.11,0.04,-0.19,35.68,-6.92,11,-0.13,-0.1,0.04,0,2.9,-3.05,-4.27,0.06,0.34,0.98
0.7036,0,0.037,-0.11,-0.04,-0.99,197.93,-12.21,3.67,-0.02,0.08,-0.01,4.09,9.77,2.14,11.29,0.23,0.15,0.97
0.7054,3,-0.778,0.12,-0.07,-0.61,89.71,14.93,-6.2,-0.14,-0.11,0.15,4.02,17.09,46.23,-6.1,-0.24,0.01,1.16
0.7091,2,-0.769,-0.08,-0.03,0.63,295.37,8.11,5.33,-0.14,0.04,-0.03,4.09,1.83,-1.98,-6.1,-0.14,-0.03,0.98
0.7106,6,0.995,0.02,0.06,0.07,22.68,6.46,2.54,0.33,0.19,0.07,4.02,16.78,64.24,-39.83,0.08,-0.24,1.06
0.7154,5,-0.828,-0.12,-0.3,-0.46,78.56,22.62,30.21,-0.1,0.05,0.01,4.09,93.54,39.37,13.12,-0.47,0.5,0.73
0.7181,1,-0.135,-0.12,-0.03,0.98,209.54,14.58,-1.43,-0.14,-0.03,0.07,4.09,-14.04,-2.14,-5.34,-0.14,-0.09,1.04
0.7959,4,-0.865,0.13,-0.37,0.32,323.38,33.28,-33.36,-0.21,0.04,0,4.02,-47.15,91.86,-57.83,-0.63,-0.59,0.54
0.8,7,-0.973,-0.11,0.05,-0.2,36.14,-7.79,11.05,-0.1,-0.03,-0.03,0,-8.54,-11.29,17.7,0.05,0.23,0.94
0.8044,0,0.03,-0.11,-0.04,-0.99,197.05,-12.21,4.44,-0.08,-0.04,-0.09,4.09,-8.85,2.59,-23.04,0.27,0.02,0.87
0.806,3,-0.767,0.13,-0.11,-0.62,91.36,18.87,-3.64,-0.08,-0.06,-0.08,4.02,16.63,25.33,35.1,-0.24,0.06,0.88
0.8097,2,-0.764,-0.07,-0.05,0.64,294.35,9.13,2.49,-0.07,-0.09,-0.04,4.09,-37.99,11.14,-22.74,-0.25,-0.01,0.93
0.811,6,0.989,0.03,0.11,0.1,26.53,11.68,4.5,0.04,-0.07,-0.15,4.02,9,50.51,75.53,-0.12,0.14,0.84
0.8176,5,-0.807,-0.17,-0.35,-0.45,80.98,24.88,39.72,-0.16,0.05,-0.06,4.09,89.87,28.08,-12.97,-0.48,0.63,0.52
0.8197,1,-0.13,-0.12,-0.04,0.98,208.82,14.44,-2.75,-0.17,-0.08,-0.1,4.09,-7.93,-7.93,5.04,-0.09,-0.16,0.91
0.8958,4,-0.813,0.15,-0.45,0.33,312.51,39.29,-45.17,-0.08,-0.05,0.02,4.02,-54.02,89.72,-23.04,-0.69,-0.56,0.5
0.9007,7,-0.97,-0.1,0.06,-0.21,37.56,-9.46,10.1,-0.09,-0.02,-0.02,0,-15.41,-17.4,7.17,0.09,0.22,0.93
0.9048,0,0.021,-0.11,-0.03,-0.99,196.02,-12.15,3.74,-0.02,-0.11,0.07,4.09,-8.09,2.59,-12.36,0.25,-0.04,1.03
0.9062,3,-0.754,0.12,-0.13,-0.63,93.79,20.6,-1.02,-0.13,-0.11,-0.06,4.02,18.01,10.22,19.84,-0.25,0.13,0.91
0.9112,2,-0.747,-0.05,-0.08,0.66,291.04,10.83,-2.11,-0.25,-0.04,0.06,4.09,-36.16,12.82,-27.92,-0.27,-0.29,1.01
0.9128,6,0.975,0.04,0.15,0.16,34.12,15.66,7.64,-0.18,-0.26,-0.06,4.02,12.36,28.99,11.6,-0.33,0.42,0.83
0.9195,5,-0.794,-0.2,-0.4,-0.41,81.15,27.74,47.22,-0.12,-0.04,0.18,4.09,56.61,31.43,-25.63,-0.52,0.88,0.6
0.9255,1,-0.135,-0.11,-0.04,0.98,209.36,13.64,-3.11,-0.19,-0.06,0.05,4.09,-4.58,-5.65,5.19,-0.08,-0.17,1.07
1.0216,4,-0.765,0.17,-0.52,0.33,302.42,43.61,-56.96,-0.04,-0.02,0.01,4.02,-45.47,72.78,-0.46,-0.72,-0.61,0.35
1.0233,7,-0.968,-0.09,0.08,-0.22,38.85,-11.47,8.4,-0.36,0,0.04,0,-6.87,1.37,17.7,-0.13,0.32,1.06
1.0272,0,0.01,-0.11,-0.03,-0.99,194.86,-12.77,3.5,-0.08,-0.06,-0.03,4.09,-5.65,-8.09,-12.82,0.29,-0.02,0.92
1.0287,3,-0.738,0.11,-0.15,-0.65,97.05,21.27,2.31,-0.1,-0.08,0.04,4.02,21.82,14.95,35.55,-0.32,0.16,0.99
1.035,2,-0.737,-0.04,-0.11,0.66,289.4,12.6,-5.17,-0.07,-0.02,-0.1,4.09,-18.46,24.72,-17.7,-0.22,-0.13,0.87
1.0365,6,0.978,0.04,0.15,0.14,31.48,16.24,7.44,-0.01,0.07,-0.12,4.02,-18.16,-9.46,6.41,-0.28,0.03,0.84
1.0401,5,-0.762,-0.24,-0.46,-0.39,85.34,30.57,56.98,-0,-0.2,0.03,4.09,88.35,52.8,10.83,-0.35,0.81,0.44
1.0415,1,-0.149,-0.11,-0.05,0.98,210.91,12.89,-3.85,-0.16,-0.03,-0.07,4.09,-2.44,-13.28,20.9,-0.06,-0.11,0.91
1.1125,4,-0.728,0.17,-0.59,0.31,294.36,48.64,-67.56,0.06,-0.07,-0.19,4.02,-38.45,60.88,-1.68,-0.64,-0.43,0.24
1.1144,7,-0.967,-0.09,0.05,-0.23,40.43,-8.23,8.58,-0.59,-0.01,0.22,0,15.11,80.87,52.03,-0.32,0.47,1.25
1.1204,0,0.008,-0.12,-0.02,-0.99,194.69,-13.44,2.58,-0.08,-0.11,-0,4.09,-5.65,-4.43,5.49,0.31,-0.07,0.94
1.1224,3,-0.723,0.1,-0.18,-0.66,100.1,22.99,6.05,0.05,-0.06,0.15,4.02,29.6,19.84,40.44,-0.42,0.08,1.1
1.132,2,-0.716,-0.04,-0.14,0.68,285.67,14.58,-7.49,-0.15,-0.08,0.04,4.09,-13.43,18.62,-28.84,-0.35,-0.29,0.95
1.1354,6,0.975,0.02,0.14,0.17,34.08,15.87,5.02,0.02,0.03,0.49,4.02,-44.4,15.72,24.41,-0.14,0.18,1.06
1.1452,5,-0.717,-0.28,-0.51,-0.38,91.4,31.1,68.23,-0.04,-0.03,-0.07,4.09,71.87,49.74,10.07,-0.47,0.77,0.25
1.1477,1,-0.15,-0.1,-0.05,0.98,211,12.07,-4.15,0.18,0.14,0.22,4.09,-8.09,-4.88,-19.53,-0.27,-0.02,1.08
1.1744,4,-0.688,0.19,-0.63,0.31,285.56,48.54,-77.75,-0.12,0.03,-0.07,4.02,-27.92,28.99,-22.74,-0.68,-0.64,0.01
1.176,7,-0.962,-0.09,-0.04,-0.25,43.85,1.63,11.11,0.5,-0.06,0.03,0,33.42,108.03,58.29,0.45,0.05,1.06
1.1796,0,0.018,-0.13,-0.01,-0.99,195.99,-14.43,1.43,-0.12,-0.12,0.02,4.09,0.76,-11.9,21.97,0.35,-0.09,0.96
1.1816,3,-0.688,0.08,-0.21,-0.69,106.48,23.69,10.86,0.01,0.13,0.03,4.02,34.79,15.87,21.06,-0.54,0.16,0.88
1.2011,2,-0.699,-0.04,-0.16,0.69,282.92,16.5,-10.22,-0.07,0.04,-0.07,4.09,-6.87,8.09,-24.11,-0.25,-0.26,0.86
1.2033,1,-0.134,-0.1,-0.05,0.98,209.01,12.2,-4.64,0.15,0.17,0.06,4.09,4.12,-0.76,-25.02,-0.32,0.11,1.04
1.2822,5,-0.684,-0.3,-0.56,-0.36,96.3,33.21,76.08,-0.05,0.02,0.07,4.09,38.76,48.37,-57.53,-0.65,0.83,0.17
1.284,7,-0.955,-0.1,-0.11,-0.26,45.23,8.57,14.47,0.36,-0.11,-0.06,0,37.69,44.71,-38.6,0.23,0.14,0.96
1.2881,4,-0.635,0.25,-0.64,0.35,279.44,38.94,-85.65,-0.25,0.36,0.11,4.02,-44.1,6.71,-58.44,-0.4,-1.09,-0.13
1.2898,3,-0.681,0.07,-0.25,-0.68,108,26.27,15.5,-0.02,0.04,0.06,4.02,43.79,24.87,-6.1,-0.52,0.27,0.88
1.3325,0,0.046,-0.13,-0.01,-0.99,199.31,-15.22,0.71,0.09,0.12,0.27,4.09,7.48,0.76,19.99,0.19,0.16,1.19
1.3343,1,-0.113,-0.11,-0.04,0.99,206.72,12.59,-3.28,0.03,0.08,0.03,4.09,14.04,6.1,-14.95,-0.24,0.03,1.01
1.3383,2,-0.705,-0.03,-0.18,0.69,283.8,17.05,-12.47,0.03,0.09,0.17,4.09,-41.96,-16.48,33.11,-0.27,-0.17,1.07
1.3399,6,0.986,-0.01,0.1,0.13,28.96,12.01,0.87,0.09,0.08,0.03,4.02,-8.24,-30.82,-52.8,-0.14,-0.09,1
1.3934,5,-0.666,-0.27,-0.6,-0.35,101.79,38.3,80.72,0.02,0.05,-0.03,4.09,-26.7,47.61,-18.01,-0.64,0.73,0.13
1.395,7,-0.966,-0.11,-0.13,-0.2,38.51,11.58,15.85,0.29,0.06,-0.2,0,12.82,-31.43,-122.07,0.05,0.14,0.84
1.4006,4,-0.627,0.28,-0.65,0.33,279.86,38.55,-89.16,-0.03,0.06,-0.12,4.02,-1.68,-30.67,-10.68,-0.49,-0.73,-0
1.4024,3,-0.697,0.08,-0.3,-0.65,105.12,31.27,18.91,-0,0.04,-0.19,4.02,27.62,30.98,-104.68,-0.39,0.12,0.64
1.419,0,0.053,-0.12,-0.02,-0.99,200.03,-14.2,1.02,0.04,0.15,0.01,4.09,7.32,1.98,7.78,0.24,0.17,1.04
1.4207,6,0.992,-0.01,0.08,0.1,25.35,8.95,-0.16,-0.07,0.01,0.03,4.02,1.07,-18.01,0.92,-0.23,0.01,1.01
1.4256,2,-0.723,0,-0.2,0.66,286.71,17.04,-16.34,0.13,0.1,0.07,4.09,-63.17,1.53,23.5,-0.21,-0.17,1.06
1.4272,1,-0.091,-0.11,-0.03,0.99,204.33,12.83,-2.05,0,0.04,-0.04,4.09,13.43,-5.49,-28.38,-0.24,-0.01,0.96
1.4856,5,-0.662,-0.22,-0.62,-0.36,105.73,41.45,80.04,0.05,-0.01,-0.18,4.09,-58.75,2.29,-46.84,-0.57,0.63,0.18
1.4872,7,-0.981,-0.12,-0.11,-0.1,27.67,11.13,14.99,-0.07,0.53,-0.14,0,-5.49,3.2,75.38,-0.17,-0.25,0.84
1.4909,4,-0.655,0.28,-0.62,0.32,285.57,39.17,-85.07,0.26,0,-0.2,4.02,33.72,-50.81,-24.41,-0.49,-0.62,0.32
1.4923,3,-0.72,0.09,-0.29,-0.62,100.33,32.63,15.91,0.04,0.03,-0.04,4.02,-28.23,-13.28,36.47,-0.55,0.18,0.78
1.4958,0,0.055,-0.11,-0.02,-0.99,200.24,-12.92,1.73,0.02,0.09,-0.01,4.09,3.51,16.48,3.05,0.21,0.11,0.96
1.4997,6,0.995,-0.01,0.06,0.08,23.05,7.23,-0.07,0.11,0.02,-0.02,4.02,5.34,-16.94,-52.49,-0.01,-0.05,0.98
1.5179,2,-0.732,0.03,-0.23,0.64,288.44,16.83,-20.51,0.08,0.07,-0.05,4.09,-40.74,-15.11,27.31,-0.2,-0.24,0.89
1.5199,1,-0.076,-0.12,-0.03,0.99,202.52,13.6,-2.21,0.07,-0.06,-0.03,4.09,-6.41,13.89,-10.22,-0.32,-0.04,0.92
1.6177,5,-0.702,-0.16,-0.6,-0.36,101.16,46.32,69.69,0.13,-0.09,-0.26,4.09,-88.04,-79.65,-140.99,-0.64,0.31,0.45
1.6194,7,-0.975,-0.12,-0.08,-0.17,34.41,6.84,15.42,-0.06,-0.24,0.17,0,11.44,-13.73,-55.24,-0.17,0.48,1.02
1.6231,4,-0.679,0.28,-0.58,0.36,289.86,35.51,-77.51,0.42,-0.06,-0.06,4.02,56,-18.46,-145.42,-0.55,-0.67,0.57
1.6245,3,-0.718,0.1,-0.28,-0.63,100.77,31.27,14.07,0,-0.02,0,4.02,-21.51,-15.26,-32.96,-0.5,0.19,0.83
1.628,0,0.057,-0.1,-0.03,-0.99,200.37,-11.26,2.76,0.08,0.2,-0.06,4.09,1.98,17.7,-6.56,0.11,0.25,0.91
1.6294,6,0.996,-0.01,0.05,0.08,22.86,5.96,-0.19,0.13,-0.01,0.03,4.02,-0.46,0.76,45.01,0.02,0.02,1.03
1.6342,2,-0.745,0.04,-0.22,0.63,290.92,15.92,-20.96,0.28,0.05,-0.02,4.09,-6.71,-14.19,8.85,-0.18,-0.12,0.99
1.6358,1,-0.067,-0.13,-0.03,0.99,201.44,15.21,-3.01,0.13,-0,0.02,4.09,-6.41,14.8,-11.9,-0.38,-0.02,0.93
1.7084,5,-0.749,-0.13,-0.54,-0.36,91.16,45.73,57.16,0.17,0.06,0.03,4.09,-1.53,-31.28,69.27,-0.75,0.5,0.53
1.7099,7,-0.979,-0.12,-0.08,-0.14,31.28,7.54,15.55,0.06,0.01,-0.02,0,7.63,-9.31,12.21,-0.08,0.25,0.95
1.7136,4,-0.647,0.32,-0.53,0.45,286.48,23.62,-75.09,0.37,0.05,-0.07,4.02,36.32,3.51,-72.48,-0.3,-0.78,0.58
1.7157,3,-0.734,0.11,-0.25,-0.62,97.2,30.56,9.93,0.15,-0.11,0.06,4.02,-15.11,-6.71,-7.48,-0.41,0.03,0.98
1.7206,0,0.042,-0.09,-0.03,-0.99,198.59,-9.93,3.26,0.06,0.08,-0.04,4.09,-6.71,10.07,-23.8,0.1,0.14,0.95
1.7221,6,0.995,0,0.05,0.09,24.09,5.91,0.75,-0.04,-0.09,0.02,4.02,10.07,1.53,-28.53,-0.11,0.08,1.02
1.7256,2,-0.746,0.04,-0.21,0.63,290.97,14.9,-19.83,0.13,0,-0.02,4.09,24.41,5.8,-21.36,-0.24,-0.22,0.96
1.7269,1,-0.047,-0.14,-0.04,0.99,198.91,16.77,-3.86,-0.05,-0.02,-0.02,4.09,3.51,6.26,-25.33,-0.24,-0.09,0.96
1.8011,5,-0.721,-0.19,-0.52,-0.41,96.11,36.98,61.67,0.17,0.3,-0.23,4.09,-1.22,-10.68,110.63,-0.67,0.33,0.41
1.8029,7,-0.98,-0.13,-0.08,-0.13,30.47,6.65,15.92,-0.02,-0.14,-0.03,0,9.46,-15.11,-36.93,-0.08,0.38,0.9
1.8065,4,-0.645,0.31,-0.52,0.46,285.62,22.87,-73.62,0.21,0.01,0.04,4.02,18.77,3.05,84.23,-0.44,-0.73,0.52
1.808,3,-0.758,0.11,-0.24,-0.6,92.49,29.59,7.43,0.73,-0.04,-0.22,4.02,-18.16,4.73,-120.39,-0.14,-0.65,0.86
1.8117,0,0.019,-0.07,-0.03,-1,196.03,-8.3,2.88,0.09,0.03,0.02,4.09,-14.5,18.62,-30.82,0.06,0.07,0.99
1.8136,6,0.997,0.01,0.05,0.07,21.6,5.69,1.13,-0.03,0.09,0.01,4.02,2.9,-5.8,-26.55,-0.14,-0.07,0.98
1.8334,2,-0.733,0.03,-0.2,0.65,288.6,15.15,-18.12,-0,-0.03,0.01,4.09,18.31,14.95,0.61,-0.29,-0.25,0.88
1.8354,1,-0.024,-0.15,-0.04,0.99,196.19,16.79,-4.48,-0.05,-0.13,-0.04,4.09,2.14,3.81,-24.11,-0.24,-0.21,0.91
1.9238,5,-0.671,-0.25,-0.49,-0.5,102.24,23.93,64.58,0.1,-0.05,0.13,4.09,6.26,-28.84,172.88,-0.39,1.02,0.55
1.9255,7,-0.982,-0.13,-0.07,-0.11,28.22,6.38,15.97,-0.04,0.09,0.06,0,1.68,-1.22,1.98,-0.19,0.22,1.04
1.9321,4,-0.652,0.29,-0.53,0.46,285.04,24.72,-71.9,0.01,0.09,0.12,4.02,12.66,23.5,-24.57,-0.33,-0.96,0.31
1.9365,3,-0.76,0.12,-0.21,-0.6,91.91,28.33,4.36,0.15,-0.1,0.04,4.02,-36.47,-22.89,26.25,-0.43,-0.01,0.99
1.9412,0,-0.004,-0.05,-0.01,-1,193.52,-5.91,1.7,0.17,-0.09,-0,4.09,-12.97,15.26,-24.26,-0.07,-0.04,1.03
1.9428,6,0.997,0.01,0.05,0.06,20.53,5.28,1.12,-0.05,-0.04,0.01,4.02,-0.15,-7.02,4.12,-0.14,0.06,0.98
1.9485,2,-0.723,0.01,-0.21,0.66,286.85,16.77,-17.61,0.06,-0.15,0.1,4.09,3.36,11.9,-21.51,-0.45,-0.31,1.04
1.9507,1,-0.02,-0.14,-0.05,0.99,195.63,16.49,-5.01,-0.02,-0.12,0,4.09,0,-5.49,7.17,-0.26,-0.2,0.94
2.0161,5,-0.665,-0.28,-0.48,-0.49,101.58,21.7,66.17,0.04,-0.32,-0.29,4.09,2.44,-29.91,-80.87,-0.02,0.69,0.46
2.0178,7,-0.98,-0.13,-0.08,-0.13,29.93,7.23,15.77,0.05,-0.11,-0.07,0,-1.68,16.94,34.64,-0.03,0.36,0.87
2.0231,4,-0.662,0.29,-0.53,0.45,286.61,26.29,-71.97,-0.09,0.3,0.19,4.02,-28.08,-70.34,112.3,-0.13,-1.22,0.17
2.0246,3,-0.749,0.15,-0.19,-0.62,93.4,27.43,0.93,0.07,-0.09,0.01,4.02,-40.13,4.12,-9.77,-0.35,-0.06,0.92
2.029,0,-0.019,-0.04,-0.01,-1,191.85,-4.22,0.86,0.02,-0.16,-0.12,4.09,-0.92,16.17,-13.12,0.08,-0.07,0.88
2.0309,6,0.998,0.01,0.03,0.05,20.26,3.18,1.34,0.1,-0.06,-0.04,4.02,2.9,-29.3,-16.33,0.05,0.07,0.96
2.0367,2,-0.743,-0.02,-0.24,0.63,290.53,22.01,-16.79,0.15,0.09,0.01,4.09,-2.29,34.03,57.68,-0.29,-0.07,0.96
2.0382,1,-0.032,-0.14,-0.05,0.99,197.06,15.83,-4.87,0.06,0.03,-0.02,4.09,4.88,-11.6,8.24,-0.33,-0.05,0.95
2.1275,5,-0.667,-0.3,-0.48,-0.48,99.94,20.8,67.41,0.28,-0.54,0.25,4.09,32.65,0.31,32.96,0.05,1.43,0.76
2.1292,7,-0.978,-0.13,-0.09,-0.14,31.72,7.5,16.09,0.06,-0.04,-0.03,0,-2.9,10.83,-8.7,-0.07,0.29,0.93
2.1355,4,-0.699,0.29,-0.52,0.4,293.43,29.84,-70.23,0.23,0.48,0.01,4.02,-15.87,-55.85,77.51,-0.23,-0.81,0.54
2.1373,3,-0.741,0.17,-0.16,-0.63,93.94,26.93,-3.51,0.12,-0.12,-0,4.02,-44.86,-7.02,30.36,-0.33,-0.15,0.95
2.1425,0,-0.025,-0.04,-0,-1,191.23,-4.19,0.23,0.04,-0.13,-0.02,4.09,-2.59,-3.2,5.19,0.04,-0.13,0.97
2.1443,6,0.999,0.01,-0,0.03,17.55,-0.12,1.54,0.18,0.11,-0,4.02,-4.58,-37.38,-3.97,0.19,-0.12,1
2.1504,2,-0.719,-0.04,-0.23,0.65,286.26,22.59,-15.68,0.11,-0.11,0.05,4.09,38.76,17.55,-37.69,-0.49,-0.13,0.93
2.1519,1,-0.032,-0.13,-0.04,0.99,197.23,15.44,-3.98,0.06,-0.14,-0.06,4.09,3.97,-8.85,4.58,-0.31,-0.24,0.9
2.2193,5,-0.655,-0.31,-0.5,-0.48,100.82,20.65,70.58,0.17,-0.04,0.1,4.09,14.95,3.66,-26.09,-0.32,0.88,0.53
2.2209,7,-0.977,-0.13,-0.1,-0.14,31.76,9.61,16.2,0.13,0.02,0.01,0,1.83,31.13,2.75,-0.05,0.23,1
2.2245,4,-0.699,0.31,-0.52,0.39,295.05,28.67,-71.5,0.32,-0.36,0.04,4.02,-26.25,-14.5,-17.85,-0.75,-0.64,0.64
2.226,3,-0.72,0.19,-0.14,-0.65,97.22,26.22,-6.05,0.16,-0.11,-0.07,4.02,-22.13,-7.02,4.88,-0.3,-0.26,0.85
2.2295,0,-0.01,-0.04,0,-1,192.89,-4.85,-0.34,0.04,-0.05,-0.03,4.09,3.05,-10.38,15.56,0.05,-0.05,0.97
2.2312,6,0.998,-0,-0.05,0.04,18.29,-5.39,-0.56,0.43,-0.43,0.09,4.03,-15.11,-38.45,15.87,0.57,0.44,1.01
2.2347,2,-0.717,-0.08,-0.21,0.66,286.58,23.83,-10.81,0.17,-0.02,-0.08,4.09,53.25,9.77,24.26,-0.38,-0,0.85
2.2361,1,-0.042,-0.13,-0.04,0.99,198.43,14.71,-4.01,0.24,0.16,0.03,4.09,11.29,-3.2,-9.46,-0.48,0.11,0.95
2.3293,5,-0.658,-0.31,-0.52,-0.46,100.69,23.46,72.28,0.17,-0.18,0.07,4.09,15.87,13.12,0.76,-0.26,0.97,0.47
2.3312,7,-0.976,-0.12,-0.11,-0.14,31.83,10.69,15.95,0.48,-0.24,0.07,0,0.15,5.19,-41.05,0.31,0.39,1.08
2.3349,4,-0.689,0.34,-0.52,0.38,295.48,27.09,-74.3,0.24,0.08,-0.01,4.02,-41.35,0.76,-78.58,-0.21,-0.93,0.46
2.3363,3,-0.696,0.2,-0.13,-0.68,100.75,26.99,-6.86,0.02,-0.04,0.14,4.02,-15.41,21.21,39.06,-0.5,-0.13,1.04
2.3399,0,0.004,-0.05,0,-1,194.58,-6.02,-0.33,0.1,-0.05,-0.02,4.09,5.49,-15.56,11.6,-0.04,-0.04,0.99
2.3414,6,0.996,-0,-0.09,0.01,15.09,-10.61,-0.62,-0.56,0.5,0.42,4.03,4.88,-5.34,1.53,-0.28,-0.57,1.42
2.345,2,-0.709,-0.12,-0.19,0.67,286.1,25.11,-5.83,0.14,-0.08,0.08,4.09,48.37,17.4,-30.21,-0.54,-0.02,0.94
2.3463,1,-0.038,-0.14,-0.03,0.99,198.13,15.97,-2.53,0.12,-0.09,0.35,4.09,4.27,39.37,-9,-0.44,-0.14,1.22
2.4154,5,-0.649,-0.3,-0.54,-0.45,102.74,25.72,74.62,0.12,-0.09,0,4.09,3.05,30.98,-16.48,-0.34,0.87,0.36
2.4169,7,-0.984,-0.1,-0.1,-0.1,27.24,10.57,13.17,-0.15,0.31,-0.13,0,-38.15,-32.2,-27.62,-0.47,-0.08,0.84
2.4205,4,-0.644,0.4,-0.51,0.4,293.63,19.06,-80.36,0.03,0.4,0.17,4.02,-52.19,-14.04,-45.93,-0.05,-1.04,0.17
2.422,3,-0.676,0.21,-0.13,-0.69,103.72,28.15,-7.27,-0.09,0.11,-0.06,4.02,-18.01,-1.22,9,-0.53,-0.02,0.78
2.4256,0,0.012,-0.06,0,-1,195.43,-7.36,-0.21,0.14,-0.14,0.01,4.09,7.02,-15.41,10.38,0,-0.14,1.02
2.4272,6,0.996,-0.02,-0.07,0.04,18.6,-8.42,-2.23,-0.36,0.04,-0.06,4.03,-9.16,17.85,31.89,-0.19,-0.09,0.98
2.4313,2,-0.704,-0.14,-0.18,0.67,285.99,26.3,-3.23,0.01,0.01,-0.09,4.09,15.41,-8.39,8.24,-0.39,-0.05,0.79
2.4328,1,-0.05,-0.16,-0.02,0.99,199.51,18.54,-1.89,-0.3,0.01,-0.14,4.09,-7.93,4.12,45.47,-0.02,-0.03,0.94
2.5116,5,-0.636,-0.28,-0.56,-0.45,106.1,27.33,75.99,0.18,-0.01,-0.02,4.09,3.81,30.98,3.97,-0.43,0.82,0.38
2.5131,7,-0.981,-0.1,-0.11,-0.13,29.9,11.19,12.65,0.04,-0.12,-0.27,0,-4.12,18.01,122.07,0,0.31,0.69
2.5168,4,-0.629,0.44,-0.51,0.39,294.88,17.8,-84.61,0.01,-0.08,-0.13,4.02,-35.86,-11.29,5.65,-0.44,-0.69,0.16
2.5182,3,-0.663,0.21,-0.12,-0.71,105.82,27.54,-7.49,-0.19,0.13,0.09,4.02,-10.83,-24.11,25.18,-0.61,0.12,0.9
2.5218,0,0.033,-0.07,-0.01,-1,197.79,-7.52,0.46,-0.04,-0.01,0.3,4.09,11.6,31.28,32.04,0.23,0.04,1.26
2.5234,6,0.996,-0.02,-0.07,0.05,20.15,-7.61,-2.76,-0.07,0.01,0.03,4.03,1.83,2.75,-16.33,0.07,-0.07,1.03
2.527,2,-0.707,-0.14,-0.16,0.67,286.58,24.87,-1.39,-0.11,0.12,0.23,4.09,19.68,-19.53,33.72,-0.41,-0.15,1.16
2.5284,1,-0.074,-0.17,-0.03,0.98,202.32,19.29,-2.05,-0.16,0.31,-0.02,4.09,-2.14,14.95,-7.17,-0.14,0.23,0.95
2.6234,5,-0.625,-0.27,-0.57,-0.46,108.44,27.23,76.78,0.07,-0.13,0.03,4.09,-13.28,16.63,-14.34,-0.37,0.89,0.27
2.625,7,-0.98,-0.09,-0.09,-0.16,33.11,8.3,11.93,0.18,0.17,-0.34,0,-28.99,-43.33,9.61,0.03,-0.11,0.71
2.6288,4,-0.624,0.45,-0.51,0.38,295.69,17.19,-86.13,0.16,-0.02,-0.02,4.02,11.75,-5.95,10.38,-0.26,-0.95,0.22
2.6303,3,-0.665,0.21,-0.1,-0.71,105.55,25.93,-9.09,-0.16,0.13,-0.08,4.02,-21.06,-8.7,-22.43,-0.52,0.03,0.79
2.6342,0,0.061,-0.03,-0.01,-1,201.06,-3.63,0.41,-0.09,0.19,-0.18,4.09,-2.59,25.94,29.91,0.17,0.19,0.82
2.6356,6,0.997,-0.02,-0.06,0.05,19.61,-6.89,-2.88,-0.14,0.04,-0.13,4.03,1.68,0,-10.53,-0.05,-0.07,0.88
2.6391,2,-0.731,-0.15,-0.14,0.65,291.42,24.04,2.5,0.06,0.11,0.08,4.09,14.65,9.16,21.82,-0.33,0.07,1.04
2.6405,1,-0.069,-0.17,-0.03,0.98,201.69,20.36,-2.29,-0.03,0.06,-0.15,4.09,-7.02,12.97,-3.66,-0.27,0.03,0.84
2.7154,5,-0.618,-0.26,-0.57,-0.47,110.17,26.99,76.3,-0.02,-0.01,-0.03,4.09,-16.78,10.07,12.05,-0.43,0.86,0.19
2.717,7,-0.978,-0.08,-0.02,-0.19,35.9,0.8,9.98,0.05,0,0.08,0,-13.12,-101.93,52.34,-0,0.15,1.19
2.7206,4,-0.648,0.44,-0.51,0.36,298.07,19.68,-83.76,0.07,0.03,-0.01,4.02,25.02,-23.65,9.77,-0.29,-0.93,0.16
2.722,3,-0.674,0.22,-0.08,-0.7,103.58,24.75,-11.76,-0.05,0.05,0,4.02,-10.68,-16.78,-18.01,-0.46,-0.14,0.89
2.7254,0,0.083,-0.03,-0,-1,203.58,-3.4,0.29,-0.12,0.21,0.01,4.09,-4.12,4.73,11.75,0.21,0.19,0.99
2.7269,6,0.998,-0.02,-0.04,0.03,17.88,-4.62,-2.29,-0.11,0.11,-0.02,4.03,9.77,41.66,-12.05,0.04,-0.18,0.98
2.7306,2,-0.734,-0.17,-0.14,0.64,292.41,24.53,4.19,-0.04,0.15,-0.07,4.09,7.32,-2.59,24.57,-0.26,0.04,0.9
2.7324,1,-0.079,-0.18,-0.04,0.98,202.65,21.1,-3.39,-0.15,-0.02,0.05,4.09,-8.09,-5.49,28.53,-0.28,-0.16,1.09
2.8275,5,-0.611,-0.26,-0.56,-0.5,111.5,24.89,74.44,-0.09,0.11,0.03,4.09,-29.45,-2.44,26.4,-0.5,0.89,0.09
2.829,7,-0.972,-0.08,0.03,-0.22,38.8,-5.85,8.21,-0.99,-0.4,0.18,0,19.99,-21.36,-10.99,-0.42,0.58,0.88
2.8326,4,-0.673,0.42,-0.49,0.36,300.06,20.79,-79.73,0.07,-0.03,-0.16,4.02,43.95,-4.73,30.82,-0.31,-0.78,0.23
2.834,3,-0.685,0.21,-0.07,-0.69,102.22,22.89,-12.51,0.01,-0.03,0.06,4.02,0.76,-18.16,-24.11,-0.38,-0.23,0.94
2.8375,0,0.08,-0.03,-0,-1,203.24,-3.6,0.13,-0.11,0.13,-0.13,4.09,-4.73,-1.07,-14.04,0.17,0.1,0.86
2.8388,6,0.997,-0.03,-0.05,0.05,19.51,-5.93,-3.23,0.23,0.17,-0.08,4.03,-11.29,-43.49,115.2,0.18,-0.2,0.88
2.8426,2,-0.733,-0.17,-0.13,0.65,292.38,23.87,5.13,0.01,0.07,-0.08,4.09,10.38,-6.56,-12.66,-0.33,0.08,0.89
2.844,1,-0.107,-0.19,-0.06,0.97,205.69,22.7,-4.37,0.08,0.27,-0.35,4.09,-22.28,27.62,-6.71,-0.28,0.23,0.6
2.9296,5,-0.604,-0.27,-0.53,-0.53,111.91,21.18,72.12,-0.03,0.06,-0.03,4.09,-19.68,-11.44,21.36,-0.41,0.85,0.23
2.9315,7,-0.971,-0.09,0.04,-0.22,39.1,-7.01,8.78,-0.3,0.15,0.36,0,18.92,7.48,-50.81,-0.2,0.15,1.37
2.9364,4,-0.685,0.4,-0.48,0.38,300.05,20.38,-75.88,0.05,0.27,0.19,4.02,33.72,6.1,-24.41,-0.13,-1.13,0.27
2.9378,3,-0.694,0.21,-0.06,-0.69,100.71,22.09,-13.37,-0.18,-0.1,0.14,4.02,2.9,11.44,-18.92,-0.33,-0.1,1.13
2.9439,0,0.067,-0.03,-0,-1,201.79,-3.79,-0.06,-0.01,0.05,0.13,4.09,-5.95,7.02,-11.9,0.08,0.03,1.13
2.9458,6,0.99,-0.03,-0.05,0.12,28.6,-5.08,-4.35,0.04,-0.4,-0.11,4.03,23.96,43.79,-9.77,0.38,-0.04,0.92
2.9506,2,-0.743,-0.17,-0.11,0.64,294.21,22.83,6.76,0.17,0.11,0.08,4.09,12.51,-14.19,-21.36,-0.32,0.23,1.02
2.9522,1,-0.102,-0.19,-0.06,0.97,205,22.86,-4.74,-0.27,-0.25,0.31,4.09,13.43,-4.27,15.41,-0.36,-0.38,1.25
3.0194,5,-0.606,-0.27,-0.51,-0.54,111.39,19.28,69.84,0.02,0.02,0.13,4.09,-25.48,-16.78,-8.24,-0.39,0.97,0.39
3.0211,7,-0.972,-0.1,0.02,-0.21,38.47,-4.45,10.47,0.26,-0.11,-0.09,0,14.5,11.14,38.15,0.36,0.15,0.87
3.0266,4,-0.691,0.38,-0.46,0.41,298.8,19.5,-72.48,0.06,0.01,0.06,4.02,48.98,11.75,17.55,-0.39,-0.88,0.33
3.0281,3,-0.708,0.21,-0.07,-0.67,98.43,22.26,-12.82,-0.02,-0.05,-0.04,4.02,17.7,12.82,-7.63,-0.33,-0.18,0.87
3.0322,0,0.061,-0.02,0.01,-1,201.08,-2.82,-0.77,-0.01,-0.02,-0.14,4.09,-5.65,5.65,-12.82,0.03,-0.06,0.84
3.0336,6,0.994,-0.02,-0.05,0.1,25.48,-4.99,-3.35,0.41,0.08,-0.02,4.03,-2.59,-36.62,-0.46,0.3,-0.17,1.02
3.0382,2,-0.724,-0.17,-0.1,0.66,290.56,21.89,6.63,-0.16,-0.1,-0.19,4.09,1.98,-0.76,19.68,-0.39,0,0.74
3.0398,1,-0.101,-0.21,-0.05,0.97,205.11,24.31,-3.97,0.08,0.01,0.05,4.09,20.9,11.44,-1.68,-0.54,-0.05,0.96
3.1194,5,-0.621,-0.26,-0.5,-0.54,109.73,19.6,67.28,-0,0.1,-0.03,4.09,-8.54,-13.12,1.83,-0.39,0.85,0.31
3.1211,7,-0.973,-0.1,0.01,-0.2,37.44,-3.65,11.36,0.12,0,-0.02,0,4.73,15.41,-40.13,0.18,0.17,0.97
3.125,4,-0.699,0.35,-0.46,0.42,297.85,19.8,-69.05,-0.02,-0.02,-0.01,4.02,21.36,4.27,6.71,-0.36,-0.82,0.33
3.1265,3,-0.705,0.21,-0.09,-0.67,99.05,23.68,-10.9,-0.25,0.04,-0.04,4.02,19.68,13.28,-8.85,-0.44,0.06,0.84
3.1303,0,0.054,-0.02,0,-1,200.21,-1.81,-0.64,0.06,-0.16,0.19,4.09,-0.76,14.19,-9.61,-0.06,-0.2,1.11
3.1317,6,0.995,-0.02,-0.04,0.09,24.81,-3.92,-3.16,-0.02,-0.2,-0.14,4.03,9.46,13.58,-27.01,0.08,0.12,0.87
3.1354,2,-0.716,-0.16,-0.11,0.67,288.8,21.63,5.1,-0.29,-0.1,0.05,4.09,-10.07,-14.8,-42.57,-0.5,-0.22,0.95
3.1368,1,-0.093,-0.22,-0.05,0.97,204.22,26.24,-3.42,0.04,-0.13,-0.02,4.09,7.17,28.38,-4.73,-0.48,-0.16,0.82
3.2364,5,-0.634,-0.26,-0.49,-0.54,107.81,19.72,65.56,0.03,-0.03,-0.07,4.09,-19.84,-11.75,-10.83,-0.29,0.72,0.39
3.2379,7,-0.979,-0.11,-0.01,-0.18,34.3,-1.24,12.26,-0.04,0.11,-0.07,0,0,20.45,5.34,-0.03,0.18,0.93
3.2416,4,-0.713,0.33,-0.45,0.43,298.59,20.93,-65.83,-0.05,-0.15,-0.09,4.02,32.2,-18.77,15.11,-0.47,-0.77,0.3
3.243,3,-0.734,0.2,-0.1,-0.64,94.02,24.24,-10.54,0.01,-0.01,-0.33,4.02,23.96,5.95,-76.29,-0.26,-0.12,0.6
3.2464,0,0.054,0,0.01,-1,200.19,0.13,-0.72,-0.12,-0.01,0.01,4.09,7.93,31.59,15.41,0.11,-0.03,1.02
3.2479,6,0.997,-0.02,0,0.08,22.97,0.22,-2.33,0.03,0.01,0.06,4.03,13.43,61.65,-10.38,0.02,-0.05,1.08
3.2516,2,-0.731,-0.15,-0.11,0.66,290.95,21.11,4.2,-0.13,0.07,-0.08,4.09,-22.43,0,49.29,-0.28,-0.08,0.88
3.253,1,-0.086,-0.25,-0.04,0.96,203.65,28.93,-2.35,-0.11,0.09,0.15,4.09,8.54,40.28,-10.38,-0.42,-0.01,1.09
3.3225,5,-0.646,-0.25,-0.47,-0.55,106.57,19.59,62.58,-0.09,-0.05,-0.03,4.09,-28.38,-10.22,-51.42,-0.29,0.77,0.32
3.3241,7,-0.98,-0.11,-0.03,-0.16,32.86,1.19,12.93,-0.06,0.04,-0.04,0,5.49,10.53,-3.66,-0.14,0.23,0.99
3.3279,4,-0.741,0.31,-0.43,0.42,302.25,21.92,-61.12,0.06,0.01,-0.06,4.02,34.33,-27.01,-4.73,-0.31,-0.75,0.48
3.3294,3,-0.756,0.19,-0.11,-0.62,90.29,23.72,-10.02,0.03,-0.03,-0.04,4.02,16.02,-10.68,-4.43,-0.35,-0.17,0.87
3.3331,0,0.058,0.04,0,-1,200.71,4.46,-0.17,-0.11,0.07,-0.01,4.09,2.75,68.05,-1.68,0.04,0.06,0.98
3.3347,6,0.996,-0.02,0.03,0.08,23.58,4.18,-1.89,-0.04,0.1,0.1,4.03,-4.43,20.75,16.33,-0.16,-0.11,1.09
3.3385,2,-0.75,-0.14,-0.12,0.64,294.05,20.48,3.44,-0.2,0.11,-0.12,4.09,-8.24,-8.54,30.67,-0.24,-0.16,0.86
3.3399,1,-0.085,-0.28,-0.04,0.96,203.49,32.76,-2.6,-0.14,0.07,0.02,4.09,-2.9,27.92,10.99,-0.44,-0.03,0.97
3.4343,5,-0.673,-0.22,-0.44,-0.55,103.86,20.86,57.02,0,0.06,-0.42,4.09,-65.46,-25.63,4.88,-0.25,0.16,0.25
3.4357,7,-0.978,-0.11,-0.05,-0.17,34.3,3.63,13.55,-0.18,-0.06,-0.06,0,8.39,25.33,11.9,-0.22,0.35,0.91
3.4396,4,-0.761,0.29,-0.4,0.42,304.44,20.94,-56.35,0.16,0.15,-0.08,4.02,42.42,-9.61,11.9,-0.17,-0.64,0.56
3.441,3,-0.776,0.18,-0.1,-0.6,87.23,21.82,-9.63,0.02,-0.03,-0.01,4.02,19.07,-2.59,-59.2,-0.35,-0.15,0.93
3.4448,0,0.062,0.11,0.01,-0.99,201.13,12.64,-0.53,-0.01,0.02,-0.1,4.09,-15.41,108.03,0.46,-0.2,-0,0.87
3.4468,6,0.993,-0.01,0.06,0.1,25.93,7.2,-0.96,-0.13,-0.06,-0.09,4.02,4.12,27.16,-8.85,-0.23,0.04,0.89
3.4518,2,-0.768,-0.13,-0.11,0.62,297.34,19.33,4.44,-0.06,-0.06,-0.13,4.09,1.07,-6.1,8.24,-0.34,0.01,0.78
3.4534,1,-0.091,-0.3,-0.05,0.95,204.26,35.53,-2.2,-0.03,0,-0.03,4.09,-5.95,29.75,6.26,-0.54,-0.02,0.82
3.5064,5,-0.687,-0.2,-0.39,-0.58,102.79,18.26,50,0.26,0.17,-0.28,4.09,-49.9,-18.46,-9.31,-0.4,0.31,0.62
3.5082,7,-0.972,-0.12,-0.08,-0.19,36.8,6.96,15.03,-0.14,0.02,0,0,6.56,34.33,2.44,-0.27,0.28,0.94
3.5124,4,-0.777,0.26,-0.37,0.44,305.17,20.18,-50.4,-0.15,0.14,-0.07,4.02,52.49,-31.43,59.97,-0.33,-0.57,0.46
3.5139,3,-0.813,0.17,-0.1,-0.55,79.94,20.27,-10.8,0.02,-0.1,-0.11,4.02,10.99,-8.39,-89.11,-0.23,-0.12,0.89
3.5305,0,0.057,0.2,0.03,-0.98,200.27,22.98,-1.93,-0.02,-0.03,-0.06,4.09,-11.9,116.27,-5.04,-0.38,-0.03,0.88
3.5323,6,0.991,-0.01,0.09,0.1,25.84,10.19,-0.17,-0.05,0.1,-0.12,4.02,4.58,24.87,-10.83,-0.22,-0.13,0.91
3.5361,2,-0.798,-0.13,-0.11,0.58,302.99,18.63,4.82,0.06,0.01,-0.09,4.09,-15.87,-1.22,74.77,-0.25,0.2,0.85
3.5376,1,-0.089,-0.33,-0.04,0.94,204.21,38.6,-1.79,-0.07,-0.04,0.01,4.09,2.29,40.59,-4.88,-0.57,-0.06,0.83
3.6265,5,-0.685,-0.18,-0.35,-0.61,103.82,15.35,44.6,0.11,0.06,-0.07,4.09,-54.93,-4.88,16.33,-0.3,0.54,0.7
3.6281,7,-0.967,-0.12,-0.12,-0.19,37.92,10.69,16.74,-0.2,0.05,0.03,0,12.05,35.55,-7.17,-0.37,0.28,0.92
3.6319,4,-0.804,0.22,-0.34,0.44,308.31,20.66,-43.42,0.16,-0.14,-0.15,4.02,50.2,-17.4,44.71,-0.41,-0.14,0.76
3.6334,3,-0.844,0.16,-0.08,-0.5,73.91,17.99,-11.71,-0.05,-0.02,-0.01,4.02,4.27,-6.87,-32.35,-0.36,-0.13,0.96
3.6371,0,0.047,0.29,0.04,-0.96,198.57,33.79,-3.77,-0.02,0.07,-0.06,4.09,-5.95,105.9,-7.93,-0.55,0.03,0.8
3.6386,6,0.988,-0,0.12,0.1,25.3,13.41,1.16,-0.15,0.03,-0.03,4.02,12.97,30.06,-4.58,-0.37,0,0.93
3.6424,2,-0.837,-0.13,-0.1,0.52,311.05,17.72,6.51,0.09,-0.02,-0.08,4.09,-2.14,-1.68,85.75,-0.26,0.19,0.86
3.6438,1,-0.074,-0.36,-0.04,0.93,202.49,42.25,-1.75,-0.1,-0.07,-0.03,4.09,7.17,39.67,-14.65,-0.57,-0.09,0.77
3.7384,5,-0.691,-0.15,-0.32,-0.63,103.86,14.37,39.4,0.47,0.19,-0.33,4.09,-67.44,-6.1,59.66,-0.34,0.04,0.81
3.74,7,-0.959,-0.12,-0.16,-0.19,39.5,15.41,18.17,0.02,0.01,-0.01,0,12.36,60.27,22.28,-0.3,0.28,0.89
3.7437,4,-0.828,0.17,-0.31,0.43,311.58,21.68,-36.44,0.19,-0.01,-0.09,4.02,51.57,-3.2,51.88,-0.31,-0.5,0.81
3.7451,3,-0.872,0.16,-0.08,-0.46,67.38,16.34,-12.88,0,-0.07,0.09,4.02,13.58,0.61,-57.22,-0.21,-0.2,0.98
3.7485,0,0.03,0.37,0.05,-0.93,195.39,43.17,-5.96,0.01,0.02,-0.06,4.09,1.07,97.5,-6.26,-0.66,-0.07,0.66
3.75,6,0.984,0,0.16,0.08,23.62,18.13,1.72,-0.18,-0.08,0,4.02,17.85,42.42,21.21,-0.47,0.14,0.9
3.7539,2,-0.865,-0.13,-0.08,0.48,317.47,15.64,8.88,0.01,0.02,0.05,4.09,2.59,-1.68,54.17,-0.29,0.14,1
3.7553,1,-0.065,-0.39,-0.04,0.92,201.21,45.59,-2.09,-0.14,0.07,-0.11,4.09,16.17,32.04,0.15,-0.54,0.05,0.77
3.8064,5,-0.684,-0.13,-0.28,-0.66,105.85,12.34,33.9,0.07,-0.13,0.17,4.09,-42.27,1.83,-20.75,-0.39,0.23,0.91
3.808,7,-0.95,-0.12,-0.21,-0.2,41.11,20.22,19.62,-0.04,0.01,-0.02,0,16.33,40.28,-6.26,-0.55,0.44,0.9
3.8118,4,-0.865,0.12,-0.3,0.38,319.76,25.56,-29.13,0.06,0.04,0.03,4.02,12.21,-6.41,77.67,-0.38,-0.43,0.85
3.8133,3,-0.885,0.15,-0.07,-0.43,64.72,15.29,-12.28,-0.06,0.03,-0.01,4.02,2.14,1.07,-24.41,-0.31,-0.18,0.93
3.8168,0,0.013,0.44,0.06,-0.89,191.41,52.53,-8.79,0.02,-0.01,-0.03,4.09,4.27,83.77,-10.22,-0.79,-0.11,0.57
3.8183,6,0.975,0.01,0.21,0.07,23.05,24.02,3.44,-0.1,0.11,0.07,4.02,11.14,60.42,-8.85,-0.51,-0.06,0.94
3.8383,2,-0.894,-0.14,-0.08,0.42,325.45,14.96,11.21,0.02,-0.06,-0.05,4.09,7.17,18.01,94.76,-0.27,0.23,0.88
3.8402,1,-0.069,-0.42,-0.03,0.9,202.91,49.81,0.4,-0.12,-0.14,0.06,4.09,7.93,35.4,23.65,-0.7,-0.13,0.84
3.9164,5,-0.705,-0.1,-0.26,-0.65,103.37,13.75,29.17,0.14,0.06,-0.08,4.09,-30.21,-2.14,-2.9,-0.26,0.33,0.88
3.9179,7,-0.939,-0.12,-0.26,-0.19,42.34,25.87,21.35,0.01,-0.17,-0.12,0,18.92,55.69,-4.88,-0.35,0.52,0.76
3.9233,4,-0.891,0.1,-0.29,0.33,327.06,26.83,-24.76,0.07,-0.08,-0.12,4.02,-1.98,-20.6,54.17,-0.42,-0.26,0.77
3.9247,3,-0.902,0.16,-0.07,-0.4,59.59,15.02,-13.65,0.01,-0.07,-0.03,4.02,-6.71,4.27,-57.68,-0.2,-0.21,0.92
3.9305,0,-0.005,0.5,0.06,-0.86,186.05,60.31,-12.61,0.09,-0.13,-0.03,4.09,3.2,89.72,2.29,-0.89,-0.21,0.36
3.932,6,0.963,0.02,0.26,0.08,25.21,29.22,5.18,-0.09,-0.33,0.11,4.02,19.53,52.8,1.22,-0.55,0.4,0.91
3.9488,2,-0.919,-0.16,-0.08,0.35,333.93,14.77,14.46,0.17,-0.02,-0.08,4.09,4.58,2.44,65,-0.09,0.43,0.88
3.9517,1,-0.071,-0.45,-0.02,0.89,204.57,53.65,2.72,-0.2,0.03,0.06,4.09,18.01,39.83,-7.32,-0.74,0.02,0.74
4.0133,5,-0.706,-0.08,-0.24,-0.66,103.48,13.94,26.32,0.03,-0.03,0.1,4.09,-14.04,10.68,-13.43,-0.21,0.43,0.98
4.015,7,-0.926,-0.12,-0.31,-0.18,42.89,31.66,23.7,0.06,0.19,0.14,0,13.89,52.34,3.81,-0.52,0.22,0.93
4.0204,4,-0.914,0.08,-0.28,0.28,334.43,27.5,-20.51,0.14,0.19,0.06,4.02,9.16,0,12.36,-0.3,-0.41,0.94
4.0218,3,-0.913,0.16,-0.07,-0.37,56.31,14.3,-14.38,0.05,-0.02,-0.04,4.02,1.37,0.15,-26.55,-0.18,-0.27,0.91
4.0256,0,-0.014,0.55,0.06,-0.83,181.39,66.7,-16.22,0.02,-0.04,0,4.09,7.93,64.24,7.02,-0.95,-0.15,0.35
4.0271,6,0.952,0.02,0.3,0.07,24,34.12,5.7,0.06,0.01,0.07,4.02,19.23,48.68,3.51,-0.61,0.08,0.83
4.0356,2,-0.923,-0.16,-0.06,0.34,335.07,12.59,15.53,-0.11,0.09,-0.04,4.09,1.83,-13.12,3.66,-0.24,0.13,0.95
4.0372,1,-0.061,-0.49,-0.02,0.87,203.39,58.68,2.33,-0.11,-0.1,-0.03,4.09,9.31,56.46,5.19,-0.79,-0.11,0.57
4.1382,5,-0.721,-0.07,-0.24,-0.65,101.15,15.26,25.11,0.18,0.06,0.01,4.09,3.51,-5.95,-26.86,-0.31,0.25,0.93
4.1401,7,-0.915,-0.12,-0.34,-0.17,43.57,35.93,25.13,-0.01,0.03,-0.03,0,13.89,25.02,22.89,-0.6,0.36,0.73
4.1445,4,-0.915,0.07,-0.27,0.29,334.45,27.4,-19.11,0.12,0.1,-0,4.02,8.09,1.37,-21.06,-0.3,-0.31,0.92
4.146,3,-0.92,0.16,-0.06,-0.35,53.93,13.41,-15,0.08,0.01,0.11,4.02,-1.53,-4.27,-11.75,-0.22,-0.3,0.99
4.1505,0,-0.018,0.59,0.05,-0.8,176.91,72,-19.89,0.09,0.1,-0,4.09,3.97,55.85,-3.05,-0.99,-0.03,0.21
4.152,6,0.942,0.02,0.33,0.06,22.87,38.1,5.84,0.09,0.32,0.13,4.02,-2.75,26.09,0,-0.75,-0.2,0.98
4.1555,2,-0.928,-0.16,-0.03,0.33,335.86,9.84,16.23,-0.02,-0.02,0.07,4.09,5.8,-18.01,-2.29,-0.24,0.28,0.99
4.1569,1,-0.061,-0.53,-0.02,0.85,205.04,63.71,4.51,-0.1,-0.05,0.19,4.09,3.2,44.25,2.75,-0.99,-0.04,0.61
4.2366,5,-0.737,-0.07,-0.24,-0.63,98.39,15.43,24.23,0.06,0.04,-0.07,4.09,-1.07,-5.34,-31.74,-0.29,0.27,0.85
4.2381,7,-0.906,-0.12,-0.37,-0.16,43.99,39.2,26.52,-0.01,0.04,-0.08,0,9.46,20.9,-7.93,-0.61,0.29,0.65
4.2416,4,-0.911,0.07,-0.26,0.31,332.07,26,-18.51,0.16,-0.02,0.04,4.02,7.48,-2.44,-26.25,-0.41,-0.21,0.97
4.243,3,-0.924,0.16,-0.06,-0.34,53.08,12.56,-14.81,0,0.02,0.14,4.02,-2.44,-6.41,-24.57,-0.24,-0.3,1.07
4.2464,0,-0.027,0.63,0.05,-0.77,165.99,76.64,-30.15,0.03,0.03,0.05,4.09,-0.46,55.54,-12.21,-1.06,-0.12,0.2
4.2478,6,0.931,0.03,0.36,0.07,26.03,41.22,7.94,-0.04,-0.02,-0.04,4.02,2.59,23.65,17.55,-0.66,0.14,0.68
4.2513,2,-0.928,-0.16,-0.01,0.33,335.59,7.75,17.4,-0.28,0.08,0.07,4.09,22.43,-16.63,10.07,-0.29,0.07,1.07
4.2527,1,-0.059,-0.56,-0.01,0.83,206.22,67.38,6.14,0.03,0.04,0.01,4.09,-0.31,25.02,-5.8,-0.94,0.08,0.4
4.3185,5,-0.749,-0.06,-0.23,-0.62,96.39,16.17,23.17,0.19,-0.04,-0.09,4.09,1.68,3.36,-11.6,-0.19,0.2,0.93
4.3201,7,-0.898,-0.12,-0.39,-0.17,45.85,40.95,27.61,0.07,-0.15,0.31,0,-4.73,13.73,4.88,-0.75,0.56,0.89
4.3238,4,-0.902,0.07,-0.26,0.34,328.38,24.68,-18.85,-0.09,-0.02,0.18,4.02,13.43,-7.02,-44.71,-0.47,-0.54,0.99
4.3253,3,-0.933,0.15,-0.05,-0.32,50.75,11.41,-14.8,0.04,-0.01,0.11,4.02,5.19,-9.61,7.32,-0.21,-0.29,1.06
4.3423,0,-0.035,0.67,0.06,-0.74,142.95,80.17,-53.21,0.21,0.02,0.07,4.09,-5.04,49.59,-6.56,-1.06,-0.17,-0.08
4.3438,1,-0.058,-0.58,-0.02,0.81,206.85,70.48,6.51,-0.06,0.03,0.16,4.09,-2.9,23.96,0.46,-1.06,0.1,0.39
4.3474,2,-0.938,-0.17,0,0.3,339.49,5.65,19.26,0.02,-0.06,-0.03,4.09,7.17,-3.66,23.35,-0.12,0.4,0.89
4.3487,6,0.925,0.03,0.37,0.08,27.52,42.93,9.12,0.12,0.18,0.07,4.02,-1.83,8.7,14.95,-0.67,-0.08,0.85
4.4545,5,-0.756,-0.05,-0.23,-0.61,95.05,16.52,22.24,0.06,0.06,0.19,4.09,-10.53,0.76,-2.59,-0.38,0.35,1.05
4.4564,7,-0.894,-0.12,-0.4,-0.17,46.97,41.67,28.04,0.04,0.04,0.02,0,-4.88,-7.48,5.8,-0.68,0.26,0.71
4.4615,4,-0.905,0.05,-0.24,0.35,328.74,23.89,-16.38,0.02,0.19,0.16,4.02,15.56,-4.58,-16.48,-0.32,-0.47,1.05
4.4634,3,-0.935,0.14,-0.05,-0.32,50.77,10.59,-13.97,0.06,0.06,0.16,4.02,1.37,-9.46,18.62,-0.2,-0.35,1.09
4.4675,0,-0.036,0.7,0.06,-0.71,110.42,82.06,-85.78,0.17,0.1,0.1,4.09,-5.49,42.27,-0.15,-1.11,-0.05,-0.16
4.469,6,0.922,0.03,0.38,0.09,29.42,43.39,9.71,0.06,0.02,0.07,4.02,-9.61,-4.58,14.04,-0.68,0.13,0.79
4.4726,2,-0.941,-0.18,0.02,0.28,341.22,4.21,20.65,0.03,0.04,0.14,4.09,1.53,-6.1,18.92,-0.04,0.37,1.07
4.474,1,-0.06,-0.6,-0.02,0.8,208.5,73,7.97,-0.04,-0.01,0.1,4.09,-1.07,24.11,-0.15,-1.04,0.03,0.38
4.5465,5,-0.762,-0.05,-0.22,-0.61,94.07,16.62,20.77,-0.02,0.07,0.16,4.09,-13.73,-0.46,-6.26,-0.41,0.4,1.04
4.548,3,-0.936,0.14,-0.04,-0.32,50.37,9.48,-14.29,0.04,0.02,0.04,4.02,-5.8,-6.26,-11.6,-0.16,-0.28,0.97
4.5517,4,-0.904,0.04,-0.24,0.35,328.18,23.63,-15.6,0.07,0.19,0.15,4.02,14.04,4.88,-34.64,-0.27,-0.39,1.05
4.5532,6,0.923,0.03,0.37,0.1,30.54,42.59,9.71,0.03,-0.06,0.03,4.02,-7.17,-18.31,0.31,-0.65,0.19,0.77
4.5569,0,-0.039,0.72,0.06,-0.69,88.91,81.33,-107.1,0.06,0.02,0.16,4.09,-5.34,31.89,-3.2,-1.15,-0.13,-0.11
4.5586,1,-0.061,-0.61,-0.02,0.79,210.97,75.2,10.44,0.01,0.07,0.04,4.09,-1.37,21.97,-5.49,-1.01,0.11,0.31
4.6365,2,-0.94,-0.18,0.03,0.29,340.44,2.67,20.92,-0.09,-0,0.07,4.09,6.87,-13.73,9.46,-0.13,0.4,1.05
4.6383,3,-0.938,0.14,-0.03,-0.31,49.82,8.43,-14.73,-0.03,0.02,-0.01,4.02,-1.83,-6.26,5.19,-0.17,-0.24,0.95
4.6419,5,-0.761,-0.03,-0.22,-0.61,94.36,16.8,19.33,0.1,0,0.13,4.09,-11.44,3.81,9,-0.35,0.3,1.1
4.6434,6,0.927,0.03,0.36,0.11,31.18,41,10.06,-0.01,-0.08,-0.02,4.03,5.49,-13.28,0.61,-0.65,0.19,0.74
4.647,4,-0.898,0.03,-0.23,0.37,326.12,23.32,-14.93,0.11,0.11,0.12,4.02,10.07,-8.39,-9.92,-0.34,-0.28,1.05
4.6485,1,-0.056,-0.62,-0.02,0.78,209.7,77.22,9.23,0.02,0.01,-0.04,4.09,2.9,14.5,-1.07,-0.94,0.07,0.21
4.7387,0,-0.039,0.74,0.07,-0.67,72.58,79.91,-123.67,0.07,-0,0.12,4.09,-6.87,26.7,1.83,-1.09,-0.16,-0.17
4.7402,3,-0.939,0.14,-0.02,-0.31,49.7,7.38,-14.95,0.02,0.04,0.19,4.02,-3.51,-12.36,-7.78,-0.14,-0.32,1.12
4.7437,2,-0.94,-0.19,0.05,0.28,340.88,0.91,22.17,-0.02,0.01,0.09,4.09,5.34,-8.7,12.21,-0.02,0.42,1.02
4.7451,6,0.929,0.03,0.35,0.11,30.84,40.6,10.16,-0.01,0.09,0.03,4.03,-0.92,-1.37,3.81,-0.69,0.04,0.78
4.7489,5,-0.759,-0.03,-0.21,-0.61,94.77,16.84,18.64,0.06,0.07,0.1,4.09,-8.39,-1.22,-1.37,-0.38,0.28,1
4.7503,1,-0.052,-0.63,-0.02,0.77,208.62,78.32,8.39,0.11,-0,-0.02,4.09,-1.22,-3.36,-2.44,-0.99,0.01,0.15
4.8205,4,-0.896,0.03,-0.23,0.38,325.1,22.7,-13.97,0.09,0.13,0.05,4.02,10.53,-4.12,-8.24,-0.25,-0.21,1
4.8222,7,-0.893,-0.11,-0.38,-0.21,50.43,39.56,27.49,0.07,-0.06,0.02,0,-0.61,-2.44,-7.17,-0.58,0.38,0.73
4.826,0,-0.035,0.75,0.06,-0.65,60,78.47,-136.45,0.1,0.08,0.04,4.09,-4.58,23.96,4.43,-1.01,-0.04,-0.24
4.8275,3,-0.943,0.14,-0.02,-0.3,48.19,6.79,-15.34,0.07,-0.03,0.16,4.02,7.32,10.38,-49.13,-0.01,-0.43,1.18
4.8413,2,-0.939,-0.19,0.06,0.28,340.56,-1,22.72,-0.14,-0.04,0.03,4.09,4.73,-22.13,-12.21,-0.12,0.36,0.97
4.8428,1,-0.051,-0.63,-0.02,0.77,207.99,78,7.86,0,0.01,0.13,4.09,1.53,-11.29,-2.9,-1.11,0.05,0.23
4.9535,5,-0.761,-0.02,-0.21,-0.61,94.46,16.68,17.7,0.02,0.02,0.04,4.09,-7.93,-1.37,2.14,-0.33,0.32,0.95
4.955,7,-0.897,-0.11,-0.38,-0.21,49.59,39.1,26.66,0.12,0.01,0.05,0,-7.32,-12.66,-2.44,-0.58,0.31,0.8
4.9602,4,-0.887,0.02,-0.22,0.41,322.14,21.71,-13.69,0.01,0.05,0.03,4.02,10.68,-1.83,-26.7,-0.39,-0.23,0.97
4.9617,3,-0.952,0.14,-0.02,-0.27,45.02,6.33,-15.4,0.13,0.06,0.34,4.02,-4.27,5.04,-35.1,-0.07,-0.46,1.26
4.9681,0,-0.034,0.77,0.07,-0.64,52.15,76.52,-144.41,0.08,0.05,-0,4.09,-3.2,23.19,-3.51,-1,-0.1,-0.28
4.9698,6,0.932,0.03,0.34,0.11,30.37,39.52,9.36,0.12,-0,-0.01,4.03,-9.61,-18.31,-6.56,-0.54,0.11,0.83
4.9737,2,-0.938,-0.19,0.08,0.28,340.01,-2.07,23.07,-0.11,-0.04,0.03,4.09,9.16,-12.36,-2.14,-0.08,0.36,0.96
4.9756,1,-0.05,-0.62,-0.02,0.79,206.77,76.15,6.93,0.02,0.04,0.12,4.09,3.66,-35.25,-0.31,-1.09,0.07,0.25
5.0255,5,-0.757,-0.02,-0.2,-0.62,95.3,16.49,17.05,0.05,-0.22,-0.06,4.09,-7.78,-3.97,13.58,-0.18,0.15,1.03
5.0271,7,-0.905,-0.1,-0.36,-0.2,47.67,37.57,24.86,0.06,0.04,-0.04,0,-8.09,-28.84,-5.95,-0.55,0.27,0.73
5.0309,4,-0.877,0.02,-0.21,0.43,319.37,21.05,-13.49,0.07,0.11,0.01,4.02,6.87,-8.09,-9,-0.46,-0.33,0.97
5.0323,3,-0.956,0.15,-0.01,-0.25,43.02,5.26,-16.3,0.09,0.01,0.37,4.02,-2.75,-14.19,3.2,-0.04,-0.44,1.29
5.036,0,-0.036,0.78,0.07,-0.62,48.75,74.78,-147.84,0.18,0.02,0.15,4.09,1.37,4.12,-5.8,-1.05,-0.17,-0.42
5.0376,6,0.94,0.02,0.32,0.1,28.99,37.2,7.52,0.05,0.06,-0.04,4.03,-13.28,-29.91,-11.75,-0.55,0.02,0.79
5.0574,2,-0.935,-0.19,0.08,0.28,339.57,-2.83,24,-0.38,0.18,-0.03,4.09,6.71,10.83,16.02,-0.14,0.07,1.01
5.0591,1,-0.047,-0.59,-0.02,0.81,204.64,71.61,5.41,-0.02,-0.02,0.01,4.09,6.1,-63.48,-0.92,-0.95,0,0.34
5.1345,5,-0.753,-0.02,-0.2,-0.63,96.04,15.81,17.18,-0.21,0.06,0.14,4.09,4.43,-6.56,-42.27,-0.42,0.29,0.94
5.136,7,-0.917,-0.1,-0.33,-0.2,45.47,34.81,22.54,0.02,-0.04,0.02,0,-7.17,-41.05,1.22,-0.57,0.37,0.82
5.1398,4,-0.873,0.02,-0.21,0.44,318.2,20.7,-13.86,-0.17,0.1,0.08,4.02,1.68,-2.59,37.38,-0.4,-0.42,0.94
5.1413,3,-0.953,0.14,0,-0.27,44.69,4.1,-15.94,-0.01,-0.12,0.13,4.02,0,-14.19,1.53,0.01,-0.23,1.1
5.145,0,-0.037,0.78,0.07,-0.62,48.46,74.8,-147.97,0.13,-0.02,0.27,4.09,1.07,-7.32,9.77,-1.19,-0.19,-0.41
5.1465,6,0.949,0.01,0.3,0.1,27.94,34.37,5.53,0.1,-0.18,-0.03,4.02,-7.48,-36.62,-12.97,-0.43,0.23,0.87
5.1669,2,-0.939,-0.19,0.08,0.27,341.2,-2.21,23.89,-0.17,0.1,0.25,4.09,-9.77,-2.75,1.53,-0.05,0.37,1.27
5.1686,1,-0.048,-0.54,-0.01,0.84,203.42,64.77,4.52,-0.12,0,0.04,4.09,1.37,-74.77,1.83,-0.88,0.04,0.57
5.2261,5,-0.796,-0.01,-0.2,-0.57,87.75,17.68,14.79,0.34,0.36,0.36,4.09,0.92,-4.58,-40.89,-0.5,0.01,1.21
5.2281,7,-0.929,-0.1,-0.3,-0.19,43.03,31.47,20.76,0.07,-0.05,-0.09,0,-9,-45.93,-15.72,-0.38,0.27,0.77
5.2321,4,-0.883,0.01,-0.21,0.42,321.14,21.71,-12.44,-0.05,0.27,0.42,4.02,-3.05,-11.14,92.77,-0.37,-0.41,1.35
5.2331,3,-0.947,0.14,0.01,-0.29,47.52,3.43,-15.55,-0.06,-0.06,0.01,4.02,0.31,-4.58,42.42,-0.05,-0.18,0.97
5.2371,0,-0.037,0.77,0.06,-0.63,50.96,76.5,-145.08,0.17,0.05,0.38,4.09,7.17,-35.1,-3.2,-1.31,-0.14,-0.43
5.2391,6,0.961,0.01,0.26,0.09,26.05,30.08,4.22,0.07,-0.01,0.02,4.02,-0.61,-54.63,-21.21,-0.46,0.06,0.92
5.2581,2,-0.939,-0.18,0.08,0.28,340.06,-2.82,22.67,-0.34,0.03,0.39,4.09,-16.63,4.43,-9.77,-0.13,0.29,1.34
5.2601,1,-0.045,-0.48,-0.01,0.87,201.61,57.77,2.95,-0.11,-0.02,0,4.09,-0.61,-65,-7.63,-0.73,0.01,0.61
5.3551,5,-0.831,0,-0.19,-0.52,80.42,18.63,12.12,0.36,0.08,0.3,4.09,-2.44,-13.43,-35.71,-0.33,0.07,1.29
5.3571,7,-0.948,-0.1,-0.25,-0.17,38.75,26.1,17.5,-0.09,0.08,0.25,0,-12.36,-56.61,-19.68,-0.66,0.29,1.02
5.3611,4,-0.906,0.01,-0.22,0.36,327.9,22.29,-11.39,-0.11,0.19,0.37,4.02,-29.3,-16.48,84.23,-0.49,-0.46,1.24
5.3621,3,-0.943,0.13,0.01,-0.31,49.52,3.21,-15.12,0.18,0.1,-0.24,4.02,-1.37,-19.84,62.26,0.09,-0.37,0.67
5.3661,0,-0.04,0.74,0.06,-0.67,69.22,80.02,-126.37,0.24,0.02,0.22,4.09,10.07,-74.77,-1.37,-1.2,-0.14,-0.36
5.3671,6,0.975,0,0.21,0.08,23.68,23.97,2.39,-0.05,0.04,-0,4.02,-10.83,-56.15,-3.66,-0.45,0.01,0.87
5.3711,2,-0.944,-0.16,0.06,0.28,340.62,-1.49,19.87,-0.03,-0.07,0.26,4.09,-42.57,15.87,-39.52,-0.01,0.37,1.16
5.3731,1,-0.043,-0.44,-0.01,0.9,200.52,51.83,1.91,-0.13,-0.04,-0.17,4.09,-3.51,-62.1,6.71,-0.59,-0.03,0.62
5.4371,5,-0.84,0,-0.18,-0.51,78.55,17.12,10.82,-0.07,-0.16,0.32,4.09,-4.88,-23.04,-10.38,-0.27,0.37,1.23
5.4391,7,-0.958,-0.09,-0.21,-0.18,37.77,21.12,15.76,-0.01,-0.14,0.07,0,-4.27,-57.83,10.83,-0.34,0.39,0.95
5.4431,4,-0.919,0.03,-0.23,0.32,332.65,23.13,-13.21,-0.09,-0.03,0.31,4.02,-28.84,21.36,-15.26,-0.55,-0.29,1.1
5.4441,3,-0.921,0.13,0.02,-0.37,57.07,2.93,-14.94,-0.04,-0.02,0.07,4.02,4.58,0.15,68.82,-0.11,-0.2,1
5.4481,0,-0.045,0.69,0.06,-0.72,122.5,81.36,-72.46,0.12,0.04,0.05,4.09,13.12,-103.61,4.88,-1.05,-0.1,-0.06
5.4491,6,0.983,0,0.16,0.08,23.67,18.64,1.6,-0.1,-0.05,0.01,4.02,-9,-45.93,-2.29,-0.39,0.09,0.89
5.4721,2,-0.939,-0.13,0.04,0.32,336.88,0.71,15.4,-0.02,-0.05,0.07,4.09,-42.42,19.99,-12.36,-0.05,0.31,1.02
5.4741,1,-0.049,-0.39,-0,0.92,201.15,45.62,2.38,-0.14,-0.02,-0.02,4.09,0.46,-54.78,5.8,-0.65,-0.05,0.88
5.5331,5,-0.845,-0.01,-0.16,-0.51,77.77,15.4,10.74,0.01,0,0.08,4.09,11.29,-10.68,21.97,-0.26,0.19,1.03
5.5351,7,-0.969,-0.1,-0.15,-0.17,35.4,15.37,14.26,0.13,0.03,-0.04,0,-16.78,-62.41,-8.24,-0.16,0.19,0.95
5.5391,4,-0.911,0.05,-0.25,0.32,331.28,25.08,-15.96,0.16,-0.08,0.05,4.02,-29.91,27.47,-38.76,-0.35,-0.12,0.97
5.5401,3,-0.909,0.13,0.01,-0.4,60.37,5.39,-14.51,0.13,0.02,-0.24,4.02,-7.78,20.75,19.53,0.01,-0.3,0.71
5.5441,0,-0.046,0.62,0.05,-0.78,163.84,74.55,-30.53,0.11,0.04,-0.08,4.09,17.09,-115.36,1.83,-0.91,-0.09,0.13
5.5451,6,0.991,-0.01,0.12,0.07,22.45,13.33,0.27,0.05,0.04,-0.07,4.02,-16.02,-53.25,-9.16,-0.16,-0.05,0.9
5.5651,2,-0.936,-0.11,0.01,0.33,335.2,3.06,12.21,-0.07,-0.03,-0.04,4.09,-25.63,20.75,-12.36,-0.12,0.18,0.93
5.5671,1,-0.057,-0.35,-0,0.93,202,41.13,2.47,-0.09,-0.06,-0.08,4.09,-5.65,-40.13,11.14,-0.55,-0.03,0.75
5.6611,5,-0.846,-0.03,-0.16,-0.51,77.62,14.06,12.17,0.16,0.18,-0.04,4.09,20.6,-5.49,25.18,-0.28,-0.02,0.92
5.6631,7,-0.977,-0.1,-0.09,-0.17,34.5,8.75,12.79,0.12,0.03,-0.07,0,-15.26,-69.89,35.4,-0.03,0.15,0.9
5.6671,4,-0.897,0.07,-0.27,0.34,327.66,25.98,-20.14,0.21,0.03,-0.1,4.02,-22.89,7.32,1.37,-0.22,-0.18,0.86
5.6681,3,-0.889,0.15,-0,-0.43,65.04,7.84,-15.25,0.09,-0.02,-0.28,4.02,-14.04,9.77,87.74,-0.03,-0.24,0.69
5.6721,0,-0.05,0.54,0.04,-0.84,176.31,64.73,-17.2,0.05,0.05,-0.11,4.09,17.7,-110.47,2.14,-0.87,-0.09,0.3
5.6741,6,0.996,-0.02,0.06,0.06,21.02,6.9,-1.32,0.11,-0.01,-0.03,4.02,-7.48,-79.96,-14.5,-0.01,-0.03,0.98
5.6781,2,-0.937,-0.1,-0.01,0.33,335.4,5.28,10.78,-0.05,-0.04,-0.11,4.09,0.76,23.19,-11.29,-0.14,0.16,0.88
5.6791,1,-0.07,-0.32,-0.01,0.94,203.38,37.77,2.53,-0.07,0.01,-0.04,4.09,-11.9,-31.13,8.7,-0.51,0.02,0.79
5.7521,5,-0.812,-0.06,-0.17,-0.56,84.73,12.17,16.49,0.02,0.01,-0.08,4.09,48.37,9.16,122.99,-0.2,0.31,0.92
5.7541,7,-0.975,-0.09,-0.03,-0.2,37.1,1.52,11.3,-0.03,0.1,0.02,0,-13.58,-54.32,38.6,-0.09,0.08,1.01
5.7571,4,-0.904,0.09,-0.27,0.32,330.29,26.03,-21.6,0.25,0.14,-0.06,4.02,-29.75,-18.01,39.37,-0.16,-0.3,0.93
5.7591,3,-0.852,0.16,-0.01,-0.5,73.19,10.33,-15.45,-0.01,-0.01,-0.3,4.02,-17.24,-7.17,85.3,-0.12,-0.17,0.67
5.7621,0,-0.046,0.44,0.03,-0.89,183.44,52.38,-9.64,0.07,0.04,-0.16,4.09,13.73,-130.16,13.12,-0.7,-0.05,0.45
5.7641,6,0.999,-0.02,-0,0.05,19.22,-0.42,-2.25,0,0.03,0.02,4.02,-7.78,-68.82,-18.31,0.02,-0.08,1.02
5.7671,2,-0.934,-0.11,-0.02,0.34,334.93,6.82,11.21,0.02,0.02,-0.19,4.09,-0.31,11.6,-5.8,-0.06,0.14,0.77
5.7691,1,-0.077,-0.29,-0.01,0.95,203.7,33.99,1.26,0.03,0.03,-0.04,4.09,-16.78,-31.13,10.83,-0.52,0.06,0.77
5.8331,5,-0.781,-0.09,-0.19,-0.59,90.24,10.94,21.17,0.09,-0.04,-0.19,4.09,29.45,-7.17,-16.48,-0.09,0.23,0.77
5.8351,7,-0.969,-0.09,0.02,-0.23,40.39,-4.26,9.54,-0.27,-0,0.36,0,-3.97,-20.14,9.92,-0.16,0.3,1.28
5.8401,4,-0.919,0.1,-0.26,0.28,335.7,25.07,-21.67,0.15,-0.03,-0.2,4.02,-21.67,-15.87,20.6,-0.24,-0.17,0.76
5.8411,3,-0.808,0.16,-0,-0.57,82.5,10.95,-15.5,-0.12,-0.03,-0.08,4.02,-16.48,-29.3,81.02,-0.2,-0.11,0.94
5.8451,0,-0.036,0.35,0.02,-0.94,187.65,40.26,-5.31,-0.03,0.02,-0.19,4.09,11.29,-129.55,15.72,-0.5,-0.03,0.64
5.8471,6,0.997,-0.03,-0.07,0.04,19.02,-7.55,-3.31,-0.23,-0.09,0.28,4.02,-2.9,-17.85,15.56,-0.06,0.04,1.29
5.8561,2,-0.923,-0.12,-0.03,0.37,331.52,8.02,11.22,0.05,-0.03,-0.27,4.09,15.11,-12.05,-99.49,-0.08,0.18,0.7
5.8581,1,-0.088,-0.27,-0.02,0.96,204.75,30.98,0.93,0.03,0.08,0.17,4.09,-7.32,-28.69,0.76,-0.62,0.11,1.01
5.9381,5,-0.799,-0.11,-0.2,-0.56,86.31,10.9,23.58,0.2,0.06,-0.28,4.09,28.08,-12.51,-17.4,-0.12,0.1,0.73
5.9391,7,-0.969,-0.09,0.03,-0.23,40.11,-5.73,9.15,0.12,-0.02,0.03,0,0.61,2.9,5.49,0.21,0.13,1.01
5.9441,4,-0.916,0.12,-0.26,0.28,334.76,23.65,-23.77,0.14,-0.03,-0.27,4.02,-15.56,3.66,-46.84,-0.2,-0.17,0.69
5.9451,3,-0.774,0.15,0.02,-0.61,89.74,9.22,-15.31,-0.07,0.07,0.03,4.02,-11.44,-53.41,57.07,-0.26,-0.18,0.96
5.9491,0,-0.02,0.25,0.01,-0.97,191.14,28.35,-2.33,-0.05,0.04,-0.21,4.09,10.53,-122.53,23.19,-0.31,0.02,0.72
5.9501,6,0.995,-0.03,-0.08,0.04,19.45,-9.34,-3.52,0.19,0.05,0.02,4.02,0.31,-25.02,-4.58,0.34,-0.14,0.99
5.9701,2,-0.871,-0.12,-0.02,0.48,317.57,8.51,11.55,-0.03,0.02,-0.27,4.09,38.3,-25.94,-144.04,-0.11,0.09,0.72
5.9721,1,-0.096,-0.24,-0.02,0.96,205.58,28.43,0.76,0.01,-0.07,0.01,4.09,-5.8,-27.31,15.72,-0.51,-0.02,0.9
6.0311,5,-0.805,-0.12,-0.2,-0.55,84.77,10.88,24.99,0.14,0.04,-0.3,4.09,8.39,0,-4.12,-0.12,0.17,0.69
6.0331,7,-0.967,-0.09,0.04,-0.24,41.13,-6.55,8.94,0.07,-0,0.04,0,0,-1.37,7.17,0.17,0.14,1.02
6.0381,4,-0.894,0.15,-0.25,0.34,327.63,20.56,-28.25,0.07,0.08,-0.26,4.02,-17.7,6.1,-61.19,-0.15,-0.36,0.63
6.0401,3,-0.755,0.13,0.04,-0.64,93.73,6.6,-14.74,-0.11,0.05,-0.09,4.02,17.4,-19.23,14.5,-0.18,-0.13,0.94
6.0441,0,-0,0.15,0,-0.99,194.01,17.64,-0.19,-0.02,0.11,-0.11,4.09,6.1,-105.29,17.85,-0.23,0.11,0.88
6.0451,6,0.994,-0.03,-0.09,0.05,20.24,-10.15,-3.6,0.12,-0,-0.04,4.02,1.07,-5.04,16.94,0.29,-0.07,0.94
6.0551,2,-0.806,-0.14,-0,0.58,304.06,9.3,13.17,-0.21,0.08,-0.19,4.09,37.84,-12.97,-105.44,-0.14,-0.04,0.84
6.0571,1,-0.112,-0.23,-0.02,0.97,207.43,26.83,0.9,-0.02,0.02,0.07,4.09,-4.88,-7.02,16.17,-0.44,0.05,0.95
6.1341,4,-0.885,0.17,-0.25,0.36,324.92,18.45,-29.77,0.05,0.01,-0.29,4.02,26.86,-12.05,-7.93,-0.21,-0.29,0.63
6.1361,7,-0.968,-0.09,0.04,-0.23,40.46,-6.58,9.09,0.03,-0.03,0.01,0,1.83,1.22,1.53,0.13,0.17,0.99
6.1411,5,-0.798,-0.12,-0.2,-0.55,86.11,10.8,25.23,0.04,-0.06,-0.21,4.09,-7.63,7.93,26.09,-0.09,0.32,0.72
6.1431,3,-0.755,0.12,0.03,-0.64,94.34,5.91,-12.71,-0.04,0.07,0.09,4.02,14.95,-4.73,-8.24,-0.19,-0.22,1.05
6.1471,0,0.012,0.08,-0.01,-1,195.5,8.9,0.77,-0.07,0,0.16,4.09,-2.75,-74.92,11.9,-0.1,0.04,1.15
6.1481,6,0.993,-0.03,-0.1,0.06,21.18,-10.74,-3.69,0.07,-0.03,-0,4.03,-0.31,1.37,-10.22,0.26,-0.05,0.96
6.1661,2,-0.762,-0.14,0.01,0.63,295.83,8.86,13.54,-0.27,0.04,0.06,4.09,16.63,-34.64,-54.32,-0.18,-0.02,1.11
6.1681,1,-0.118,-0.22,-0.02,0.97,208.3,25.87,1.44,-0.01,0.03,0.01,4.09,3.51,-9.92,0.61,-0.43,0.05,0.92
6.2451,5,-0.778,-0.11,-0.19,-0.59,90.16,9.47,24.24,-0.01,-0.1,0.03,4.09,-28.38,2.75,67.75,-0.08,0.45,0.93
6.2471,7,-0.968,-0.09,0.03,-0.23,40.49,-6.22,9.05,0.04,0,-0.02,0,0.31,6.56,0.61,0.14,0.15,0.97
6.2511,4,-0.89,0.13,-0.21,0.39,323.8,15.73,-23.51,-0.03,0.09,0.09,4.02,98.42,-17.85,-2.14,-0.27,-0.55,0.95
6.2521,3,-0.753,0.12,0.03,-0.65,94.53,6.41,-12.85,-0.13,0.03,0.02,4.02,-10.07,1.98,2.9,-0.16,-0.09,1.01
6.2571,0,0.016,0.03,-0.01,-1,195.96,3.23,0.83,-0.05,0.02,-0.01,4.09,-3.81,-45.32,1.68,0.01,0.03,0.98
6.2591,6,0.994,-0.02,-0.09,0.05,20.39,-10.73,-3.44,0.04,0.01,0.03,4.03,-1.68,4.73,-1.53,0.22,-0.09,1
6.2681,2,-0.734,-0.13,0.04,0.67,290.41,5.94,14.13,-0.12,-0.1,-0.08,4.09,27.16,-25.02,-24.41,-0.21,0.14,0.89
6.2691,1,-0.116,-0.21,-0.01,0.97,208.03,24.45,1.78,-0.05,-0,0.05,4.09,2.59,-8.7,-6.41,-0.39,0.01,0.97
6.3501,5,-0.744,-0.11,-0.17,-0.64,96.46,6.87,22.27,-0.17,0.02,-0.16,4.09,-35.71,-2.9,26.25,-0.15,0.48,0.7
6.3521,7,-0.968,-0.09,0.03,-0.23,40.3,-6.08,9.11,0.01,0.03,-0.02,0,1.07,7.02,-1.07,0.1,0.13,0.96
6.3571,4,-0.918,0.06,-0.16,0.36,329.94,14.84,-13.71,-0.35,0.19,0.01,4.02,50.81,-25.79,116.73,-0.37,-0.6,0.83
6.3581,3,-0.76,0.12,0.02,-0.64,93.32,6.96,-12.56,-0.07,0.03,-0.02,4.02,10.68,9.61,-22.13,-0.16,-0.15,0.96
6.3621,0,0.025,-0.01,-0.01,-1,196.94,-0.61,1.23,-0.06,0.03,0.02,4.09,-0.61,-22.13,17.09,0.08,0.04,1.03
6.3641,6,0.994,-0.03,-0.09,0.05,19.8,-10.46,-3.49,-0,-0,-0,4.02,0.31,4.73,-5.19,0.17,-0.06,0.99
6.3741,2,-0.706,-0.14,0.05,0.69,286.05,6.49,15.52,-0.31,-0.08,0.06,4.09,22.28,2.14,-32.5,-0.2,-0.02,1.12
6.3751,1,-0.111,-0.21,-0.01,0.97,207.41,23.85,1.7,-0.08,0.01,0,4.09,1.83,0,-5.04,-0.33,0.02,0.96
6.4341,5,-0.763,-0.08,-0.15,-0.62,93.65,6.81,18.24,-0.15,0.13,0.11,4.09,-38.45,-8.85,-71.87,-0.3,0.45,1.03
6.4361,7,-0.969,-0.09,0.04,-0.23,40.06,-6.25,8.92,-0.01,-0,0,0,-0.46,-2.44,-7.63,0.09,0.16,0.98
6.4411,4,-0.962,0.04,-0.14,0.23,345.77,14.59,-7.98,-0.24,-0.1,0.05,4.02,-7.78,-22.74,90.33,-0.52,-0.15,0.93
6.4421,3,-0.772,0.13,0.01,-0.62,90.99,7.75,-12.24,0.02,-0,0.03,4.02,6.87,11.29,-8.09,-0.14,-0.22,0.99
6.4461,0,0.036,-0.02,-0.01,-1,198.15,-2.26,1.3,-0.04,0.05,0.04,4.09,-2.44,-7.32,-0.15,0.09,0.07,1.03
6.4481,6,0.994,-0.03,-0.09,0.04,19.52,-10.31,-3.64,0.01,0.01,0.01,4.02,0,-0.76,-1.83,0.19,-0.07,0.99
6.4671,2,-0.706,-0.14,0.05,0.69,286.1,7.31,15.25,-0.07,-0.01,-0.04,4.09,-12.82,9.61,18.92,-0.12,0.22,0.95
6.4681,1,-0.106,-0.2,-0.01,0.97,206.85,23.52,1.51,-0.08,-0,-0,4.09,0,-0.61,-5.65,-0.35,0.01,0.95
6.5471,5,-0.802,-0.06,-0.14,-0.58,86.78,8.59,14.71,-0.21,0.06,0.13,4.09,5.19,-1.98,-51.73,-0.29,0.47,1.02
6.5491,7,-0.97,-0.09,0.04,-0.22,39.41,-6.64,8.86,-0.06,0.04,0,0,-0.92,-1.68,-2.9,0.05,0.15,0.99
6.5531,4,-0.964,0.04,-0.14,0.22,347.02,14.53,-8.38,-0.27,0.11,0.01,4.02,-7.93,25.02,-9.61,-0.43,-0.35,0.9
6.5541,3,-0.775,0.13,0,-0.62,90.34,8.56,-11.81,-0.02,-0,-0.01,4.02,5.65,5.95,2.59,-0.16,-0.18,0.97
6.5591,0,0.033,-0.02,-0.02,-1,197.84,-2.83,1.7,-0.03,0.04,0.02,4.09,-0.31,0.92,-9.61,0.08,0.06,1.01
6.5611,6,0.994,-0.03,-0.09,0.04,19.31,-10.44,-3.67,-0.02,-0,0.01,4.02,-1.07,-1.68,-2.59,0.16,-0.06,0.99
6.5791,2,-0.709,-0.13,0.03,0.69,286.18,7.58,12.99,-0.12,-0.03,-0.04,4.09,-23.5,0.92,5.95,-0.16,0.1,0.96
6.5811,1,-0.104,-0.2,-0.01,0.97,206.53,23.36,1.43,-0.06,0,-0,4.09,0.15,0.76,-5.34,-0.34,0.02,0.94
6.6461,5,-0.819,-0.06,-0.15,-0.55,83.39,10,15.53,-0.07,0.03,-0.02,4.09,5.34,4.88,-41.66,-0.22,0.31,0.91
6.6481,7,-0.971,-0.09,0.04,-0.22,39.05,-6.97,8.67,-0.04,0.02,0,0,0.31,-0.76,-4.88,0.08,0.15,0.99
6.6521,4,-0.958,0.05,-0.17,0.23,345.68,17.37,-10.35,-0.05,0.08,-0.01,4.02,-25.18,35.4,-30.82,-0.3,-0.27,0.91
6.6531,3,-0.771,0.13,0,-0.62,91.13,9.16,-11.67,-0.05,0,0,4.02,-1.07,1.37,7.93,-0.18,-0.14,0.97
6.6581,0,0.024,-0.03,-0.02,-1,196.71,-3.22,2,-0.03,0.01,0,4.09,-1.68,-4.27,-12.36,0.09,0.04,1
6.6591,6,0.994,-0.03,-0.09,0.04,18.95,-10.73,-3.7,0.01,-0,-0.01,4.02,0,-2.75,-3.51,0.2,-0.06,0.97
6.6791,2,-0.72,-0.11,0.01,0.69,287.41,7.32,9.96,-0.05,-0.03,0.01,4.09,-32.96,-1.07,18.92,-0.16,0.13,1
6.6801,1,-0.101,-0.2,-0.01,0.97,206.19,23.18,1.37,-0.04,-0.01,0.01,4.09,0.61,1.98,-1.07,-0.36,0.01,0.94
6.7391,5,-0.845,-0.05,-0.15,-0.51,77.82,11.82,14.43,-0.06,-0.02,0.05,4.09,4.43,2.44,-78.74,-0.21,0.31,0.99
6.7411,7,-0.971,-0.09,0.05,-0.22,38.84,-7.23,8.56,0.02,0.01,-0,0,0,-2.14,-1.22,0.13,0.13,0.98
6.7451,4,-0.947,0.07,-0.19,0.25,342.4,19.29,-13.98,-0.04,0.1,0.05,4.02,-23.96,24.41,7.32,-0.33,-0.32,0.93
6.7461,3,-0.769,0.13,-0,-0.63,91.5,9.44,-11.17,-0.06,0.02,0.01,4.02,5.34,1.37,-3.66,-0.19,-0.14,0.99
6.7501,0,0.017,-0.03,-0.02,-1,195.89,-3.78,2.23,-0.01,-0.01,-0.01,4.09,-0.76,-3.66,-6.26,0.09,0.04,0.98
6.7511,6,0.994,-0.03,-0.1,0.04,18.85,-11.09,-3.75,-0.02,-0,0.01,4.02,0,-1.07,0.92,0.17,-0.06,0.99
6.7711,2,-0.729,-0.09,-0,0.68,288.64,7.12,7.39,-0.03,-0.03,-0.02,4.09,-16.17,-1.07,14.5,-0.16,0.1,0.96
6.7731,1,-0.102,-0.2,-0.01,0.97,206.23,23.33,1.36,-0.03,0,0,4.09,-1.22,1.37,0,-0.37,0.02,0.93
6.8501,5,-0.879,-0.04,-0.16,-0.45,69.45,14.27,13.12,0.03,0.01,-0.01,4.09,10.99,7.63,-68.36,-0.24,0.16,0.94
6.8521,7,-0.971,-0.09,0.05,-0.22,38.7,-7.51,8.54,-0.01,0.01,0,0,0.46,-1.83,0.61,0.11,0.15,0.98
6.8571,4,-0.943,0.09,-0.22,0.24,342.47,21.43,-17.03,0.05,0.02,-0.02,4.02,-29.3,18.46,-1.22,-0.31,-0.26,0.9
6.8581,3,-0.774,0.12,-0.01,-0.62,90.57,9.56,-10.72,0.01,0,0,4.02,4.12,1.68,-8.39,-0.16,-0.19,0.97
6.8621,0,0.014,-0.04,-0.02,-1,195.61,-4.27,2.4,-0.02,-0,0.02,4.09,0.15,-1.68,-0.46,0.09,0.04,1.02
6.8631,6,0.994,-0.03,-0.1,0.04,19.06,-11.21,-3.77,0.03,0,0.01,4.02,0.76,-0.46,1.37,0.21,-0.06,0.98
6.8731,2,-0.734,-0.08,-0.01,0.67,289.3,6.89,6.16,-0.07,-0.03,0.03,4.09,-4.73,-4.27,7.63,-0.17,0.05,1.02
6.8751,1,-0.102,-0.2,-0.01,0.97,206.21,23.38,1.13,-0.03,-0,0,4.09,-1.98,1.37,0.31,-0.37,0.01,0.93
6.9561,5,-0.873,-0.05,-0.17,-0.45,70.79,14.44,14.62,-0.04,-0.07,0.05,4.09,19.53,3.36,46.08,-0.22,0.35,0.98
6.9581,7,-0.971,-0.09,0.05,-0.22,38.63,-7.69,8.58,-0.02,0.01,0.01,0,0.31,-0.61,-1.98,0.1,0.16,1
6.9631,4,-0.939,0.11,-0.23,0.24,341.86,22.11,-19.27,0.05,-0,-0.04,4.02,-8.54,1.37,-0.31,-0.32,-0.27,0.86
6.9641,3,-0.778,0.12,-0.01,-0.62,89.88,9.6,-10.77,-0.01,-0,0,4.02,-0.46,2.14,-3.66,-0.17,-0.17,0.97
6.9701,0,0.014,-0.04,-0.02,-1,195.58,-4.59,2.43,-0.01,-0,0,4.09,0.46,-1.68,1.22,0.09,0.04,1
6.9731,6,0.994,-0.03,-0.1,0.04,19.15,-11.3,-3.65,0,0,0.01,4.03,0.31,0,-0.46,0.19,-0.07,0.99
6.9781,2,-0.741,-0.07,-0.01,0.67,290.32,6.63,5.48,-0.04,-0.04,-0,4.09,-3.05,-2.9,7.93,-0.16,0.05,0.99
6.9791,1,-0.101,-0.2,-0.01,0.97,206.14,23.58,0.98,-0.02,0,0.01,4.09,0,0,-0.15,-0.38,0.01,0.93
7.0471,5,-0.867,-0.07,-0.18,-0.46,72.13,14.39,16.99,-0.01,-0.01,-0.01,4.09,15.41,2.59,-25.18,-0.25,0.3,0.91
7.0481,7,-0.971,-0.09,0.05,-0.21,38.43,-7.61,8.65,-0,0.01,0.01,0,0.31,0,-0.15,0.12,0.14,0.98
7.0521,4,-0.942,0.11,-0.22,0.23,343.25,21.6,-18.85,0.02,-0.01,-0.01,4.02,5.19,-17.55,22.43,-0.36,-0.28,0.88
7.0541,3,-0.78,0.13,-0.01,-0.61,89.34,9.67,-10.99,-0.02,-0,0.01,4.02,-2.75,0,-6.41,-0.17,-0.17,0.98
7.0591,0,0.016,-0.04,-0.02,-1,195.77,-4.76,2.46,-0.01,0.01,0.01,4.09,0.31,-1.37,0.61,0.09,0.05,1
7.0601,6,0.994,-0.03,-0.1,0.04,19.07,-11.38,-3.6,0.01,-0,0.01,4.02,0.15,0.31,-1.22,0.21,-0.06,0.98
7.0781,2,-0.75,-0.07,-0.01,0.66,291.79,6.55,5.18,-0.02,-0.04,0.02,4.09,-1.53,2.29,18.77,-0.16,0.08,1
7.0801,1,-0.1,-0.2,-0.01,0.97,205.97,23.55,0.9,-0.03,-0,0.01,4.09,0,-0.31,-1.98,-0.38,0.01,0.94
7.1561,5,-0.881,-0.07,-0.19,-0.43,68.26,15.67,16.96,0.03,0.06,-0.01,4.09,3.97,0.15,-34.79,-0.29,0.22,0.92
7.1571,7,-0.972,-0.09,0.05,-0.21,38.23,-7.51,8.7,-0.01,0.01,-0,0,0,0.61,-1.22,0.12,0.14,0.98
7.1611,4,-0.953,0.1,-0.21,0.2,347.18,20.65,-16.74,-0.03,-0.03,0.03,4.02,10.22,-21.51,37.38,-0.4,-0.26,0.91
7.1631,3,-0.783,0.13,-0.01,-0.61,88.84,9.57,-11.32,-0.01,-0.01,0.01,4.02,-0.31,0,-6.26,-0.16,-0.18,0.97
7.1661,0,0.017,-0.04,-0.02,-1,195.86,-4.7,2.62,0.01,-0,-0,4.09,-0.31,1.37,-0.76,0.07,0.04,0.99
7.1681,6,0.994,-0.03,-0.1,0.04,18.96,-11.32,-3.56,-0,0,0.01,4.02,0,0.92,-1.37,0.19,-0.06,0.98
7.1781,2,-0.756,-0.07,-0.02,0.65,293.06,6.89,5.27,0.02,-0.03,-0.01,4.09,2.75,2.9,-2.9,-0.15,0.11,0.97
7.1791,1,-0.098,-0.21,-0.01,0.97,205.75,23.73,0.83,-0.04,0,0.01,4.09,-0.76,2.29,-4.12,-0.36,0.02,0.94
7.2601,5,-0.887,-0.07,-0.19,-0.42,66.63,16.25,16.56,0.02,0.02,0.01,4.09,0.76,0.92,-8.09,-0.29,0.25,0.94
7.2621,7,-0.972,-0.09,0.05,-0.21,38.26,-7.37,8.64,-0.02,-0.01,-0,0,0.15,-0.15,1.53,0.11,0.16,0.98
7.2661,4,-0.961,0.09,-0.19,0.18,350.61,20,-14.73,-0.04,-0.01,0.03,4.02,6.87,-6.56,9,-0.39,-0.25,0.91
7.2671,3,-0.783,0.13,-0,-0.61,88.74,9.37,-11.65,-0.02,0.01,0.01,4.02,-5.19,-2.59,4.73,-0.17,-0.18,0.98
7.2711,0,0.017,-0.04,-0.02,-1,195.87,-4.48,2.62,0.01,-0.01,0.01,4.09,-1.07,3.81,-1.07,0.07,0.04,1.01
7.2721,6,0.994,-0.03,-0.1,0.04,18.77,-11.14,-3.52,-0.01,-0.01,0,4.03,0.31,1.98,-2.44,0.18,-0.05,0.98
7.2831,2,-0.755,-0.08,-0.02,0.65,292.83,7.22,5.66,-0.03,-0.03,0.01,4.09,5.95,3.2,-3.05,-0.16,0.07,0.99
7.2841,1,-0.095,-0.21,-0.01,0.97,205.36,23.72,0.69,-0.04,0,-0,4.09,-0.15,-0.61,-3.2,-0.37,0.01,0.93
7.3641,5,-0.892,-0.06,-0.19,-0.41,65.42,16.71,16.11,0.03,0.01,0,4.09,-4.12,-1.07,-10.68,-0.28,0.24,0.94
7.3661,7,-0.972,-0.09,0.05,-0.21,38.13,-7.37,8.69,-0.02,0.01,-0,0,0.61,-0.31,-2.75,0.1,0.14,0.98
7.3701,4,-0.962,0.09,-0.19,0.18,350.68,19.72,-14.36,-0.06,0.05,0.01,4.02,3.66,-1.68,-0.61,-0.37,-0.3,0.89
7.3711,3,-0.783,0.13,-0,-0.61,88.68,9.32,-11.76,-0.02,-0.01,-0,4.02,3.2,0,0.46,-0.15,-0.18,0.97
7.3751,0,0.016,-0.04,-0.02,-1,195.8,-4.06,2.65,0,0,0,4.09,-1.37,3.2,-3.36,0.07,0.04,1
7.3771,6,0.994,-0.03,-0.1,0.04,18.57,-11.02,-3.44,-0.01,0.01,0,4.03,0,0.92,-0.46,0.18,-0.06,0.99
7.3811,2,-0.756,-0.08,-0.02,0.65,293.06,7.44,5.97,-0.03,-0.02,-0.01,4.09,2.29,2.14,1.83,-0.15,0.08,0.98
7.3821,1,-0.094,-0.2,-0.02,0.97,205.13,23.53,0.54,-0.03,-0,0.02,4.09,-0.76,-1.22,-1.68,-0.38,0,0.94
7.4571,5,-0.896,-0.06,-0.19,-0.4,64.43,16.7,14.98,-0,-0,0,4.09,-10.68,-3.66,-6.26,-0.29,0.25,0.93
7.4591,7,-0.973,-0.09,0.05,-0.21,37.87,-7.35,8.74,-0.02,0.01,0,0,0.76,0.46,-0.15,0.1,0.15,0.99
7.4631,4,-0.962,0.09,-0.19,0.17,350.99,19.5,-14.43,-0.05,0.02,0.01,4.02,-1.53,0,0.76,-0.37,-0.27,0.9
7.4641,3,-0.785,0.13,-0.01,-0.61,88.37,9.45,-11.38,0,-0.01,0.02,4.02,1.22,3.2,-2.59,-0.16,-0.2,0.98
7.4681,0,0.013,-0.03,-0.02,-1,195.5,-3.75,2.5,0.01,-0.02,0,4.09,-0.46,3.05,-2.9,0.06,0.03,1.01
7.4701,6,0.994,-0.03,-0.1,0.03,18.28,-10.95,-3.35,0,0.01,-0,4.03,0.31,0.31,-2.59,0.19,-0.07,0.98
7.4791,2,-0.758,-0.08,-0.02,0.65,293.52,7.5,6.08,-0.03,-0.03,0.01,4.09,-0.92,-1.53,2.75,-0.17,0.08,1
7.4801,1,-0.093,-0.2,-0.02,0.97,205.01,23.32,0.44,-0.03,0,0.01,4.09,0,-0.61,-0.31,-0.37,0,0.94
7.5771,5,-0.9,-0.05,-0.18,-0.4,63.5,16.62,13.78,-0.01,-0.01,0.04,4.09,-7.63,-2.29,-8.09,-0.3,0.25,0.96
7.5791,7,-0.973,-0.09,0.05,-0.21,37.73,-7.32,8.83,-0.01,0.01,0,0,0.92,-0.31,-1.98,0.11,0.16,0.99
7.5831,4,-0.961,0.09,-0.19,0.18,350.32,19.61,-14.91,-0.04,0.03,0.01,4.02,-3.97,2.44,-5.19,-0.36,-0.29,0.9
7.5841,3,-0.785,0.13,-0.01,-0.61,88.37,9.59,-11.25,-0.03,-0.01,-0.01,4.02,4.27,0.61,-1.68,-0.17,-0.16,0.97
7.5881,0,0.011,-0.03,-0.02,-1,195.22,-3.43,2.44,0.02,-0.01,-0.01,4.09,-0.31,2.14,-3.66,0.04,0.03,0.99
7.5901,6,0.995,-0.03,-0.1,0.03,18.3,-10.82,-3.3,-0,-0,-0.01,4.03,0.61,0.61,-0.15,0.18,-0.05,0.98
7.5941,2,-0.763,-0.08,-0.02,0.64,294.36,7.55,5.81,0,-0.03,-0.01,4.09,-3.97,0.76,8.39,-0.15,0.11,0.97
7.5951,1,-0.093,-0.2,-0.02,0.98,205.01,23.24,0.43,-0.04,-0.01,0.01,4.09,-0.46,-0.46,0.15,-0.37,-0.01,0.94
7.6521,5,-0.901,-0.04,-0.18,-0.39,63.23,16.57,13.29,-0.02,-0.01,0,4.09,-2.44,-0.61,-1.68,-0.3,0.24,0.92
7.6531,7,-0.973,-0.09,0.05,-0.21,37.7,-7.22,8.89,-0.01,0.01,-0,0,0.76,0,0.76,0.11,0.16,0.98
7.6581,4,-0.96,0.1,-0.19,0.18,350.16,19.77,-15.72,-0.03,0,-0,4.02,-6.87,3.2,0.61,-0.36,-0.27,0.89
7.6601,3,-0.786,0.13,-0.01,-0.6,88.28,9.59,-10.87,-0.02,0,0.01,4.02,4.12,-0.61,-3.36,-0.18,-0.17,0.98
7.6641,0,0.009,-0.03,-0.02,-1,194.96,-3.36,2.44,0.01,-0.01,0,4.09,0,-0.15,-2.14,0.05,0.03,1
7.6651,6,0.995,-0.02,-0.09,0.03,18.35,-10.79,-3.25,-0.01,0,0,4.03,0.61,0.46,1.37,0.18,-0.06,0.99
7.6841,2,-0.767,-0.08,-0.02,0.64,294.93,7.54,5.36,-0.02,-0.03,0.02,4.09,-4.43,-1.53,2.44,-0.17,0.08,1
