0,3,-0.758,0.11,-0,-0.64,93.97,8.5,-9.67,-0.06,-0,0.03,3.98,-2.75,0.46,-0.92,-0.17,-0.11,1.01
0.004,0,0.123,-0.05,-0.05,-0.99,207.92,-6.72,4.7,-0.03,-0,0,4.09,0.31,0.61,0,0.15,0.07,0.99
0.0055,1,-0.11,-0.1,-0.03,0.99,206.5,12.05,-1.99,-0.03,-0.03,-0,4.09,0.46,0,1.37,-0.19,-0.07,0.98
0.0581,4,-0.962,0.1,-0.21,0.15,353.78,21.85,-15.28,0.02,0,-0,3.96,-1.83,-1.22,-0.46,-0.36,-0.24,0.9
0.0607,6,0.996,0.01,-0.08,-0.03,10.86,-9.26,1.23,-0.04,-0.13,0.06,3.98,0.76,7.32,3.36,0.12,0.16,1.06
0.0651,5,-0.868,0,-0.18,-0.46,71.75,18.5,9.63,-0.03,0.01,0.01,4.04,-1.83,-0.15,2.59,-0.34,0.18,0.93
0.0668,7,-0.962,-0.11,0.03,-0.25,42.24,-6.15,11.94,0.03,0.06,-0.01,0,2.14,13.28,11.29,0.15,0.13,0.98
0.071,2,-0.751,-0.04,-0.04,0.66,291.65,6.78,0.09,0.01,-0.01,0.01,4.09,2.14,0,0.31,-0.13,0.01,1
0.0728,3,-0.758,0.11,-0,-0.64,93.83,8.6,-9.57,-0.03,-0.02,-0.05,3.98,6.87,-2.44,14.04,-0.12,-0.09,0.94
0.0903,4,-0.963,0.1,-0.21,0.14,354.21,21.57,-15.26,-0.01,-0.01,0.01,3.96,-1.68,-4.88,6.87,-0.38,-0.23,0.9
0.0922,1,-0.115,-0.11,-0.03,0.99,207.08,12.62,-2.24,0.01,0.05,0.12,4.09,-6.71,19.99,-1.37,-0.24,0.01,1.08
0.1793,0,0.123,-0.05,-0.05,-0.99,207.96,-6.54,4.76,-0.03,0.01,0.01,4.09,0.15,1.98,-0.15,0.15,0.08,1
0.1813,6,0.998,0.01,-0.06,-0.02,12.05,-7.4,1.4,-0.2,0.05,0.06,3.98,-4.73,39.67,39.22,-0.11,-0.03,1.08
0.1857,5,-0.868,0.01,-0.18,-0.46,71.81,18.45,9.27,-0.04,0,0.02,4.04,-4.43,-1.98,-0.92,-0.34,0.18,0.94
0.1875,7,-0.96,-0.11,0.02,-0.26,43.42,-5.19,11.85,-0.03,-0.02,0.05,0,2.59,16.63,-10.83,0.04,0.26,1.03
0.1919,2,-0.752,-0.04,-0.04,0.66,291.75,6.84,0.39,0.02,0.01,0,4.09,2.14,-0.15,-2.29,-0.11,0.02,0.99
0.1958,3,-0.754,0.1,-0.02,-0.65,94.96,8.86,-7.08,-0.14,0.11,0.05,3.98,19.53,9.16,-7.48,-0.27,-0.02,1.01
0.2014,0,0.123,-0.05,-0.05,-0.99,208,-6.36,4.84,-0.02,0,0,4.09,0.31,0.92,-0.46,0.13,0.08,0.98
0.2066,1,-0.117,-0.11,-0.04,0.99,207.22,13.3,-2.83,0.04,0,-0.02,4.09,-3.66,-7.63,3.05,-0.26,-0.03,0.95
0.2921,4,-0.964,0.1,-0.2,0.14,354.46,21.41,-15.06,-0.02,0,-0,3.96,2.29,-1.22,0.76,-0.39,-0.24,0.89
0.2949,6,1,0.01,-0.01,0.01,15.68,-1.41,1.48,0.12,-0.01,-0.04,3.98,9.16,41.05,-9.16,0.16,0.05,0.96
0.301,5,-0.869,0.01,-0.18,-0.46,71.61,18.31,8.78,-0.06,0,0.03,4.04,-5.19,-3.81,-5.95,-0.36,0.2,0.94
0.3026,7,-0.962,-0.11,-0.01,-0.25,42.76,-2.24,12.69,-0.21,0.15,0.13,0,17.55,42.42,-14.8,-0.22,0.23,1.12
0.3064,2,-0.751,-0.04,-0.04,0.66,291.69,6.78,0.35,0.07,0.03,-0.04,4.09,-3.97,-0.92,-6.41,-0.06,0.07,0.96
0.3079,3,-0.755,0.1,-0.03,-0.65,94.52,10.37,-6.99,-0.05,0.02,-0.09,3.98,-8.85,11.9,0,-0.19,-0.06,0.89
0.3142,4,-0.964,0.09,-0.2,0.14,354.32,21.47,-14.98,-0.01,0.01,0.02,3.96,1.83,5.65,-5.49,-0.38,-0.26,0.92
0.3159,1,-0.124,-0.11,-0.03,0.99,208.15,12.78,-1.92,0.03,-0.07,0.11,4.09,13.73,4.43,22.58,-0.27,-0.1,1.05
0.3955,0,0.121,-0.05,-0.05,-0.99,207.66,-6.58,5.16,-0.02,0.02,0,4.09,3.66,-7.48,0.92,0.14,0.08,1.06
0.3977,6,0.999,0.02,0.02,0.02,16.66,2.29,2.29,0.05,0.12,0,3.98,5.95,25.02,34.48,0.01,-0.07,1.01
0.402,5,-0.871,0.02,-0.17,-0.46,71.05,18.51,8.03,-0.14,0.19,-0.03,4.04,-11.29,8.09,22.58,-0.52,0.15,0.85
0.4036,3,-0.755,0.11,-0.03,-0.65,94.46,11.12,-7.22,-0,0.14,-0.21,3.98,1.22,-3.97,15.26,-0.3,-0.11,0.75
0.4079,2,-0.737,-0.04,-0.04,0.67,289.28,6.65,0.14,-0.14,-0.03,0.14,4.09,7.48,-2.29,-10.99,-0.18,-0.15,1.12
0.4097,7,-0.966,-0.12,-0.08,-0.22,40.12,6.48,15.49,0.27,0.01,-0.33,0,17.7,118.41,-6.26,0.32,0,0.69
0.4163,4,-0.963,0.09,-0.2,0.15,353.55,21.53,-14.87,0.04,0.05,0.04,3.96,0.61,-1.83,-5.65,-0.32,-0.3,0.94
0.4179,1,-0.149,-0.11,-0.03,0.98,211.13,13.45,-1.34,-0.13,0.21,-0.04,4.09,-24.57,2.44,2.9,-0.07,0.19,1.03
0.4852,0,0.139,-0.04,-0.05,-0.99,209.77,-5.57,5.1,-0.27,0.03,0.05,4.09,-5.04,18.31,-1.22,0.37,0.05,1.03
0.4872,6,0.998,0.03,0.04,0.05,19.88,4.49,3.11,-0.15,0.14,0.07,3.98,6.71,27.31,20.75,-0.25,-0.03,1.07
0.4911,5,-0.859,0.03,-0.18,-0.48,73.59,19.67,6.66,-0.12,0.03,0.04,4.04,-20.14,15.41,26.09,-0.43,0.21,0.93
0.493,7,-0.957,-0.12,-0.12,-0.24,43.25,10.08,16.81,0.23,-0.04,-0.28,0,-9.61,-1.22,-8.7,0.04,0.13,0.76
0.4987,2,-0.747,-0.06,-0.04,0.66,291.22,7.81,2.1,-0.03,0.01,0.01,4.09,27.62,19.53,30.21,-0.13,0.01,0.99
0.5006,3,-0.745,0.1,-0.04,-0.66,96.4,10.77,-6,-0.25,0.15,-0.14,3.98,1.07,-25.02,-0.61,-0.33,0.15,0.79
0.5045,4,-0.966,0.09,-0.2,0.14,354.68,20.76,-14.67,-0,-0.08,0,3.96,-0.61,-9.16,0,-0.38,-0.16,0.91
0.5061,1,-0.147,-0.12,-0.04,0.98,210.79,14.36,-2.64,0.03,0.15,-0.07,4.09,-10.38,14.5,-3.05,-0.27,0.07,0.89
0.5813,0,0.143,-0.02,-0.04,-0.99,210.43,-3.25,4.3,-0.09,-0,-0,4.09,-13.28,43.95,-1.98,0.14,0.04,0.98
0.5831,6,0.993,0.04,0.09,0.05,20.74,10.53,5.45,-0.14,0.09,0.03,3.98,41.66,89.87,-37.23,-0.35,0.03,1.04
0.5872,5,-0.849,0.04,-0.19,-0.49,75.43,21.34,7.16,-0.1,-0.01,-0.07,4.04,10.38,20.75,1.83,-0.38,0.19,0.82
0.5893,7,-0.965,-0.12,-0.14,-0.19,38.11,12.71,16.49,-0.17,0.28,0.11,0,11.29,28.99,-29.75,-0.6,0.27,1.11
0.5966,2,-0.757,-0.1,-0.03,0.65,293.67,9.63,6.2,-0.08,0.06,-0.03,4.09,52.95,25.48,24.41,-0.11,0.02,0.96
0.5992,3,-0.768,0.1,-0.01,-0.63,92.45,8.3,-7.63,-0.05,-0.1,-0.35,3.98,-7.78,-13.12,-92.77,0.02,-0.04,0.68
0.6041,0,0.151,0.01,-0.02,-0.99,211.48,1.35,2.48,-0,0.13,-0.16,4.09,-21.36,48.83,16.33,0.02,0.17,0.85
0.6068,1,-0.153,-0.13,-0.05,0.98,211.37,15.93,-2.92,0.07,-0.22,0.02,4.09,-5.19,10.99,15.41,-0.4,-0.24,0.94
0.6882,4,-0.966,0.09,-0.19,0.15,353.62,19.74,-14.19,0.03,-0.01,-0.04,3.96,13.58,-9.61,-25.33,-0.29,-0.21,0.87
0.69,6,0.985,0.04,0.16,0.05,20.65,18.37,6.19,0.26,-0.12,-0.48,3.98,7.63,66.53,5.65,0.04,0.19,0.57
0.6969,5,-0.841,0.04,-0.21,-0.5,77.07,23.32,8.66,-0.01,-0.01,-0.22,4.04,8.24,14.65,34.03,-0.3,0.13,0.71
0.6991,3,-0.807,0.09,0.01,-0.58,85.21,5.59,-9.42,0.08,-0.13,-0.21,3.98,-18.77,-19.38,-19.53,0.06,-0.13,0.86
0.7037,2,-0.768,-0.15,-0.02,0.62,297.46,12.84,12.55,0.11,0.24,0.04,4.09,60.88,53.56,33.87,0.02,0.29,1.05
0.7067,7,-0.95,-0.12,-0.19,-0.21,42.58,18.55,18.62,-0.18,-0.5,0.03,0,9.16,69.27,71.26,-0.35,1.02,0.87
0.7134,0,0.159,0.06,0.01,-0.99,212.41,7.3,0.46,0.01,0.24,0.05,4.09,-33.57,75.84,-10.53,-0.06,0.24,1.01
0.7157,1,-0.147,-0.15,-0.08,0.97,210.17,18.66,-6.35,-0.23,-0.01,-0.06,4.09,-15.41,44.71,-11.44,-0.11,-0.16,0.91
0.7844,4,-0.969,0.08,-0.17,0.16,353.73,18.15,-12.58,0.05,0.02,0.09,3.96,37.54,-23.96,28.08,-0.31,-0.21,1.05
0.7867,6,0.977,0.05,0.19,0.07,24.05,21.88,7.46,-0.24,0.08,0.03,3.98,-2.59,18.77,98.11,-1.03,0.22,1.11
0.7924,5,-0.827,0.04,-0.21,-0.52,80.45,22.55,9.81,-0.02,-0.01,-0.28,4.04,-8.39,-20.14,37.54,-0.27,0.14,0.65
0.7963,3,-0.819,0.09,0.03,-0.56,82.9,3.03,-11.01,-0.15,-0.22,0.06,3.98,1.22,-5.34,-69.89,0.09,0.01,1.09
0.8023,2,-0.77,-0.21,-0.01,0.6,300.62,15.73,19.02,0.08,0.03,-0.13,4.09,70.65,35.55,5.8,-0.2,0.36,0.75
0.804,7,-0.944,-0.11,-0.25,-0.19,40.96,25.18,19.52,0.01,0.45,-0.12,0,-1.07,56.76,60.73,-0.56,-0.02,0.85
0.8082,0,0.146,0.13,0.05,-0.98,210.51,15.43,-3.78,-0.04,-0.05,-0.26,4.09,-47.91,100.1,-25.48,-0.19,-0.15,0.73
0.81,1,-0.137,-0.17,-0.09,0.97,208.56,21.22,-8.26,-0.07,0.08,0.25,4.09,-25.94,35.25,-13.28,-0.34,-0.11,1.18
0.8822,4,-0.975,0.03,-0.15,0.16,354.73,17,-6.29,0.05,-0.02,-0.06,3.96,55.39,3.2,-43.18,-0.23,-0.1,0.88
0.8838,6,0.967,0.07,0.23,0.08,26.45,26.01,10.97,0.11,-0.17,-0.17,3.98,15.26,11.75,-133.06,-0.28,0.26,0.77
0.8876,5,-0.834,0.03,-0.18,-0.52,79.49,19.69,8.59,0.03,0.02,-0.27,4.04,-8.39,-32.81,-18.62,-0.26,0.05,0.7
0.8892,3,-0.855,0.09,0.03,-0.51,75.53,1.69,-10.35,0.14,-0.01,0.1,3.98,-9.16,0,-7.78,0.04,-0.28,1.07
0.8935,2,-0.74,-0.29,0.01,0.61,300.56,19.75,28.43,-0.15,-0.05,-0.11,4.09,137.94,49.74,-51.73,-0.4,0.2,0.75
0.8963,7,-0.93,-0.11,-0.28,-0.2,44.24,28.83,21.86,0.08,0.02,0.02,0,20.45,30.21,-60.58,-0.45,0.24,0.89
0.9011,0,0.132,0.21,0.11,-0.96,207.5,25.36,-9.56,-0.02,-0.03,-0.06,4.09,-43.49,138.85,-10.99,-0.44,-0.21,0.85
0.903,1,-0.125,-0.2,-0.12,0.96,206.26,24.83,-11.35,-0.07,-0.01,-0.01,4.09,-11.14,44.56,-6.56,-0.36,-0.24,0.91
0.991,4,-0.972,0.01,-0.15,0.18,352.52,16.9,-4.22,0.01,0.02,-0.16,3.96,11.9,-10.53,11.29,-0.22,-0.06,0.79
0.9928,6,0.962,0.07,0.26,0.06,23.63,29.02,11.1,-0.1,0.14,0.03,3.98,20.29,37.84,26.86,-0.63,0.04,0.86
0.9984,5,-0.827,0.03,-0.16,-0.54,81.39,17.07,7.82,0.03,-0.12,-0.12,4.04,-14.8,-18.77,53.41,-0.15,0.15,0.9
1.0001,3,-0.864,0.08,0.04,-0.5,73.68,0.91,-10.48,-0.12,-0.1,0.17,3.98,11.75,2.75,-28.99,0.01,-0.07,1.18
1.0043,2,-0.708,-0.4,0.04,0.58,305.23,24.34,42.54,0.05,-0.02,-0.01,4.09,86.82,72.63,11.29,-0.38,0.57,0.56
1.0064,7,-0.921,-0.12,-0.31,-0.2,45.53,31.81,24.09,-0,-0.05,0.04,0,16.94,26.7,-7.32,-0.5,0.38,0.82
1.0125,4,-0.979,-0.01,-0.11,0.17,353.94,12.94,-1.22,-0.07,-0.04,-0.05,3.96,47.15,-62.56,33.26,-0.28,0.01,0.91
1.0149,1,-0.114,-0.23,-0.13,0.96,204.3,28.48,-13.28,-0.03,0.02,0.03,4.09,-8.39,36.01,5.49,-0.47,-0.21,0.91
1.0832,0,0.114,0.32,0.16,-0.93,202.06,38.88,-16.92,0.03,-0.14,-0.03,4.09,-41.81,117.49,-10.53,-0.64,-0.34,0.66
1.0851,6,0.954,0.08,0.28,0.07,26.06,31.48,13.03,0.14,-0.15,0.02,3.98,-6.56,17.09,-12.36,-0.39,0.3,0.9
1.0906,5,-0.803,0.02,-0.14,-0.58,86.52,14.51,7.14,-0.34,-0.17,0.13,4.04,-29.45,-9,-37.84,-0.28,0.4,1.08
1.0923,7,-0.912,-0.14,-0.33,-0.2,47.16,33.36,27.04,-0.02,-0.04,-0.01,0,17.85,18.77,-20.75,-0.54,0.35,0.71
1.0989,2,-0.685,-0.48,0.05,0.54,311.02,26.77,53.86,0.13,-0.02,-0.04,4.09,65.46,35.1,20.29,-0.4,0.79,0.41
1.1007,3,-0.872,0.07,0.03,-0.48,71.97,0.83,-8.9,-0.07,-0.03,0.15,3.98,16.48,8.85,-19.38,-0.02,-0.1,1.18
1.1058,0,0.088,0.4,0.2,-0.89,193.87,47.84,-25.51,0.02,-0.15,-0.04,4.09,-25.18,96.28,-22.74,-0.72,-0.39,0.51
1.108,1,-0.115,-0.27,-0.15,0.95,203.61,32.53,-14.78,-0.02,0.1,0.04,4.09,-10.99,28.38,-2.29,-0.55,-0.16,0.9
1.1968,4,-0.983,-0.05,-0.06,0.17,354.99,7.57,4.57,-0,-0.04,0.11,3.96,64.85,-44.25,-13.43,-0.16,0.13,1.09
1.1993,6,0.95,0.08,0.29,0.07,26.38,33.24,13.44,0.02,0.04,0,3.98,7.32,12.51,39.52,-0.55,0.21,0.83
1.205,5,-0.806,0.04,-0.12,-0.58,85.94,14.26,4.72,-0.22,-0.04,0.17,4.04,3.2,3.36,7.32,-0.36,0.28,1.13
1.2072,7,-0.908,-0.14,-0.34,-0.19,47.29,34.6,28.42,-0,-0.02,0.03,0,9.77,7.17,-0.92,-0.59,0.41,0.74
1.2182,2,-0.656,-0.54,0.08,0.52,313.88,27.35,62.84,0.01,-0.07,-0.07,4.09,77.36,18.46,-10.38,-0.49,0.73,0.32
1.2198,3,-0.887,0.06,0.02,-0.46,68.56,1.09,-7.26,0.06,-0.05,0.3,3.98,15.11,8.7,-45.47,0.06,-0.19,1.28
1.2257,0,0.063,0.46,0.23,-0.86,183.6,54.57,-35.62,0.03,-0.13,0.08,4.09,-19.38,84.38,-6.87,-0.88,-0.43,0.42
1.2277,1,-0.109,-0.29,-0.16,0.94,202.04,34.75,-16.51,-0.03,-0.03,0.01,4.09,-9,19.38,-7.32,-0.56,-0.27,0.8
1.2892,4,-0.977,-0.1,-0.02,0.19,352.82,4.43,11.21,0.04,0.02,-0.02,3.96,69.12,-33.72,-34.33,-0.02,0.18,0.96
1.2909,6,0.945,0.09,0.3,0.08,28.09,34.18,15.71,-0.09,0.03,-0.04,3.98,5.19,3.05,-21.36,-0.6,0.15,0.71
1.2987,5,-0.801,0.03,-0.14,-0.58,86.98,14.85,6.74,0.02,-0.03,0.21,4.04,16.78,13.58,-1.68,-0.27,0.13,1.17
1.301,7,-0.905,-0.15,-0.35,-0.19,47.85,34.96,29.49,-0.08,0.09,-0.04,0,5.34,0.31,4.12,-0.63,0.31,0.63
1.3053,2,-0.624,-0.59,0.11,0.5,316.29,27.29,71.55,0.01,-0.04,0.04,4.09,58.44,13.73,6.71,-0.51,0.87,0.26
1.307,3,-0.889,0.04,0.03,-0.46,68.4,-0.34,-5.76,0.09,0.07,0.28,3.98,0.46,-20.29,48.98,-0.03,-0.21,1.27
1.3122,0,0.047,0.51,0.25,-0.82,173.55,59.91,-45.34,0.04,-0.05,0.07,4.09,-10.53,66.83,0.15,-0.96,-0.38,0.31
1.3148,1,-0.1,-0.29,-0.16,0.94,200.6,35.45,-17.47,-0.04,-0.02,0,4.09,6.56,-7.02,-7.63,-0.55,-0.28,0.8
1.4072,4,-0.965,-0.15,0.02,0.22,349.13,1.47,16.91,-0.07,0.04,0.04,3.96,48.52,-36.32,-53.56,-0.07,0.23,1
1.4089,6,0.943,0.1,0.31,0.07,27.26,34.99,15.84,-0.02,-0.03,0.02,3.98,4.58,0.76,-2.14,-0.59,0.26,0.79
1.4157,5,-0.81,0.03,-0.15,-0.57,84.87,15.97,6.86,-0.02,-0.19,0.17,4.04,1.22,-0.92,-77.51,-0.16,0.19,1.15
1.4174,7,-0.902,-0.15,-0.35,-0.2,48.86,34.7,30.34,0.01,0.01,0.07,0,0,-3.51,14.95,-0.62,0.46,0.78
1.4218,2,-0.604,-0.62,0.13,0.48,318.35,26.1,77.91,0.12,-0.03,0.2,4.09,24.11,6.26,16.48,-0.49,1.1,0.13
1.4234,3,-0.871,0.05,0.04,-0.49,72.6,-1.6,-7.19,-0.1,0.04,0.26,3.98,-25.63,-14.19,18.31,-0.05,-0.09,1.27
1.4273,0,0.029,0.55,0.26,-0.79,162.78,62.74,-55.41,0.09,-0.02,0.19,4.09,-3.2,40.74,-9.77,-1.08,-0.45,0.19
1.4316,1,-0.092,-0.28,-0.16,0.94,199.76,34.42,-17.47,-0.07,-0.04,0.11,4.09,7.78,-14.34,-0.76,-0.57,-0.31,0.9
1.4881,4,-0.954,-0.17,0.05,0.24,345.25,-0.43,19.96,-0.1,0.1,0.01,3.96,15.41,-16.48,24.26,-0.03,0.25,1.03
1.4899,7,-0.903,-0.16,-0.34,-0.21,49.41,33.48,30.75,-0.01,0,0.04,0,-3.36,-13.58,7.78,-0.58,0.45,0.74
1.4939,5,-0.842,0.04,-0.14,-0.52,78.14,15.53,4.53,0.23,0.07,0.37,4.04,-3.66,-12.97,-14.04,-0.34,-0.2,1.32
1.4972,3,-0.871,0.06,0.05,-0.49,72.49,-1.68,-9.02,-0.01,0.06,0.24,3.98,-22.89,3.2,39.37,-0.04,-0.18,1.22
1.5027,2,-0.594,-0.64,0.15,0.47,318.9,25.17,80.72,0.09,-0.03,0.19,4.09,12.05,-3.81,-1.98,-0.48,1.09,0.09
1.5044,1,-0.09,-0.28,-0.15,0.94,199.83,33.47,-16.9,-0.09,-0.01,0.08,4.09,7.78,-19.99,1.07,-0.52,-0.29,0.92
1.5964,0,0.015,0.57,0.26,-0.78,155.7,63.42,-61.84,0.13,-0.11,0.19,4.09,2.59,7.78,-4.73,-1.09,-0.52,0.08
1.5982,7,-0.907,-0.16,-0.33,-0.21,49.01,31.9,29.89,0.01,0.02,0.02,0,-9.31,-22.13,10.83,-0.54,0.42,0.77
1.6025,4,-0.954,-0.17,0.05,0.24,345.37,-0.46,20.1,0.05,-0.02,0.06,3.96,-10.53,12.05,-11.9,0.04,0.41,0.98
1.6042,3,-0.866,0.08,0.03,-0.49,73.21,1.57,-9.88,-0.01,-0.08,0.07,3.98,1.68,27.31,-13.58,-0.03,-0.24,1.06
1.6084,5,-0.775,0.02,-0.14,-0.62,91.96,14.01,8.12,0.21,0.08,0.28,4.04,7.78,3.36,245.36,-0.36,-0,1.28
1.6117,6,0.946,0.1,0.3,0.07,27.42,33.62,15.83,-0.01,-0.02,0.02,3.98,-3.81,-19.07,3.81,-0.57,0.24,0.81
1.6198,2,-0.585,-0.64,0.15,0.47,318.28,25.63,81.48,0.04,-0.02,0.12,4.09,-10.99,-10.53,-10.68,-0.48,0.99,0.12
1.6221,1,-0.092,-0.26,-0.15,0.95,200.59,31.46,-15.85,-0.09,-0.01,0.05,4.09,3.51,-25.33,9,-0.47,-0.29,0.9
1.7092,0,0.01,0.57,0.26,-0.78,156.14,63.02,-60.6,0.06,-0.03,0.15,4.09,12.66,-19.68,2.29,-1.06,-0.48,0.18
1.7116,6,0.951,0.09,0.28,0.08,27.54,31.64,15.11,0.03,0.1,0.04,3.98,-15.56,-24.72,21.97,-0.53,0.14,0.88
1.7181,4,-0.955,-0.16,0.03,0.25,345,0.81,18.76,0.05,-0.04,0.04,3.96,-19.23,12.21,-4.58,0.01,0.39,0.97
1.7198,3,-0.873,0.09,0,-0.48,71.26,4.76,-8.8,0.21,-0.43,0.06,3.98,72.94,18.92,-172.12,0.33,-0.44,1.1
1.7238,5,-0.624,-0.02,-0.15,-0.77,116.91,8.94,15.1,0.3,0.13,0.18,4.04,4.27,1.98,225.07,-0.52,-0.21,1.12
1.7254,7,-0.912,-0.16,-0.31,-0.22,48.99,29.64,29.07,-0.11,-0.01,0,0,-8.39,-17.85,12.66,-0.57,0.5,0.71
1.7305,2,-0.589,-0.63,0.15,0.49,316.61,25.99,79.3,-0.03,-0.01,0.09,4.09,-35.1,-19.53,-0.31,-0.5,0.95,0.2
1.7323,1,-0.101,-0.25,-0.15,0.95,202.01,29.8,-15.64,-0.08,0.15,-0.02,4.09,-7.93,-15.41,3.05,-0.4,-0.11,0.91
1.8011,4,-0.957,-0.15,0.03,0.25,345.06,1.37,17.08,-0.02,0.03,0.03,3.96,-23.65,4.12,7.63,-0.03,0.27,1
1.8028,6,0.956,0.09,0.26,0.09,29.18,28.79,14.74,-0.02,-0.13,0.07,3.98,-10.07,-34.64,-5.49,-0.48,0.36,0.87
1.8066,0,0.014,0.55,0.25,-0.8,161.73,62.26,-54.19,0.05,-0.03,0.17,4.09,18.62,-41.5,12.97,-1.04,-0.45,0.26
1.8082,3,-0.875,0.06,0.01,-0.48,71.42,2.51,-6.51,0.07,0.2,0.1,3.98,-52.19,-45.01,23.8,-0.25,-0.26,1.08
1.8122,5,-0.522,-0.02,-0.14,-0.84,131.31,6.28,14.48,-0.69,0.44,0.24,4.04,-32.04,49.13,-210.42,-0.1,0.94,1
1.8139,7,-0.917,-0.16,-0.29,-0.22,47.91,27.89,28.3,-0.04,-0.12,0.03,0,-4.88,-35.4,-3.36,-0.44,0.57,0.79
1.818,2,-0.61,-0.6,0.14,0.5,314.5,25.02,74.45,-0.04,0.03,0.15,4.09,-60.73,-24.57,2.44,-0.47,1,0.33
1.8196,1,-0.093,-0.23,-0.14,0.96,201.5,27.88,-14.77,-0.11,-0.04,0.08,4.09,14.65,-18.01,-11.6,-0.41,-0.31,0.97
1.9101,0,0.022,0.52,0.23,-0.82,170.03,60.33,-44.93,0.03,0.08,0.04,4.09,20.14,-54.78,8.85,-0.94,-0.27,0.37
1.912,6,0.966,0.08,0.23,0.08,26.2,25.99,12.73,0.02,0.05,-0,3.98,-10.38,-36.93,-27.92,-0.43,0.12,0.89
1.9159,4,-0.962,-0.13,0.02,0.24,346.12,1.53,14.48,-0.07,0.01,0.17,3.96,-30.98,10.38,17.09,-0.09,0.26,1.15
1.9175,7,-0.928,-0.16,-0.26,-0.21,45.74,24.54,26.69,0.03,-0.01,0.05,0,-10.99,-41.81,3.97,-0.41,0.44,0.89
1.9212,5,-0.596,0.03,-0.15,-0.79,121.24,13.04,11.2,-1.34,-0.37,-0.46,4.04,16.48,23.5,-42.88,0.61,1.29,0.42
1.9231,3,-0.888,0.12,0.07,-0.44,66.6,-0.49,-16.13,0.05,-0.03,0.16,3.98,-103.91,-17.09,-29.45,0.08,-0.35,1.11
1.9269,2,-0.63,-0.56,0.13,0.52,312.24,25.08,68.35,-0.11,0.17,0.1,4.09,-48.83,-8.39,-25.79,-0.37,0.89,0.56
1.9285,1,-0.086,-0.22,-0.13,0.96,201,26.16,-13.98,-0.12,-0.04,0.02,4.09,8.54,-14.8,1.07,-0.35,-0.28,0.93
2.0061,4,-0.967,-0.11,-0,0.23,347.64,3.02,11.84,-0.04,-0.1,0.23,3.96,-20.14,31.59,11.14,-0.16,0.33,1.17
2.0078,6,0.974,0.07,0.2,0.08,25.16,22.18,10.71,-0.05,-0.02,-0.01,3.98,-10.99,-35.4,14.95,-0.41,0.2,0.87
2.0119,0,0.019,0.49,0.22,-0.84,175,56.68,-39.05,-0.06,0.31,-0.21,4.09,9.16,-40.28,-30.82,-0.68,-0.06,0.51
2.0137,7,-0.939,-0.16,-0.22,-0.21,44,20.27,24.47,-0.07,-0.08,0,0,-13.28,-44.86,-0.76,-0.37,0.48,0.8
2.0177,5,-0.652,0.03,-0.14,-0.74,112.74,12.93,10.52,0.52,-0.33,0.18,4.04,5.34,-19.23,-3.51,-0.1,-0.4,1.3
2.0193,3,-0.867,0.19,0.13,-0.44,68.95,-3.54,-26.02,0.02,-0.05,0.08,3.98,-97.5,-50.35,65.31,0.11,-0.46,0.97
2.0231,2,-0.623,-0.55,0.09,0.55,309.61,29.31,63.97,-0.06,-0.05,-0.01,4.09,-16.02,-15.56,-78.74,-0.56,0.69,0.4
2.0247,1,-0.086,-0.2,-0.12,0.97,201.46,24.49,-12.84,-0.11,0.01,-0.05,4.09,15.87,-18.77,1.07,-0.29,-0.21,0.88
2.1021,4,-0.963,-0.12,-0.05,0.24,347.01,8.47,11.66,0.19,-0.13,0.02,3.96,9.46,57.22,-67.75,-0.04,0.37,0.94
2.1037,6,0.981,0.07,0.16,0.07,23.89,18.15,9.69,-0.02,-0.07,0.02,3.98,-7.32,-48.83,-28.23,-0.33,0.22,0.94
2.1075,0,0.003,0.46,0.22,-0.86,175.2,52.51,-37.86,-0.05,-0.12,0.1,4.09,16.63,-41.5,-7.78,-0.83,-0.54,0.51
2.1091,7,-0.948,-0.16,-0.18,-0.21,42.53,16.14,22.7,0.01,-0.03,-0.02,0,-16.78,-42.57,5.19,-0.24,0.38,0.86
2.1129,5,-0.658,0.01,-0.13,-0.74,111.82,10.87,10.33,0.29,0.71,0.19,4.04,10.53,-30.82,-65.31,-0.92,0.01,1.04
2.1145,3,-0.828,0.23,0.18,-0.47,75.1,-4.58,-34.29,0.04,0,-0.02,3.98,-68.36,-33.11,36.47,0.11,-0.58,0.77
2.1182,2,-0.596,-0.54,0.06,0.59,304.41,34.16,60.04,-0.19,-0.04,-0.13,4.09,-12.97,-15.41,-42.11,-0.57,0.46,0.51
2.1197,1,-0.091,-0.19,-0.11,0.97,202.47,22.6,-11.07,-0.11,0.04,-0.02,4.09,11.75,-23.04,10.99,-0.26,-0.15,0.93
2.2143,4,-0.952,-0.13,-0.08,0.26,344.37,12.51,12.76,0.04,0.02,-0.12,3.96,16.33,11.75,3.51,-0.15,0.19,0.85
2.2159,6,0.988,0.06,0.13,0.06,21.7,14.31,8.38,0.05,0.03,-0.07,3.98,-7.78,-49.44,-24.57,-0.17,0.1,0.9
2.2209,0,0.004,0.43,0.2,-0.88,178.83,49.51,-33.27,-0.05,-0.01,-0.01,4.09,17.7,-41.5,7.63,-0.71,-0.36,0.57
2.2224,7,-0.954,-0.15,-0.14,-0.22,41.96,11.8,20.65,0.07,0.08,-0.04,0,-24.72,-39.22,22.74,-0.15,0.22,0.9
2.2279,5,-0.663,-0.03,-0.13,-0.74,110.91,7.19,14.14,-0.35,-0.5,0.34,4.04,82.7,-73.7,9.46,0.39,0.65,1.3
2.2298,3,-0.792,0.27,0.22,-0.5,80.62,-4.71,-40.28,-0.01,-0.03,-0.16,3.98,-19.99,-36.32,74.77,0.07,-0.55,0.65
2.2343,2,-0.591,-0.52,0.05,0.61,301.53,35.75,56.26,-0.09,0.02,-0.02,4.09,-35.25,-17.85,-6.41,-0.58,0.65,0.5
2.2363,1,-0.099,-0.17,-0.09,0.98,203.96,20.86,-9.26,-0.06,0.05,0,4.09,10.38,-15.41,11.14,-0.29,-0.11,0.96
2.306,4,-0.956,-0.15,-0.07,0.24,347.32,11.51,15.3,-0.1,0.09,-0.05,3.96,15.41,-2.75,40.28,-0.23,0.13,0.92
2.3078,6,0.994,0.06,0.08,0.04,18.97,9.05,7.04,0.05,0.04,0.01,3.98,-8.7,-55.08,-20.6,-0.11,0.1,0.96
2.3118,0,0.012,0.4,0.19,-0.9,183.49,46.09,-28.1,-0,-0.03,0.03,4.09,19.38,-51.57,13.73,-0.73,-0.37,0.62
2.3134,7,-0.956,-0.14,-0.1,-0.24,42.91,6.92,18.98,-0.07,-0.09,-0.03,0,-19.99,-48.22,19.38,-0.14,0.42,0.89
2.3174,5,-0.651,-0.14,-0.15,-0.73,110.63,-0.25,23.91,-0.18,0.2,0.32,4.04,115.05,-44.25,-62.1,-0.17,0.5,1.05
2.319,3,-0.745,0.26,0.22,-0.57,89.53,-1.22,-40.08,-0.09,0.14,-0.09,3.98,31.89,-25.79,111.08,-0.16,-0.49,0.73
2.3228,2,-0.597,-0.49,0.03,0.63,297.88,35.57,50.57,-0.09,0.02,-0.04,4.09,-32.04,-28.08,-10.99,-0.55,0.54,0.56
2.3244,1,-0.101,-0.16,-0.08,0.98,204.56,19.68,-7.54,0.04,0.01,-0.07,4.09,16.78,-8.85,-6.56,-0.33,-0.11,0.86
2.4021,0,0.026,0.36,0.17,-0.92,188.51,41.9,-22.61,-0.01,-0,-0.07,4.09,24.11,-66.38,19.84,-0.61,-0.27,0.65
2.4038,6,0.998,0.05,0.04,0.01,15.52,4.4,6.16,-0.01,-0.1,-0.01,3.98,-1.98,-37.54,-25.02,-0.09,0.18,0.98
2.4075,4,-0.957,-0.15,-0.07,0.24,347.71,11.92,14.96,-0.04,0.08,-0.06,3.96,-24.72,12.82,-29.75,-0.2,0.14,0.89
2.409,7,-0.958,-0.14,-0.06,-0.24,42.78,2.43,17.49,0.07,0.04,-0.04,0,-16.17,-32.96,23.8,0.03,0.24,0.94
2.413,5,-0.641,-0.22,-0.21,-0.7,108.7,-2.3,35.36,-0.11,-0.14,0.09,4.04,123.14,-26.86,-13.12,0.2,0.67,0.75
2.4146,3,-0.719,0.25,0.18,-0.62,94.65,3.38,-36.19,-0.3,0.12,-0.21,3.98,66.99,35.25,42.88,-0.25,-0.25,0.82
2.4183,2,-0.602,-0.46,0.03,0.65,294.26,34.5,45.56,-0.09,0.03,-0.05,4.09,-34.33,-36.62,-4.58,-0.52,0.5,0.62
2.4198,1,-0.097,-0.16,-0.07,0.98,204.33,18.91,-6.19,-0.01,-0.04,-0.03,4.09,10.99,-9.77,0.31,-0.32,-0.15,0.91
2.504,0,0.046,0.31,0.14,-0.94,194.15,36.58,-16.64,-0.04,0.04,-0.1,4.09,25.63,-72.63,28.08,-0.51,-0.17,0.73
2.5058,6,0.999,0.05,0.01,-0.01,13.11,0.86,5.53,0.04,0.04,0.07,3.98,-4.58,-25.33,-13.58,0.04,0.08,1.07
2.5097,4,-0.954,-0.12,-0.09,0.26,345.16,13.55,11.29,-0.05,0.07,-0.06,3.96,-37.69,9.16,-7.63,-0.23,0.1,0.91
2.5113,7,-0.959,-0.14,-0.03,-0.24,42.63,-0.38,16.06,0.08,0.08,-0.05,0,-11.29,-18.62,28.99,0.06,0.21,0.94
2.5157,5,-0.594,-0.31,-0.29,-0.69,110.23,-4.62,49.45,-0.2,0.07,-0.13,4.04,142.21,24.57,6.87,0.02,0.81,0.42
2.5175,3,-0.709,0.25,0.08,-0.66,96.58,12.51,-27.5,-0.19,0.01,-0.03,3.98,122.83,74.16,37.84,-0.26,-0.28,0.92
2.5213,2,-0.612,-0.42,0.02,0.67,290.9,32.06,40.14,-0.07,0.05,-0.11,4.09,-34.33,-37.69,0.76,-0.43,0.44,0.66
2.523,1,-0.103,-0.15,-0.06,0.98,205.2,18.18,-5.12,-0.01,0.1,0.04,4.09,4.73,-5.65,1.68,-0.3,0.02,1
2.5982,0,0.068,0.25,0.11,-0.96,199.06,30.17,-11.27,-0.02,-0.03,-0.05,4.09,28.08,-73.24,27.47,-0.44,-0.19,0.79
2.6001,6,0.999,0.05,-0.01,-0.01,12.64,-1.12,5.32,0.01,-0.04,0.08,3.98,-7.17,-4.43,6.56,0.03,0.15,1.07
2.6039,4,-0.956,-0.09,-0.11,0.26,344.52,14.39,7.01,0.01,-0,-0.07,3.96,-45.78,10.53,-12.51,-0.22,0.12,0.89
2.6054,7,-0.96,-0.14,-0.01,-0.25,42.35,-3.06,15.28,-0.05,0.01,-0.06,0,-7.17,-23.35,-21.21,0,0.26,0.9
2.609,5,-0.519,-0.37,-0.39,-0.67,115.32,-5.03,64.13,-0.29,0.04,0.24,4.04,162.2,27.16,4.27,0.11,1.23,0.28
2.6106,3,-0.712,0.21,-0.05,-0.67,97.51,20.75,-15.01,-0.03,0.02,0.03,3.98,124.51,60.88,40.44,-0.4,-0.21,0.93
2.6148,2,-0.636,-0.38,0.02,0.67,290.7,28.73,36.26,0.03,0.09,-0.13,4.09,-54.63,-32.5,30.52,-0.35,0.56,0.68
2.6165,1,-0.092,-0.16,-0.05,0.98,204.05,18.36,-4.21,-0.03,0.11,-0.03,4.09,4.73,9.46,-24.26,-0.22,0.03,0.93
2.6964,0,0.086,0.2,0.08,-0.97,202.61,23.63,-7.07,-0.06,0.1,-0.11,4.09,24.26,-66.99,13.43,-0.3,-0.03,0.85
2.6982,6,0.998,0.05,-0.02,-0.03,10.65,-1.62,5.25,0.04,-0,0.06,3.98,-2.75,-4.27,-34.33,0.07,0.12,1.05
2.7024,4,-0.958,-0.06,-0.11,0.26,344.56,14.57,3.52,-0.09,-0.05,-0,3.96,-26.09,-4.27,36.16,-0.34,0.06,0.94
2.704,7,-0.965,-0.13,0.01,-0.22,39.46,-4.61,14.87,-0.03,0.04,-0.02,0,-5.65,-19.38,-22.28,0.04,0.23,0.96
2.7082,5,-0.467,-0.43,-0.48,-0.61,115.04,-4.58,79.9,-0.31,0.42,-0.11,4.04,169.37,2.29,-72.63,-0.22,0.81,-0.24
2.71,3,-0.718,0.18,-0.14,-0.66,98.03,25.99,-4.03,-0.04,-0,-0.02,3.98,80.41,25.18,-19.84,-0.43,0.02,0.82
2.714,2,-0.652,-0.33,0.01,0.68,288.61,25.82,30.15,-0.02,0.08,-0.01,4.09,-45.01,-35.25,-11.29,-0.36,0.46,0.84
2.7157,1,-0.062,-0.16,-0.05,0.98,200.63,18.24,-4.24,-0.07,0.08,-0.01,4.09,8.09,2.9,-37.08,-0.23,-0.02,0.97
2.8181,0,0.094,0.15,0.05,-0.98,204.28,17.52,-4.11,-0.09,0.15,-0.03,4.09,17.55,-57.68,0,-0.19,0.06,0.98
2.8198,6,0.997,0.04,-0.01,-0.05,7.84,-1.24,5.13,-0.01,0.03,0,3.98,-0.31,2.59,-23.5,0.01,0.05,1
2.8235,4,-0.962,-0.05,-0.13,0.24,346.49,15.67,1.81,0.03,0.02,0.1,3.96,-32.35,24.72,-17.7,-0.26,0.03,1.07
2.825,7,-0.97,-0.13,0.02,-0.2,36.99,-5.81,14.28,-0.03,0,0.08,0,-1.22,-12.97,-26.25,0.08,0.26,1.04
2.8291,5,-0.425,-0.49,-0.55,-0.52,112.83,-2.46,95.5,-0.28,-0.05,-0.41,4.04,136.87,-34.48,-25.02,0.18,0.55,-0.39
2.8308,3,-0.722,0.15,-0.2,-0.64,98.21,29.09,2.9,-0.35,0.05,0.05,3.98,75.84,28.53,15.26,-0.55,0.41,0.86
2.8346,2,-0.647,-0.29,0,0.7,284.46,24.02,24.48,-0.01,0.1,0.03,4.09,-28.23,-21.36,-26.7,-0.32,0.42,0.92
2.8362,1,-0.034,-0.16,-0.04,0.99,197.25,18.2,-4.6,-0.04,-0,0.04,4.09,5.8,1.07,-27.47,-0.28,-0.08,1.01
2.9101,0,0.088,0.11,0.03,-0.99,203.99,12.47,-2.04,-0.1,0.17,0,4.09,7.48,-40.13,-17.7,-0.1,0.1,1
2.9118,6,0.997,0.04,-0.01,-0.07,6.05,-0.96,5.03,-0.02,0.05,-0.04,3.98,1.98,0.61,-13.73,0.01,0.01,0.98
2.9157,4,-0.953,-0.02,-0.16,0.26,343.59,18.33,-2.45,0.04,0.01,0.09,3.96,-33.72,32.65,-23.5,-0.3,-0.02,1.05
2.9173,7,-0.973,-0.13,0.04,-0.19,34.99,-6.74,14.01,-0.08,-0.02,-0.01,0,-3.05,-17.4,-28.69,0.06,0.29,0.95
2.921,5,-0.396,-0.54,-0.6,-0.44,109.86,-0.2,107.27,-0.26,0.16,-0.63,4.04,75.23,-14.95,3.66,-0.11,0.75,-0.33
2.9226,3,-0.734,0.13,-0.25,-0.62,96.6,32.11,8.31,0.12,0.05,-0.04,3.98,34.33,19.84,-17.24,-0.55,-0.04,0.83
2.9264,2,-0.627,-0.26,-0.01,0.73,279.35,23.22,20.17,-0.11,0.13,0.01,4.09,-14.65,-17.4,-38.76,-0.28,0.24,0.96
2.9279,1,-0.006,-0.16,-0.05,0.99,193.91,18.44,-5.28,-0.07,0,-0.03,4.09,5.34,7.48,-27.01,-0.24,-0.1,0.96
2.9821,4,-0.942,-0,-0.19,0.28,340.06,20.93,-5.88,0.1,-0,0.03,3.96,-11.75,26.09,-36.62,-0.3,-0.06,0.99
2.9838,6,0.995,0.04,-0.01,-0.08,4.43,-1.3,5.06,-0.07,0.07,0.05,3.98,-0.76,-6.26,-7.32,-0.06,0.02,1.04
2.9877,0,0.063,0.07,0.01,-1,201.18,8.23,-1.18,-0.13,0.12,0.04,4.09,-0.15,-19.84,-41.96,-0.03,0.07,1.04
2.9892,7,-0.976,-0.13,0.05,-0.17,32.98,-7.7,13.73,0.03,0.08,-0.03,0,-4.88,-10.22,8.09,0.14,0.19,0.94
3.007,5,-0.382,-0.55,-0.63,-0.4,110.52,2.59,112.86,0.25,-0.13,0.24,4.04,29.91,-7.17,-70.95,0,1.26,-0.24
3.0087,3,-0.736,0.11,-0.29,-0.6,96.44,34.24,12.82,-0.07,0.02,-0.15,3.98,56.92,7.93,14.8,-0.5,0.21,0.65
3.0127,2,-0.609,-0.23,-0.01,0.76,274.78,21.84,16.46,-0.13,0.06,0.05,4.09,-23.35,-9.31,-43.49,-0.32,0.16,0.99
3.0151,1,0.01,-0.17,-0.05,0.98,191.87,19.06,-6.02,-0.06,-0.03,-0.01,4.09,-2.14,11.9,-6.1,-0.27,-0.11,0.95
3.1191,4,-0.939,0,-0.2,0.28,339.63,22.23,-6.98,-0.1,0.03,0.1,3.96,-6.1,2.44,62.41,-0.49,-0.19,1
3.1209,6,0.995,0.04,-0.02,-0.08,4.23,-2.25,5.06,0,-0.03,0.02,3.98,2.59,-9.61,-5.8,0.04,0.13,1.02
3.1248,0,0.028,0.06,0.01,-1,197.13,6.47,-1.41,-0.04,-0,-0.07,4.09,-5.34,-11.44,-38.91,-0.05,-0.03,0.93
3.1264,7,-0.975,-0.13,0.05,-0.17,33.02,-8.62,13.53,-0.06,-0.04,0.02,0,0.61,-7.93,-2.9,0.12,0.23,1
3.1303,5,-0.409,-0.51,-0.66,-0.36,112.15,9.6,114,-0.15,0.19,-0.31,4.04,-19.53,0.31,-17.4,-0.26,0.5,-0.43
3.1319,3,-0.737,0.09,-0.31,-0.59,97.05,34.4,17.03,-0.17,-0.07,0.16,3.98,35.71,-0.15,-39.98,-0.59,0.44,0.9
3.1355,2,-0.585,-0.23,-0.03,0.78,270.87,23.45,13.79,-0.13,0.08,0.03,4.09,5.65,22.89,-27.62,-0.3,0.13,0.96
3.137,1,0.018,-0.17,-0.05,0.98,190.79,19.95,-6.86,-0.07,0.04,0.09,4.09,-3.81,12.82,-4.88,-0.29,-0.06,1.04
3.1931,4,-0.95,-0.01,-0.21,0.23,345.4,23.6,-4.99,0.08,-0.09,0.06,3.96,9.16,10.83,-1.22,-0.4,0.03,0.99
3.1948,6,0.994,0.04,-0.03,-0.09,3.48,-3.16,5.31,-0.07,0,-0.02,3.98,0.61,-4.27,-1.68,-0.01,0.06,0.97
3.2004,0,-0.004,0.05,0.02,-1,193.45,5.67,-2.17,-0.13,0.03,-0.04,4.09,-9,2.9,-34.18,0.03,-0.01,0.97
3.2019,7,-0.975,-0.13,0.06,-0.17,32.94,-8.86,13.22,-0.02,-0.01,0.05,0,1.07,-9.46,-12.82,0.13,0.24,1.01
3.2078,5,-0.422,-0.51,-0.65,-0.37,111.14,9.61,111.79,-0.08,0.06,-0.19,4.04,-24.87,-28.99,-25.79,-0.2,0.67,-0.4
3.2096,3,-0.752,0.08,-0.33,-0.56,93.96,36,18.86,-0.16,-0.05,-0.02,3.98,32.04,1.53,-14.8,-0.59,0.45,0.69
3.305,2,-0.55,-0.24,-0.04,0.8,266.19,25.4,13.14,-0.16,0,-0.03,4.09,36.62,10.68,-52.34,-0.38,0.06,0.92
3.3067,6,0.994,0.05,-0.03,-0.09,3.13,-3.48,5.73,-0.13,0.04,-0.03,3.98,2.14,0.15,-5.04,-0.06,0.03,0.98
3.3102,0,-0.025,0.05,0.03,-1,191.05,5.32,-3.37,-0.02,0.02,0.02,4.09,-9.92,9.61,-14.04,-0.09,-0.04,1.01
3.3117,3,-0.759,0.06,-0.36,-0.54,92.42,37.46,21.31,-0.01,0.05,0.04,3.98,47.3,11.75,17.55,-0.56,0.2,0.79
3.3153,4,-0.938,-0.02,-0.22,0.27,341.1,24.82,-4.7,0.02,0.08,-0.09,3.96,28.84,9.16,-57.37,-0.33,-0.13,0.84
3.317,7,-0.976,-0.13,0.06,-0.17,32.38,-9.27,13.27,-0.05,0.04,0.01,0,1.07,-0.76,-4.43,0.11,0.2,0.96
3.3891,5,-0.439,-0.5,-0.64,-0.38,110.18,9.95,109.02,0.13,-0.27,-0.11,4.04,-35.55,-2.14,96.74,0.05,1.16,-0.05
3.3908,6,0.993,0.05,-0.03,-0.1,2.06,-3.31,5.86,-0.1,0.05,-0.03,3.98,1.53,3.2,6.1,-0.05,0.04,1
3.3943,2,-0.518,-0.25,-0.03,0.82,262.07,26.61,13.67,-0.12,0.04,0.01,4.09,29.3,11.44,-24.87,-0.4,0.12,0.94
3.3959,3,-0.761,0.06,-0.38,-0.53,91.71,39.6,23.04,0.06,0.01,0.02,3.98,19.99,28.23,-57.37,-0.64,0.19,0.8
3.3998,4,-0.93,-0.03,-0.21,0.3,337.06,23.71,-3.93,-0.04,0.11,-0.04,3.96,28.69,-22.13,0.76,-0.35,-0.17,0.88
3.4017,7,-0.976,-0.13,0.07,-0.16,31.93,-9.73,13.23,-0.11,-0.01,0,0,1.83,-1.37,-5.65,0.07,0.25,0.93
3.5081,0,-0.032,0.06,0.04,-1,190.11,6.2,-4.46,-0.06,-0.03,-0.04,4.09,-11.6,13.28,-2.9,-0.03,-0.09,0.97
3.5098,6,0.993,0.05,-0.04,-0.11,1.59,-3.46,5.75,0.08,-0.12,0.11,3.98,2.75,-7.93,-5.49,0.16,0.29,1.1
3.5137,5,-0.449,-0.5,-0.62,-0.4,109.73,9.36,106.48,0.11,0.11,0.08,4.04,-31.89,-14.34,-29.45,-0.35,0.8,-0.27
3.5153,7,-0.974,-0.13,0.07,-0.18,33.33,-10.31,12.9,0.09,-0.07,0.07,0,-2.75,-8.39,15.72,0.29,0.32,1.01
3.5192,2,-0.5,-0.27,-0.02,0.82,260.7,28.3,15.64,-0.01,0.02,-0.02,4.09,20.6,12.36,0.31,-0.45,0.25,0.86
3.5209,3,-0.765,0.07,-0.4,-0.5,89.93,43,24.26,-0.13,-0.12,0.07,3.98,21.06,17.24,-20.75,-0.69,0.41,0.65
3.5246,4,-0.936,-0.04,-0.18,0.3,338.25,21.16,-1.74,-0.06,0.02,0.01,3.96,17.24,-27.31,14.65,-0.41,-0.07,0.93
3.5261,1,0.052,-0.19,-0.07,0.98,186.01,21.74,-10.03,-0.06,0.08,0.13,4.09,-1.83,25.18,-14.8,-0.33,-0.11,1.03
3.6273,0,-0.04,0.06,0.04,-1,189.07,7.01,-5.43,-0.06,0.02,-0.01,4.09,-7.48,11.44,-11.9,-0.1,-0.09,0.98
3.6291,6,0.992,0.05,-0.05,-0.11,1.08,-4.86,5.95,-0.18,0.03,-0.02,3.98,-0.46,-6.71,22.58,-0.11,0.03,0.98
3.6332,5,-0.464,-0.49,-0.61,-0.42,108.97,8.8,102.9,0.12,0.03,0.02,4.04,-38.6,-2.75,17.4,0.04,1.1,-0.02
3.6348,7,-0.975,-0.13,0.07,-0.17,32.11,-10.68,13.44,0.03,-0.02,0.05,0,0.61,-8.39,-22.43,0.2,0.21,0.99
3.6392,2,-0.485,-0.29,-0.01,0.83,259.34,29.24,17.05,0,0.05,-0,4.09,22.58,6.87,-16.48,-0.46,0.2,0.85
3.6413,3,-0.767,0.08,-0.42,-0.48,88.45,46.06,24.58,0.04,-0.17,-0.16,3.98,4.58,19.68,-87.43,-0.47,0.29,0.62
3.6456,4,-0.935,-0.05,-0.17,0.31,337.43,19.82,-0.61,-0.02,-0.01,-0.02,3.96,14.19,-10.07,-33.57,-0.35,-0.02,0.91
3.6484,1,0.069,-0.21,-0.08,0.97,183.51,23.87,-11.61,-0.12,-0.08,-0.19,4.09,-3.66,10.22,-1.98,-0.21,-0.2,0.77
3.7176,0,-0.054,0.07,0.05,-0.99,187.43,7.96,-6.44,0.02,-0.04,0.02,4.09,-7.17,11.44,-10.68,-0.14,-0.17,0.98
3.7192,6,0.993,0.05,-0.05,-0.1,2.7,-5.35,5.93,-0.28,-0.06,0.02,3.98,3.05,11.29,-14.65,-0.17,0.1,1.01
3.7229,5,-0.461,-0.49,-0.59,-0.45,109.79,6.28,100.12,0.09,-0.26,-0.18,4.04,-10.99,25.63,28.23,0.07,0.92,-0.16
3.7244,7,-0.976,-0.13,0.08,-0.16,31.57,-10.93,13.18,0.09,0.08,0.01,0,0,11.6,31.74,0.26,0.14,0.98
3.728,2,-0.473,-0.3,-0,0.83,258.42,29.77,18.46,-0.03,-0.03,-0.02,4.09,18.92,3.36,-11.14,-0.5,0.22,0.8
3.7296,3,-0.779,0.08,-0.42,-0.46,84.39,47.28,22.02,0.01,-0.17,0.01,3.98,13.28,-15.87,6.56,-0.64,0.32,0.7
3.7333,4,-0.929,-0.05,-0.16,0.33,334.85,19.09,-0.52,-0.03,-0.03,-0.08,3.96,7.02,-7.17,-12.97,-0.34,-0,0.86
3.7348,1,0.061,-0.22,-0.08,0.97,184.22,24.62,-11.92,-0.22,-0.07,-0.11,4.09,-1.22,-14.04,31.13,-0.25,-0.2,0.88
3.8292,0,-0.066,0.08,0.06,-0.99,185.85,8.99,-7.45,-0,-0.03,-0,4.09,1.37,5.04,-7.17,-0.23,-0.13,1
3.8312,6,0.997,0.05,-0.02,-0.06,7.27,-1.69,5.53,0.48,-0.16,-0.19,3.98,-9.92,33.57,33.57,0.52,0.22,0.76
3.8354,5,-0.493,-0.46,-0.6,-0.42,109.13,11.94,99.22,-0.04,0.25,-0.1,4.04,-7.32,-22.28,-34.33,-0.44,0.76,-0.21
3.837,3,-0.78,0.08,-0.42,-0.45,84.17,47.17,22.05,0.24,0.15,0.1,3.98,-5.04,12.51,13.43,-0.8,0.09,0.81
3.8411,2,-0.461,-0.3,0,0.83,257.24,30.31,19.35,-0.1,-0.03,-0.05,4.09,14.19,0.15,-2.29,-0.46,0.2,0.83
3.8426,7,-0.973,-0.13,0.08,-0.17,33.08,-11.38,13.38,-0.09,-0.09,0.06,0,1.53,3.97,17.4,0.17,0.33,0.97
3.8464,4,-0.924,-0.06,-0.15,0.35,332.75,18.57,-0.14,-0.03,-0.03,0.02,3.96,16.48,-9.46,-30.36,-0.39,-0,0.97
3.848,1,0.042,-0.22,-0.09,0.97,186.59,24.32,-11.68,-0.12,-0.07,-0.05,4.08,-2.44,6.71,19.23,-0.27,-0.24,0.88
3.9213,0,-0.07,0.09,0.06,-0.99,185.38,9.41,-7.59,-0.15,0.12,0.1,4.09,-0.61,10.83,-8.54,-0.07,-0.01,1.11
3.923,6,0.999,0.03,-0.01,-0.02,11.91,-1.55,3.87,-0.28,-0.16,-0.04,3.98,-25.18,23.96,78.43,-0.26,0.22,0.92
3.927,5,-0.499,-0.47,-0.59,-0.42,107.74,11.18,98.29,-0.13,0.1,-0.02,4.04,-19.23,4.58,-30.21,-0.26,0.81,-0.25
3.9286,3,-0.778,0.08,-0.41,-0.47,85.28,46.04,22.09,0.15,-0.01,0.14,3.98,-11.75,-23.19,84.23,-0.76,0.31,0.88
3.9327,2,-0.448,-0.31,0.01,0.84,255.51,30.47,19.49,-0.05,0,0.11,4.09,12.36,-1.83,-10.99,-0.53,0.3,0.9
3.9343,7,-0.972,-0.13,0.08,-0.18,33.94,-11.64,12.77,-0.14,0.05,-0.04,0,-7.17,-1.98,14.04,0.05,0.2,0.95
3.9382,4,-0.916,-0.07,-0.14,0.37,330.47,18.05,1.97,0.03,-0.17,0.04,3.96,33.57,10.53,-30.52,-0.41,0.18,0.94
3.9398,1,0.023,-0.21,-0.08,0.97,189.04,24.5,-10.47,-0.13,-0.1,-0.14,4.08,2.9,-14.19,31.28,-0.23,-0.22,0.82
4.0172,0,-0.084,0.1,0.06,-0.99,183.59,10.54,-8.2,-0.04,-0.03,-0.04,4.09,-4.12,22.89,-14.34,-0.15,-0.17,0.91
4.019,6,1,0.02,0.01,0.02,15.84,1.55,1.92,-0.32,-0.01,-0.03,3.98,-22.74,46.23,25.79,-0.34,0.03,0.97
4.0229,5,-0.523,-0.46,-0.59,-0.41,105.46,13.57,96.91,0.31,-0.04,-0.21,4.04,0.92,-36.01,-29.91,-0.15,1.06,0.22
4.0245,3,-0.772,0.07,-0.4,-0.49,88.08,42.84,22.58,0.35,0.04,0.04,3.98,-26.25,-10.07,56.92,-0.65,0.07,0.93
4.0283,2,-0.43,-0.31,0.01,0.85,253.44,31.11,19.67,0.02,-0.07,0,4.09,1.37,-2.59,-4.27,-0.55,0.26,0.81
4.03,7,-0.969,-0.12,0.08,-0.2,36.36,-11.88,11.89,-0.22,-0.02,0,0,-8.24,5.34,22.74,0,0.29,1
4.0338,4,-0.898,-0.1,-0.14,0.41,326.15,19.27,3.75,-0.06,0.07,-0.04,3.96,21.67,5.49,12.36,-0.31,-0.02,0.9
4.0354,1,-0.001,-0.2,-0.07,0.98,192.58,22.63,-8.18,-0.06,0.05,-0.09,4.08,18.31,-37.84,22.74,-0.32,-0.07,0.88
4.1151,0,-0.091,0.12,0.07,-0.99,182.48,12.49,-9.02,0.02,-0.06,-0.04,4.09,-0.76,15.26,1.83,-0.22,-0.22,0.91
4.1168,6,0.999,0.01,0.03,-0,13.95,3.6,1.63,0.58,0.25,0.2,3.98,2.75,-26.86,-27.62,0.45,-0.19,1.23
4.1206,5,-0.531,-0.46,-0.59,-0.4,104.77,15.19,97.13,0.04,0.01,0.04,4.04,-1.68,29.75,68.82,-0.28,1.09,-0
4.1221,7,-0.969,-0.12,0.06,-0.21,37.2,-9.38,12.04,-0.24,-0.04,0.14,0,15.26,43.64,2.75,0.01,0.35,1.14
4.1258,2,-0.422,-0.32,0.01,0.85,252.57,32.14,19.35,-0.07,-0,0.02,4.09,9.77,7.78,-4.58,-0.5,0.21,0.8
4.1275,3,-0.751,0.07,-0.38,-0.54,93.84,39.97,23.75,0.01,0.1,0.06,3.98,-23.65,5.04,34.94,-0.75,0.27,0.7
4.1314,4,-0.9,-0.11,-0.14,0.4,326.93,19.21,5.09,-0.07,-0.03,-0.07,3.96,7.78,-2.14,1.68,-0.37,0.04,0.85
4.1331,1,-0.013,-0.17,-0.06,0.98,194.44,19.29,-6.6,0.08,-0.04,0.1,4.08,-7.93,-28.99,10.38,-0.39,-0.19,0.95
4.2251,0,-0.09,0.13,0.07,-0.99,182.46,13.6,-9.53,-0.05,-0,0.04,4.09,1.53,3.05,5.8,-0.27,-0.18,1.04
4.2269,6,0.998,0.01,0.05,0.03,17.46,5.48,0.95,0.18,-0.01,-0.1,3.98,-2.75,10.83,7.78,0.09,0.01,0.92
4.2322,5,-0.52,-0.46,-0.6,-0.41,106.44,14.24,97.6,0.09,0.07,0.13,4.04,-2.9,5.34,-2.9,-0.32,1.06,0.02
4.2339,3,-0.733,0.07,-0.38,-0.56,97.82,39.5,24.88,0.08,-0,0,3.98,6.56,24.26,-4.43,-0.62,0.25,0.73
4.2397,2,-0.422,-0.32,0.01,0.85,252.9,32.28,20.13,-0.01,-0.14,-0.07,4.09,2.29,-1.37,30.36,-0.59,0.18,0.71
4.2414,7,-0.971,-0.11,-0.01,-0.21,38.3,-1.43,13.07,0.51,0.06,-0.09,0,19.38,85.45,81.63,0.48,0.02,0.94
4.2455,4,-0.899,-0.11,-0.13,0.41,326.36,18.18,5.38,-0.23,-0.02,-0.14,3.96,-8.54,-28.08,29.75,-0.44,-0.08,0.85
4.2483,1,-0.036,-0.15,-0.05,0.99,197.36,17.15,-5.82,0.05,0.19,0.13,4.08,-6.56,-16.63,38.15,-0.33,0.07,1.08
4.3212,0,-0.077,0.13,0.07,-0.99,183.96,14.04,-9.83,0.07,-0.04,0.04,4.09,0.92,-7.02,23.04,-0.22,-0.23,0.95
4.3229,6,0.999,0.01,0.04,0.02,16.8,4.57,0.81,0.17,0.13,-0,3.98,-1.22,-21.06,-11.44,0.09,-0.17,1.04
4.3283,5,-0.5,-0.45,-0.6,-0.42,109.42,12.69,98.19,0.13,-0.03,0.09,4.04,-12.05,36.32,22.43,-0.21,1.01,0.01
4.3299,7,-0.957,-0.12,-0.03,-0.26,44.97,0.23,14.02,0.2,-0.29,0.09,0,-1.37,-10.07,-41.96,0.24,0.39,1.02
4.3341,2,-0.445,-0.32,0.01,0.84,255.92,31.34,20.7,0.04,-0.06,-0.12,4.09,-15.72,-6.71,41.5,-0.51,0.27,0.66
4.3358,3,-0.723,0.07,-0.39,-0.57,99.79,40.04,25.9,-0.14,-0,-0.02,3.98,-8.39,-11.75,11.75,-0.65,0.46,0.62
4.3402,4,-0.916,-0.09,-0.12,0.37,330.28,16.2,4.52,-0.1,-0.05,-0.12,3.96,-37.23,-7.93,27.62,-0.33,0.04,0.85
4.3419,1,-0.058,-0.14,-0.05,0.99,200.01,16.12,-5.52,0.11,0.12,0.03,4.09,-3.66,-9.46,10.68,-0.37,0.02,0.94
4.4171,0,-0.054,0.12,0.07,-0.99,186.73,13.58,-9.01,0.05,-0.12,-0.05,4.09,12.82,-22.13,29.91,-0.19,-0.27,0.89
4.4189,6,0.999,0.01,0.03,0.03,17.75,3.69,0.77,0.18,-0.08,-0.03,3.98,0.76,-5.8,-10.07,0.14,0.08,0.96
4.4245,5,-0.484,-0.44,-0.61,-0.44,112.28,11.63,98.13,0.34,0.13,0.17,4.04,-12.97,7.02,-12.21,-0.42,1.12,0.17
4.4261,7,-0.973,-0.13,-0.03,-0.19,36.37,0.41,14.74,-0.04,0.56,-0.02,0,3.36,12.66,-61.8,-0.23,-0.24,1.03
4.4312,2,-0.483,-0.29,0.01,0.82,259.88,28.3,20.29,-0.07,-0.03,-0.03,4.09,-35.86,-24.11,69.58,-0.45,0.24,0.82
4.4328,3,-0.728,0.07,-0.38,-0.56,98.92,39.39,25.42,-0.09,-0.03,-0.03,3.98,7.48,-13.28,-15.72,-0.62,0.39,0.68
4.4375,4,-0.926,-0.06,-0.12,0.35,332.44,15.7,0.92,-0.24,-0.04,0.01,3.96,-57.07,0,38.76,-0.46,-0.12,0.93
4.4394,1,-0.063,-0.13,-0.05,0.99,200.63,15.62,-5.27,-0.02,-0.02,0.02,4.09,-7.02,0.15,4.73,-0.26,-0.11,0.97
4.516,0,-0.025,0.1,0.06,-0.99,190.49,11.29,-6.72,0.01,0.11,0,4.09,29.91,-36.62,40.74,-0.2,0.02,1
4.5177,6,1,0,0,0.01,15.25,0.17,0.56,0.3,0.06,0.18,3.98,3.2,-41.35,0.61,0.25,-0.03,1.1
4.5229,5,-0.481,-0.42,-0.62,-0.46,114.84,12.14,97.06,0.02,0.16,0.09,4.04,-29.91,24.26,1.07,-0.33,1.04,-0.2
4.5245,3,-0.733,0.06,-0.38,-0.56,98.01,38.76,25.21,0.06,-0.15,0.08,3.98,-6.1,-15.56,6.26,-0.56,0.38,0.85
4.5291,2,-0.541,-0.26,0,0.8,265.99,24.1,17.9,-0.03,0.15,0.04,4.09,-72.17,-9.61,83.01,-0.29,0.34,0.96
4.5308,7,-0.963,-0.12,-0.01,-0.24,41.76,-1.65,13.75,-0.35,-0.25,0.1,0,-0.76,-16.78,-25.18,-0.23,0.67,1
4.5368,4,-0.944,-0.02,-0.15,0.29,338.91,17.18,-3.53,-0.09,0.03,0.18,3.96,-64.7,37.23,74.62,-0.4,-0.14,1.1
4.5386,1,-0.062,-0.14,-0.06,0.99,200.39,16.48,-6.19,-0.08,-0.04,-0.07,4.09,-9.31,17.09,-11.9,-0.18,-0.14,0.86
4.6281,0,0.007,0.08,0.03,-1,194.58,8.87,-3.83,0,0.08,-0.04,4.09,9,-26.4,41.96,-0.15,0.02,0.94
4.63,6,0.997,-0,-0.02,0.08,22.69,-1.77,-0.42,-0.87,-0.62,0.09,3.98,-11.14,0.46,-30.36,-0.75,0.96,0.93
4.6338,5,-0.483,-0.4,-0.63,-0.46,117.08,13.91,96.17,0.08,-0.01,0.07,4.04,-16.94,8.24,-11.6,-0.21,1.03,-0.01
4.6353,3,-0.738,0.07,-0.37,-0.56,96.85,38.28,23.36,0.13,-0.19,0.09,3.98,-11.9,5.49,-4.73,-0.51,0.29,0.95
4.639,2,-0.599,-0.22,-0.03,0.77,272.48,21.93,13.54,0.14,0.22,0.06,4.09,-77.21,1.83,37.99,-0.21,0.42,0.98
4.6408,7,-0.974,-0.13,-0.02,-0.19,36.01,-0.2,14.7,0.04,0.02,0.08,0,13.58,8.54,-52.49,0.04,0.19,1.05
4.6445,4,-0.947,0.01,-0.21,0.25,343.42,22.7,-7.76,0.05,0.02,0.22,3.96,-57.83,78.74,18.92,-0.4,-0.15,1.13
4.6462,1,-0.044,-0.14,-0.07,0.99,198.07,16.85,-7.21,-0.15,-0,-0.01,4.09,8.09,-5.19,-18.16,-0.17,-0.16,0.99
4.7361,0,0.034,0.05,0.02,-1,197.84,6.25,-1.94,0,0.23,0.09,4.09,8.54,-28.23,21.36,-0.1,0.19,1.1
4.7377,6,0.999,0.02,-0.02,-0.04,9.45,-1.91,2.5,0.27,0.37,-0.04,3.98,26.09,3.2,-69.12,0.31,-0.27,0.96
4.7412,5,-0.492,-0.39,-0.63,-0.46,116.54,14.75,95.43,0.03,0.1,-0.1,4.04,-7.93,-8.54,12.51,-0.3,0.83,-0.08
4.7428,3,-0.73,0.07,-0.36,-0.58,98.42,37.75,22.89,-0.07,-0.12,0.02,3.98,1.98,13.12,-8.39,-0.54,0.42,0.77
4.7464,2,-0.623,-0.18,-0.08,0.76,274.2,21.71,6.52,0.11,0.2,0.03,4.09,-59.97,-1.37,-5.19,-0.23,0.27,0.97
4.7481,7,-0.97,-0.13,-0.02,-0.2,37.7,-0.53,14.88,0.1,-0.05,-0.06,0,-5.65,-13.43,41.35,0.09,0.27,0.93
4.7518,4,-0.928,0.03,-0.28,0.24,341.27,30.63,-13.38,0.23,0.1,0.08,3.96,-43.18,96.89,-31.43,-0.33,-0.21,1.04
4.7533,1,-0.044,-0.14,-0.06,0.99,198.19,15.94,-6.43,-0.07,-0.22,-0.01,4.09,5.04,-5.19,9.61,-0.25,-0.28,0.97
4.8426,0,0.045,0.04,0.01,-1,199.14,4.3,-1.05,-0.01,0.12,0.07,4.09,-4.12,-10.68,1.83,-0.06,0.09,1.08
4.8436,6,0.998,0.03,-0.04,-0.04,9.65,-4,4.06,-0.28,0.19,0.26,3.98,-17.4,2.75,87.28,-0.2,-0.04,1.26
4.8476,5,-0.496,-0.4,-0.61,-0.46,114.85,13.48,94.48,0.1,0.1,-0.01,4.04,-9,-11.75,3.05,-0.32,0.9,0.01
4.8496,3,-0.725,0.08,-0.37,-0.58,99.39,38.77,23.75,-0.04,-0.14,-0,3.98,-0.15,11.6,9.16,-0.52,0.4,0.76
4.8536,2,-0.62,-0.15,-0.1,0.76,272.7,20.89,2.44,0.11,0.06,-0.04,4.09,-25.18,5.19,-16.48,-0.3,0.16,0.91
4.8546,7,-0.971,-0.13,-0.02,-0.2,37.3,-1.04,14.46,0.07,0.12,-0.04,0,-7.32,9,17.85,0.02,0.01,0.96
4.8586,4,-0.893,0.07,-0.35,0.27,332.9,36.6,-22.79,0.27,0.11,-0.09,3.96,-51.12,72.63,-39.98,-0.32,-0.26,0.85
4.8596,1,-0.054,-0.14,-0.05,0.99,199.54,15.96,-5.3,0.03,0.03,0.13,4.09,12.51,10.22,10.99,-0.28,-0.03,1.08
4.9296,0,0.041,0.03,0.01,-1,198.68,3.49,-1.06,-0.09,-0.03,0.1,4.09,-6.56,-4.12,-12.36,0,-0.06,1.11
4.9306,6,0.999,0.03,-0.02,-0.02,11.97,-2.57,3.8,-0.2,0.06,-0.03,3.98,21.67,5.95,-39.22,-0.18,-0.17,1.07
4.9346,5,-0.506,-0.41,-0.61,-0.46,113.18,13.71,93.98,0.19,0.06,0.05,4.04,-1.22,-10.38,-17.55,-0.34,1,0.09
4.9366,3,-0.716,0.07,-0.37,-0.58,101.34,38.58,25.02,0.11,0.04,-0.1,3.98,-0.46,-2.29,32.81,-0.58,0.2,0.67
4.9396,2,-0.607,-0.14,-0.1,0.77,270.35,20.12,0.75,-0.04,-0.14,-0.08,4.09,11.44,-11.6,-3.97,-0.43,-0.06,0.82
4.9416,7,-0.966,-0.12,-0.01,-0.23,40.46,-1.98,13.65,-0.44,-0.52,-0.03,0,16.17,-12.05,-63.02,-0.25,0.92,0.85
4.9456,4,-0.863,0.11,-0.4,0.29,325.03,38.58,-32.06,0.17,0.06,-0.31,3.96,-36.47,16.48,-36.16,-0.3,-0.27,0.56
4.9466,1,-0.066,-0.15,-0.03,0.99,201.29,16.93,-2.77,-0.09,0.12,-0.1,4.09,8.39,-15.87,17.7,-0.16,0.06,0.9
5.0306,0,0.036,0.03,0.01,-1,198.11,3.32,-1.1,-0.02,-0.15,-0.01,4.09,3.51,-0.31,-4.12,-0.05,-0.17,0.99
5.0326,6,0.999,0.03,-0.02,-0.01,13.08,-2.7,2.96,-0.16,-0.2,-0.05,3.98,11.29,15.11,6.56,-0.1,0.17,0.93
5.0376,5,-0.518,-0.4,-0.61,-0.44,112.35,16.26,94.58,0.15,0.04,-0.09,4.04,0.76,-1.98,-26.86,-0.31,0.86,0.07
5.0396,3,-0.704,0.06,-0.36,-0.61,104.27,35.07,26.16,0.13,0.07,-0.06,3.98,-24.57,-44.56,42.88,-0.58,0.27,0.69
5.0436,2,-0.618,-0.13,-0.09,0.77,271.82,18.57,1.64,0.02,-0.04,-0,4.09,6.71,-22.74,28.08,-0.35,0.05,0.93
5.0456,7,-0.968,-0.12,-0.02,-0.22,39.42,-0.66,14.45,0.87,-0.2,-0.04,0,-3.05,-19.38,122.68,0.88,0.07,0.97
5.0496,0,0.035,0.03,0,-1,198.11,3.06,-0.33,-0.05,-0.11,-0.13,4.09,10.99,-3.97,4.27,0,-0.12,0.87
5.0516,1,-0.069,-0.13,-0.04,0.99,201.6,15.59,-3.5,-0.09,0.1,0.13,4.09,-14.65,-5.8,-10.07,-0.21,0.01,1.11
5.1266,4,-0.862,0.14,-0.39,0.3,324.52,36.19,-34.98,0.11,-0.09,-0.12,3.96,-4.88,-45.78,8.85,-0.54,-0.3,0.67
5.1276,6,0.999,0.02,-0.04,-0.03,11.04,-4.77,2.33,0.07,-0.02,-0.02,3.98,-2.9,-39.37,-33.72,0.11,0.02,0.98
5.1316,5,-0.533,-0.39,-0.62,-0.43,112,18.94,93.85,-0,-0.01,-0.05,4.04,-16.17,-4.12,-42.88,-0.3,0.9,-0.05
5.1346,3,-0.72,0.06,-0.29,-0.63,101.19,29.27,18.58,0.39,-0.11,0.05,3.98,-103.45,-89.57,6.1,-0.4,-0.06,1.05
5.1386,2,-0.627,-0.13,-0.07,0.77,273.18,16.42,3.01,-0.06,-0.04,0.05,4.09,19.38,-17.7,-3.51,-0.33,-0.02,1.04
5.1406,7,-0.97,-0.12,0.01,-0.21,38.06,-3.52,13.17,0.01,0.12,-0.17,0,-6.1,-33.11,-0.15,0.08,0.06,0.83
5.1436,0,0.046,0.02,-0,-1,199.31,2.01,0.49,-0.08,-0.09,0.08,4.09,4.43,-3.81,13.89,0.03,-0.09,1.09
5.1456,1,-0.079,-0.13,-0.04,0.99,202.71,15.34,-3.27,-0,0.1,-0.08,4.09,2.59,2.9,8.09,-0.22,0.04,0.88
5.2376,4,-0.885,0.13,-0.35,0.27,330.4,33.47,-30.88,0.1,-0.21,-0.07,3.96,31.74,-66.22,14.8,-0.58,-0.19,0.74
5.2386,6,0.997,0.02,-0.06,-0.03,10.33,-7.16,2.4,-0.01,-0.01,0.05,3.98,-1.22,-16.33,21.36,0.12,0.06,1.04
5.2436,5,-0.551,-0.37,-0.62,-0.43,111.81,21.55,91.85,0.16,0.15,0,4.04,-24.72,12.21,-15.56,-0.52,0.86,0.11
5.2456,3,-0.727,0.09,-0.16,-0.66,99.62,20.38,5.1,-0.17,-0.07,0.1,3.98,-108.18,-91.86,-38.45,-0.37,0.26,1.09
5.2556,2,-0.638,-0.12,-0.05,0.76,274.72,14.33,4.69,-0.11,-0.05,0.05,4.09,11.29,-10.83,48.37,-0.29,-0.02,0.98
5.2586,7,-0.965,-0.12,0.05,-0.23,40.07,-8.2,12.07,-0.17,0.02,-0.03,0,-12.82,-23.8,24.57,-0.02,0.27,0.95
5.2626,4,-0.913,0.11,-0.29,0.27,335.19,27.91,-23.24,-0.04,-0.15,0.07,3.96,69.12,-72.94,9.46,-0.6,-0.27,0.85
5.2676,1,-0.08,-0.13,-0.04,0.99,202.97,15.48,-2.97,-0.05,-0.05,0.04,4.09,-4.88,2.14,0.61,-0.25,-0.11,1.02
5.3316,0,0.065,0.02,-0.01,-1,201.53,2.41,0.93,-0,0.03,-0.08,4.09,1.37,7.17,32.5,-0.04,0.07,0.91
5.3336,6,0.996,0.02,-0.09,-0.02,11.5,-9.88,2.21,-0,-0.11,0,3.98,-3.05,-36.01,-1.98,0.17,0.14,0.99
5.3396,5,-0.544,-0.35,-0.61,-0.45,113.78,20.67,90.35,0.2,0.05,-0.06,4.04,-14.19,27.16,13.28,-0.42,0.83,0.19
5.3406,3,-0.727,0.1,-0.05,-0.68,99.42,12.09,-5.17,-0.36,0,0.09,3.98,-94.91,-50.05,41.2,-0.25,0.29,1.09
5.3466,2,-0.673,-0.13,-0.05,0.73,280.41,14.63,5.84,0.17,0.24,-0.05,4.09,-11.14,25.79,23.35,-0.01,0.3,0.95
5.3476,7,-0.963,-0.12,0.07,-0.23,40.15,-10.87,11.51,-0.07,0.02,0.03,0,-2.9,-29.14,-7.17,0.09,0.21,1.02
5.3536,4,-0.94,0.06,-0.23,0.25,341.39,23.19,-14.55,-0.09,-0.02,0.19,3.96,62.56,-47.61,63.02,-0.54,-0.29,1.02
5.3556,1,-0.083,-0.14,-0.04,0.99,203.22,15.87,-3.26,-0.03,-0.06,-0.03,4.09,1.68,1.37,0.15,-0.26,-0.13,0.91
5.4266,0,0.082,0.02,-0.01,-1,203.44,2.36,1.55,-0.01,0.22,-0.09,4.09,4.88,-14.19,-1.53,0.02,0.23,0.89
5.4276,6,0.994,0.02,-0.11,-0.02,11.41,-12.57,2.12,-0.09,-0.01,0.03,3.98,-3.97,-20.75,9.31,0.13,0.05,1.03
5.4316,5,-0.531,-0.35,-0.62,-0.46,115.93,19.55,90.4,0.39,-0.35,0.09,4.04,26.86,10.38,-70.95,-0.15,1.09,0.5
5.4336,7,-0.964,-0.12,0.07,-0.23,39.33,-11.35,11.45,0.04,-0.03,-0.01,0,-3.66,-6.41,14.04,0.27,0.22,0.93
5.4386,2,-0.665,-0.13,-0.06,0.73,279.18,15.54,4.94,0.11,0.17,-0.02,4.09,3.36,-0.15,-61.49,-0.12,0.2,0.97
5.4406,3,-0.734,0.11,-0.02,-0.67,98.05,10.46,-8.32,-0.33,-0.14,-0.19,3.98,35.4,18.46,-22.58,-0.02,0.28,0.85
5.4436,4,-0.95,0.01,-0.2,0.24,344.51,22.15,-7.03,0,0.08,0.13,3.96,65.92,10.22,-66.68,-0.38,-0.2,1.05
5.4456,1,-0.086,-0.14,-0.04,0.99,203.59,16.2,-2.83,-0.05,0.02,-0,4.09,3.81,5.8,-5.04,-0.22,-0.04,0.95
5.5356,0,0.069,-0,-0.02,-1,201.94,-0.36,2.4,-0.1,-0.07,0.17,4.09,6.41,-23.65,-6.1,0.09,-0.09,1.15
5.5366,6,0.993,0.01,-0.12,-0.01,12.68,-13.59,1.57,-0.11,-0.05,0,3.98,-4.12,-7.02,2.14,0.14,0.09,0.98
5.5416,5,-0.548,-0.32,-0.66,-0.4,116.54,27.31,94.67,0.34,-0.28,-0.16,4.04,34.64,-29.6,-153.66,-0.42,0.73,0.29
5.5426,3,-0.787,0.07,-0.06,-0.61,89.5,10.07,-2.14,0.76,0.06,0.14,3.98,43.95,-11.75,-100.4,0.01,-1.08,1.16
5.5466,2,-0.615,-0.12,-0.04,0.78,271.26,13.77,4.76,-0.22,-0.12,-0.04,4.09,30.52,-24.11,-47.45,-0.29,-0.15,0.92
5.5486,7,-0.964,-0.12,0.08,-0.22,38.98,-12.2,11.52,0,-0.06,0.01,0,-0.92,-7.48,-17.09,0.22,0.23,0.96
5.5546,4,-0.917,-0.01,-0.2,0.35,331.3,22.09,-7.45,-0.24,0.24,-0.14,3.96,18.62,9.46,-118.56,-0.33,-0.47,0.72
5.5556,1,-0.082,-0.14,-0.03,0.99,203.15,16.36,-2.55,-0.07,-0.04,0.07,4.09,1.98,7.02,-4.12,-0.24,-0.1,1.04
5.6316,0,0.069,-0.01,-0.03,-1,201.93,-1.89,3,-0.03,-0.01,-0.07,4.09,6.1,-9.16,2.75,0.06,0.04,0.93
5.6346,6,0.992,0.01,-0.12,-0.02,11.92,-14.11,1.66,-0.06,0,0.04,3.98,-3.05,4.27,-11.9,0.2,0.01,1
5.6396,5,-0.612,-0.31,-0.64,-0.35,108.38,34.92,90.69,0.18,0.18,-0.29,4.04,-65.46,-78.58,1.07,-0.57,0.48,0.16
5.6406,7,-0.966,-0.12,0.08,-0.22,38.16,-11.97,11.34,-0.05,-0,-0.02,0,-4.12,3.66,0,0.17,0.21,0.94
5.6456,2,-0.613,-0.12,-0.03,0.78,271.06,12.76,5.88,-0,0.06,-0.05,4.09,-9.61,-8.7,17.09,-0.14,0.11,0.94
5.6466,3,-0.729,0.12,-0,-0.67,98.86,9.32,-9.43,-0.54,0.02,-0.11,3.98,-76.29,30.21,42.42,-0.23,0.27,0.91
5.6516,4,-0.908,-0,-0.2,0.37,328.26,21.07,-8.64,-0.23,0.14,0.01,3.96,-13.58,-14.65,58.75,-0.42,-0.35,0.89
5.6536,1,-0.075,-0.14,-0.03,0.99,202.33,16.73,-2.67,-0.08,0.03,-0.06,4.09,-1.53,-0.46,-13.12,-0.19,-0.04,0.93
5.7436,0,0.068,-0.02,-0.03,-1,201.8,-3.03,3.68,-0.05,-0.03,0.14,4.09,6.71,-4.58,-1.98,0.1,0.04,1.13
5.7456,6,0.992,0.01,-0.12,-0.02,11.77,-14.14,1.04,-0.04,0.08,-0.01,3.98,-1.07,-5.8,7.32,0.2,-0.04,0.99
5.7506,5,-0.728,-0.25,-0.54,-0.34,90.6,37.92,68.1,-0.01,0.42,-0.07,4.04,-153.5,-184.48,-150.76,-0.92,0.4,0.28
5.7536,7,-0.966,-0.12,0.08,-0.22,38.07,-12.22,11.14,0.03,0.07,0.02,0,0.92,-0.46,-2.29,0.21,0.12,0.99
5.7576,2,-0.622,-0.09,-0.03,0.78,271.89,10.5,4.33,-0.08,-0.07,0.05,4.09,-21.06,-26.86,33.87,-0.25,-0.02,1.04
5.7586,3,-0.737,0.16,0.01,-0.66,95.89,11.06,-15.2,-0.24,-0.17,-0.06,3.98,-9.16,6.41,20.29,-0.06,-0,0.98
5.7626,4,-0.922,0.01,-0.2,0.33,332.43,20.51,-9.68,-0.11,0.04,0.09,3.96,-41.2,-7.48,7.78,-0.44,-0.28,0.97
5.7646,1,-0.076,-0.14,-0.03,0.99,202.45,16.11,-2.72,-0.04,-0.02,0.06,4.09,-0.61,-2.9,12.36,-0.26,-0.07,1.02
5.8476,0,0.074,-0.03,-0.04,-1,202.39,-3.82,4.1,-0.02,-0.07,0.04,4.09,1.98,-12.21,5.95,0.08,0.01,1.06
5.8486,6,0.992,0.01,-0.12,-0.01,12.64,-14.34,0.88,0.02,-0.02,0,3.98,0.92,-3.81,3.05,0.26,0.03,0.96
5.8556,5,-0.863,-0.13,-0.36,-0.34,66.12,31.74,32.97,0.09,0.5,0.05,4.04,-273.13,-186.31,37.69,-0.75,0,0.83
5.8576,7,-0.965,-0.11,0.08,-0.22,38.66,-12.13,10.88,-0.04,-0.05,0,0,1.53,1.37,6.26,0.2,0.25,0.95
5.8616,2,-0.658,-0.07,-0.03,0.75,276.83,8.56,2.75,0.11,-0,0.08,4.09,-24.57,-1.68,48.37,-0.17,0.16,1.06
5.8626,3,-0.729,0.15,-0,-0.67,97.83,11.48,-12.6,-0.08,0,0.02,3.98,49.9,-4.73,-23.04,-0.2,-0.18,1
5.8676,4,-0.927,0.05,-0.21,0.3,335.18,21.28,-14.36,-0.07,-0.1,0.22,3.96,-74.16,18.92,48.98,-0.55,-0.23,1.07
5.8706,1,-0.086,-0.14,-0.03,0.99,203.71,15.99,-2.52,-0.04,0.03,-0.01,4.09,-0.76,0.46,8.54,-0.22,-0.02,0.97
5.9426,0,0.085,-0.04,-0.04,-0.99,203.64,-5.12,4.09,-0.04,0.08,-0.01,4.09,-5.04,-17.7,12.36,0.15,0.14,0.98
5.9446,6,0.992,0.01,-0.13,-0.01,12.99,-14.83,0.79,-0.04,-0.01,0.01,3.98,-0.15,-1.83,0,0.22,0.03,0.99
5.9486,5,-0.884,0.04,-0.14,-0.44,67.88,16.66,3.26,-0.83,-0.24,1.14,4.04,-143.13,-18.16,183.26,-0.65,1.12,1.66
5.9506,7,-0.964,-0.12,0.08,-0.22,38.83,-12.35,11.03,-0.06,0.01,-0.01,0,-0.15,-1.53,-4.43,0.15,0.21,0.96
5.9556,2,-0.677,-0.07,-0.05,0.73,279.76,9.41,1.09,0.12,0.02,-0.02,4.09,-15.87,14.65,-1.53,-0.13,0.1,0.93
5.9576,3,-0.74,0.13,-0.02,-0.66,96.65,10.97,-9.84,0.11,0.01,0.02,3.98,15.41,-2.59,13.89,-0.18,-0.27,0.96
5.9606,4,-0.927,0.1,-0.26,0.25,338.94,25.55,-20.35,0.12,-0.16,0.02,3.96,-76.29,47.91,31.59,-0.42,-0.13,0.92
5.9626,1,-0.09,-0.14,-0.03,0.99,204.17,16.28,-2.25,-0.04,0.01,0,4.09,0,2.44,-1.68,-0.24,-0.03,0.98
6.0456,0,0.081,-0.05,-0.04,-1,203.14,-5.63,3.65,-0,-0.11,-0.04,4.09,1.22,-6.1,-10.68,0.07,-0.06,0.96
6.0476,6,0.991,0.01,-0.13,-0.01,12.95,-14.94,0.84,-0.04,-0,0,3.98,-0.15,-0.31,-3.36,0.22,0.01,0.97
6.0526,5,-0.872,0.03,-0.15,-0.47,70.99,16.88,5.32,-0.48,-0.23,0.1,4.04,96.89,10.99,-42.42,-0.44,0.6,0.96
6.0546,3,-0.739,0.13,-0.01,-0.66,96.81,10.6,-9.86,-0.05,-0.02,0.01,3.98,1.83,-1.83,-8.09,-0.17,-0.12,0.99
6.0586,2,-0.676,-0.07,-0.05,0.73,279.55,10.03,1.13,-0.08,0,0.01,4.09,1.98,5.49,7.17,-0.17,-0.05,0.99
6.0606,7,-0.965,-0.12,0.08,-0.22,38.67,-12.37,11.04,-0.03,-0,-0,0,0,0,-0.31,0.19,0.2,0.96
6.0646,4,-0.914,0.13,-0.3,0.24,338.15,29.19,-26.18,0.12,-0.07,-0.22,3.96,-23.65,14.8,-7.93,-0.34,-0.21,0.69
6.0666,1,-0.089,-0.14,-0.03,0.99,204.09,16.25,-2.18,-0.05,-0.01,-0.01,4.09,0.46,-1.53,-1.53,-0.24,-0.06,0.97
6.1446,0,0.087,-0.05,-0.04,-0.99,203.84,-6.29,3.66,-0.01,0,0,4.09,1.22,-6.71,15.26,0.13,0.07,0.99
6.1456,6,0.991,0.01,-0.13,-0.01,12.57,-14.88,0.86,-0.02,-0,0.01,3.98,0,0.61,-1.83,0.23,0.01,0.97
6.1516,5,-0.872,-0,-0.2,-0.45,70.26,20.14,10.87,-0.06,0,-0.23,4.04,18.31,32.2,45.32,-0.3,0.18,0.7
6.1536,3,-0.75,0.12,-0.01,-0.65,95.03,9.98,-9.45,-0.07,-0.04,0,3.98,16.33,0.61,-29.6,-0.15,-0.09,0.99
6.1576,2,-0.692,-0.07,-0.06,0.72,282.09,10.26,0.26,0.03,0.04,-0.02,4.09,-21.21,-2.14,23.35,-0.14,0.03,0.97
6.1596,7,-0.965,-0.12,0.08,-0.22,38.51,-12.41,11.05,-0.02,0,0.01,0,-0.15,-0.76,-2.75,0.19,0.2,0.97
6.1626,4,-0.918,0.13,-0.3,0.23,339.18,28.96,-25.19,0.16,-0.04,-0.16,3.96,37.23,-30.67,27.77,-0.32,-0.22,0.79
6.1646,1,-0.088,-0.14,-0.03,0.99,203.97,16,-2.23,-0.03,-0.01,0.01,4.09,0,-3.05,-2.44,-0.25,-0.05,0.97
6.2436,0,0.1,-0.06,-0.04,-0.99,205.28,-7.27,3.72,-0.06,0.02,0.02,4.09,1.53,-6.1,10.22,0.18,0.08,1
6.2456,6,0.992,0.01,-0.13,-0.01,12.52,-14.72,0.85,-0.03,-0.01,-0,3.98,0,2.14,-3.66,0.23,0.03,0.98
6.2526,5,-0.846,0,-0.21,-0.49,76.6,21.11,12.42,-0.03,-0.1,0.05,4.04,-8.85,13.43,43.03,-0.31,0.28,0.97
6.2546,7,-0.965,-0.12,0.08,-0.22,38.31,-12.4,11.19,-0.01,0.01,0.01,0,-0.61,-0.31,0.31,0.2,0.19,0.97
6.2586,2,-0.706,-0.05,-0.07,0.7,284.21,9.5,-1.42,0.05,0,0.02,4.09,-12.82,-7.17,24.11,-0.16,0.02,1
6.2616,3,-0.769,0.11,-0.02,-0.63,92.13,9.33,-8.06,-0.02,-0.02,0.02,3.98,23.5,0.46,-30.06,-0.15,-0.11,1
6.2666,4,-0.939,0.09,-0.25,0.22,343.84,25.84,-17.55,0.1,-0.02,0.06,3.96,59.05,-46.54,18.62,-0.41,-0.24,0.96
6.2686,1,-0.087,-0.13,-0.03,0.99,203.77,15.7,-2.26,-0.04,-0.02,0.01,4.09,0,-3.2,-3.81,-0.24,-0.07,0.98
6.3406,0,0.107,-0.06,-0.04,-0.99,206.13,-7.83,3.8,-0.04,0.03,0.01,4.09,-0.46,-4.27,5.19,0.18,0.08,0.99
6.3416,6,0.992,0.01,-0.13,-0.01,12.37,-14.5,0.82,-0.03,-0,-0,3.98,-0.46,2.29,-0.61,0.22,0.01,0.97
6.3476,5,-0.834,-0,-0.22,-0.51,79.21,21.26,14.33,0.05,-0.05,0.05,4.04,45.17,3.51,2.75,-0.32,0.23,0.98
6.3496,7,-0.965,-0.12,0.08,-0.22,38.09,-12.37,11.28,-0,0,-0.01,0,0,0.15,-2.59,0.2,0.19,0.96
6.3576,2,-0.715,-0.05,-0.06,0.69,285.54,8.98,-1.41,0.11,-0,0.02,4.09,9.77,-3.66,-6.41,-0.16,0.08,1.01
6.3596,3,-0.787,0.09,-0.03,-0.61,89.01,8.97,-6.86,0.04,-0.01,0.02,3.98,10.38,4.43,-28.69,-0.14,-0.18,1
6.3636,4,-0.953,0.05,-0.21,0.21,346.95,22.69,-11.67,0,0.01,0.1,3.96,36.16,-28.84,6.41,-0.42,-0.21,0.99
6.3656,1,-0.084,-0.13,-0.03,0.99,203.47,15.46,-2.3,-0.05,-0.02,0.01,4.09,0.92,-1.83,-3.51,-0.23,-0.07,0.98
6.4376,0,0.109,-0.07,-0.04,-0.99,206.35,-8.13,3.69,-0.01,-0,0.01,4.09,-2.29,1.83,0.31,0.15,0.06,1
6.4396,6,0.992,0.01,-0.13,-0.01,12.23,-14.35,0.85,-0.04,-0,0,3.98,-0.46,1.98,-1.53,0.21,0.01,0.98
6.4426,5,-0.841,-0.03,-0.24,-0.48,77.35,21.5,17.87,0.08,0.02,-0.03,4.04,47.91,-6.41,-33.11,-0.34,0.2,0.89
6.4446,3,-0.795,0.1,-0.03,-0.6,87.4,9.03,-7.12,-0.01,-0.02,0.01,3.98,-3.66,3.51,0.76,-0.14,-0.11,0.99
6.4486,2,-0.708,-0.05,-0.05,0.7,284.52,8.55,0.28,0.05,-0.01,-0.01,4.09,24.11,-0.31,-20.75,-0.16,0.06,0.98
6.4516,7,-0.966,-0.12,0.08,-0.22,38.01,-12.13,11.29,-0,-0.01,-0,0,0.46,1.37,-0.46,0.21,0.2,0.95
6.4566,4,-0.954,0.04,-0.2,0.22,345.86,20.94,-10.18,-0.1,0.04,0.03,3.96,10.53,-6.41,-25.63,-0.43,-0.25,0.9
6.4576,1,-0.083,-0.13,-0.03,0.99,203.32,15.19,-2.33,-0.05,-0.01,0,4.09,0.46,-1.83,-1.68,-0.22,-0.06,0.98
6.5346,0,0.108,-0.07,-0.04,-0.99,206.24,-7.93,3.54,-0.02,-0.02,0.01,4.09,-2.29,0.92,-5.34,0.15,0.05,0.99
6.5376,6,0.992,0.01,-0.12,-0.01,12.24,-14.18,0.81,-0.04,-0,0,3.98,-0.15,1.68,1.37,0.21,0.01,0.98
6.5426,5,-0.857,-0.05,-0.24,-0.45,73.42,21.46,18.76,0.08,0.06,-0.04,4.04,9.46,-16.33,-35.86,-0.36,0.19,0.87
6.5446,3,-0.794,0.1,-0.03,-0.6,87.49,9.14,-7.16,-0.03,-0.01,-0,3.98,1.07,2.44,3.05,-0.16,-0.09,0.98
6.5486,2,-0.695,-0.06,-0.04,0.72,282.52,8.32,1.61,-0.03,-0,-0.01,4.09,6.1,-4.43,-13.89,-0.15,0,0.98
6.5496,7,-0.966,-0.12,0.08,-0.22,38.09,-11.9,11.34,0,-0,-0,0,1.07,2.9,2.14,0.21,0.2,0.95
6.5566,4,-0.95,0.04,-0.19,0.24,343.44,20.37,-10.58,-0.11,0.04,0.01,3.96,3.51,-0.46,-16.02,-0.42,-0.26,0.89
6.5586,1,-0.084,-0.13,-0.03,0.99,203.45,15.02,-2.33,-0.05,-0.01,0.01,4.09,-0.46,-0.46,1.22,-0.22,-0.06,0.98
6.6586,0,0.102,-0.07,-0.04,-0.99,205.56,-7.92,3.5,-0.02,-0.02,-0,4.09,-0.46,0.61,-9.77,0.16,0.03,0.99
6.6596,6,0.992,0,-0.12,-0.01,12.5,-13.97,0.74,-0.05,-0,0,3.98,0,2.14,2.14,0.2,0.01,0.98
6.6636,5,-0.874,-0.04,-0.22,-0.43,69.53,20.56,16.14,0.02,0.05,0.02,4.04,-17.55,-21.06,-27.62,-0.39,0.22,0.93
6.6656,3,-0.793,0.1,-0.03,-0.6,87.83,9.36,-6.74,-0.02,0,-0,3.98,3.2,1.53,2.59,-0.17,-0.09,0.98
6.6696,2,-0.692,-0.06,-0.04,0.72,281.97,7.67,1.3,-0.03,-0.02,0.01,4.09,-3.81,-4.88,0.76,-0.15,0,1
6.6716,7,-0.966,-0.12,0.08,-0.22,38.29,-11.75,11.38,-0.02,-0.01,0,0,0.92,2.75,0.61,0.19,0.22,0.96
6.6756,4,-0.946,0.05,-0.2,0.25,342.08,20.34,-11.51,-0.08,0.01,0.04,3.96,-13.28,5.95,-7.48,-0.42,-0.24,0.92
6.6776,1,-0.086,-0.13,-0.03,0.99,203.67,15,-2.35,-0.05,-0.01,0,4.09,-0.31,-0.92,2.59,-0.21,-0.06,0.98
6.7506,0,0.096,-0.07,-0.04,-0.99,204.81,-7.95,3.56,-0.03,-0.04,0.01,4.09,0.61,0,-7.93,0.17,0.02,0.99
6.7516,6,0.993,0,-0.12,-0.01,12.76,-13.72,0.7,-0.05,-0,0,3.98,0,1.83,1.68,0.19,0.01,0.98
6.7566,5,-0.89,-0.03,-0.2,-0.41,65.56,19.7,12.87,-0.01,0.04,0.09,4.04,-5.8,-10.22,-35.55,-0.4,0.21,0.99
6.7586,3,-0.792,0.09,-0.03,-0.6,88.04,9.36,-6.44,-0.03,-0,-0,3.98,0,-0.76,1.98,-0.16,-0.08,0.97
6.7626,2,-0.694,-0.05,-0.04,0.72,282.3,7.43,0.99,0,-0.02,0.01,4.09,-3.81,-2.29,0.61,-0.14,0.02,1
6.7646,7,-0.965,-0.12,0.08,-0.22,38.48,-11.45,11.49,-0.02,0,-0,0,0.31,2.75,1.98,0.18,0.2,0.96
6.7696,4,-0.943,0.06,-0.21,0.25,341.36,21.14,-13.64,-0.03,-0.02,0.03,3.96,-24.26,11.29,-1.37,-0.41,-0.21,0.91
6.7716,1,-0.088,-0.13,-0.03,0.99,203.95,14.88,-2.36,-0.06,-0.01,0.01,4.09,-0.31,-0.31,2.44,-0.2,-0.06,0.98
6.8466,0,0.09,-0.07,-0.04,-0.99,204.16,-7.92,3.64,-0.03,-0.04,0.01,4.09,1.22,1.83,-5.65,0.16,0.02,1
6.8486,6,0.993,0,-0.12,-0.01,12.94,-13.55,0.7,-0.04,-0.01,0,3.98,0,1.53,1.07,0.19,0.02,0.98
6.8536,5,-0.9,-0.02,-0.2,-0.39,62.83,19.81,11.79,-0.02,0.02,0.03,4.04,7.63,3.2,-5.04,-0.38,0.19,0.93
6.8556,7,-0.965,-0.12,0.07,-0.22,38.76,-11.21,11.52,-0.02,-0,-0,0,0.46,2.14,0.76,0.17,0.21,0.96
6.8596,2,-0.697,-0.05,-0.04,0.71,282.74,7.24,0.6,-0.02,-0.01,0.01,4.09,-3.05,-0.92,8.85,-0.14,-0.01,1
6.8616,3,-0.791,0.09,-0.03,-0.6,88.28,9.23,-6.31,-0.05,0.01,0,3.98,0.15,1.07,5.49,-0.17,-0.06,0.97
6.8656,4,-0.94,0.08,-0.22,0.25,341.24,22.06,-15.87,0,-0.03,-0.01,3.96,-19.68,4.58,8.09,-0.38,-0.22,0.89
6.8676,1,-0.091,-0.13,-0.03,0.99,204.31,14.71,-2.28,-0.05,-0,0.01,4.09,-0.46,-0.46,1.22,-0.21,-0.05,0.98
6.9636,0,0.089,-0.06,-0.04,-0.99,204.05,-7.64,3.79,-0.03,-0.03,0,4.09,1.83,2.59,0.15,0.16,0.03,0.99
6.9646,6,0.993,0.01,-0.12,-0.01,13.02,-13.39,0.7,-0.04,-0.01,0,3.98,-0.15,1.07,0,0.19,0.01,0.98
6.9686,5,-0.898,-0.02,-0.2,-0.39,63.26,20.11,12.06,-0.02,-0.01,0,4.04,1.07,5.95,7.93,-0.35,0.22,0.91
6.9706,3,-0.792,0.09,-0.03,-0.6,88.18,8.86,-6.32,-0,-0.01,0,3.98,-2.14,-4.88,3.97,-0.15,-0.1,0.98
6.9746,2,-0.705,-0.05,-0.04,0.71,283.95,7.22,0.23,0,-0,0,4.09,-6.1,0,17.09,-0.13,0.01,0.99
6.9766,7,-0.965,-0.12,0.07,-0.22,38.84,-11.05,11.58,-0.02,-0.01,-0,0,0,1.07,0,0.17,0.22,0.96
6.9796,4,-0.942,0.08,-0.22,0.24,342.65,22.4,-16.55,0.02,-0.03,-0.02,3.96,-6.56,-3.97,13.58,-0.37,-0.22,0.88
6.9816,1,-0.093,-0.12,-0.03,0.99,204.57,14.53,-2.19,-0.05,-0.01,0.01,4.09,0,-0.92,-0.15,-0.21,-0.06,0.99
